review_id,review_text,rating,product_name,product_category,predicted_label,confidence_score
10784229567,Gak sempat foto produknya. Udah abis kepake,5,[Omorfo] OMG OH MY GLAM Lip Series | OMG OH MY GLAM Matte Kiss Lip Cream | Oh My Glam Gloss Lip Finish Vinyl 2.7gr OMG Lip Gloss Lipgloss | Lip Tint | Glassy | OMG Lipcream | OMG Lip tint | OMG Glassy liptint,lip,negative,0.9969
17730160458,"Kemasan:masih tersegel
Efek:pensil alis
Pengalaman Penggunaan:testur lembut",5,[Omorfo] IMPLORA Eyebrow Pencil 2in1 Original BPOM | Pensil Alis Black Brown Dark Brown Grey Brown Plus Rautan Spoolia Brush,makeup,neutral,0.9993
9931165117,Knp ini warna beda dari sebelumx,3,[Omorfo] OMG OH MY GLAM Lip Series | OMG OH MY GLAM Matte Kiss Lip Cream | Oh My Glam Gloss Lip Finish Vinyl 2.7gr OMG Lip Gloss Lipgloss | Lip Tint | Glassy | OMG Lipcream | OMG Lip tint | OMG Glassy liptint,lip,negative,0.9994
12607585554,pengiriman cepat dan warnya juga bagus cocok untuk di ombre,5,[Omorfo] OMG OH MY GLAM Lip Series | OMG OH MY GLAM Matte Kiss Lip Cream | Oh My Glam Gloss Lip Finish Vinyl 2.7gr OMG Lip Gloss Lipgloss | Lip Tint | Glassy | OMG Lipcream | OMG Lip tint | OMG Glassy liptint,lip,positive,0.9996
15509502877,Orderan sedikit lambat diproses penjual,5,[Omorfo] IMPLORA Eyebrow Pencil 2in1 Original BPOM | Pensil Alis Black Brown Dark Brown Grey Brown Plus Rautan Spoolia Brush,makeup,negative,0.9962
29460608321,"Tdk sesuai pesanan , pesan yg kecil datang yg besar",3,[Omorfo] Accessories Kuas Eyebrow pipih | Kuas alis mata | bulu pipih hitam makeup ultra thin Brush makeup bulu sintetis,aksesoris,negative,0.9994
31857318966,"Pesan warna glassylip Burgundy, yg datang malah glassylip spring",4,[Omorfo] OMG OH MY GLAM Lip Series | OMG OH MY GLAM Matte Kiss Lip Cream | Oh My Glam Gloss Lip Finish Vinyl 2.7gr OMG Lip Gloss Lipgloss | Lip Tint | Glassy | OMG Lipcream | OMG Lip tint | OMG Glassy liptint,lip,negative,0.9989
62727671404,"Pengiriman instan gercep pwolll, pesan pagi2 siangnya sdh diantar 👍🏼👍🏼",5,[Omorfo] HADA LABO All Series | HADALABO Gokujyun | ShiroJyun | GokuJyun Alpha | Tamagohada | Face Wash | Lotion | Essence | Toner | Cleansing Oil | Face Mist | Moisturizer Shirojyun,skincare,neutral,0.9988
43563914509,serumnya salah padahal pesannya yang whitening gold bukan glowing white,3,[Omorfo] OMG OH MY GLAM Lip Series | OMG OH MY GLAM Matte Kiss Lip Cream | Oh My Glam Gloss Lip Finish Vinyl 2.7gr OMG Lip Gloss Lipgloss | Lip Tint | Glassy | OMG Lipcream | OMG Lip tint | OMG Glassy liptint,lip,negative,0.9992
77515686019,"Tekstur:cair
Warna:natural",5,[Omorfo] OMG OH MY GLAM Lip Series | OMG OH MY GLAM Matte Kiss Lip Cream | Oh My Glam Gloss Lip Finish Vinyl 2.7gr OMG Lip Gloss Lipgloss | Lip Tint | Glassy | OMG Lipcream | OMG Lip tint | OMG Glassy liptint,lip,negative,0.9991
15855455600,pesanan tidak dikirim,2,[Omorfo] OMG OH MY GLAM Lip Series | OMG OH MY GLAM Matte Kiss Lip Cream | Oh My Glam Gloss Lip Finish Vinyl 2.7gr OMG Lip Gloss Lipgloss | Lip Tint | Glassy | OMG Lipcream | OMG Lip tint | OMG Glassy liptint,lip,negative,0.9994
54803602129,"Produknya bagus, tapi toko gak amanah co bbrp produk tapi ada yg gak di kirim",2,[Omorfo] HADA LABO All Series | HADALABO Gokujyun | ShiroJyun | GokuJyun Alpha | Tamagohada | Face Wash | Lotion | Essence | Toner | Cleansing Oil | Face Mist | Moisturizer Shirojyun,skincare,negative,0.9949
25509780740,"Tekstur:cair
Aroma:wangi
Keaslian:jelas

Ass, suka beli di toko ini karena tokonya fast respon. Terima kasih",5,[Omorfo] MADEO Deodorant Spray (BPOM)  | Penghilang Bau Badan Ampuh | Pemutih Ketiak | Solusi Bau Keringat,deodorant,positive,0.9996
16312454171,Tidak di kirim,1,[Omorfo] MADEO Deodorant Spray (BPOM)  | Penghilang Bau Badan Ampuh | Pemutih Ketiak | Solusi Bau Keringat,deodorant,negative,0.9994
7614737035,"Warna:hitam
Kenyamanan aplikator:belum di coba
Ketahanan:blm tau",4,[Omorfo] IMPLORA Eyebrow Pencil 2in1 Original BPOM | Pensil Alis Black Brown Dark Brown Grey Brown Plus Rautan Spoolia Brush,makeup,negative,0.9989
13537919166,pensil alis tidak sesuai yang datang,4,[Omorfo] IMPLORA Eyebrow Pencil 2in1 Original BPOM | Pensil Alis Black Brown Dark Brown Grey Brown Plus Rautan Spoolia Brush,makeup,negative,0.9994
55084844658,Pelembab dan cleanser ovalnya tdk dikirim,3,[Omorfo] HADA LABO All Series | HADALABO Gokujyun | ShiroJyun | GokuJyun Alpha | Tamagohada | Face Wash | Lotion | Essence | Toner | Cleansing Oil | Face Mist | Moisturizer Shirojyun,skincare,negative,0.9993
16614198568,"Tekstur:bagus
Warna:mantap
Kegunaan:sesuai

Terimakasih seller barangnya sudah diterima, sangat sesuai yang diharapkan. Pelayanannya baik, sellernya super ramah. Saya bakal belanja lagi. Thank you.",5,[Omorfo] IMPLORA Eyebrow Pencil 2in1 Original BPOM | Pensil Alis Black Brown Dark Brown Grey Brown Plus Rautan Spoolia Brush,makeup,positive,0.9996
29857528763,"Tekstur:tekstur cair
Cocok untuk:gaya remaja yang dinamis dan trending
Warna:sesuai ekspektasi dan menarik

Sangat puas dengan belanja di sini. 
Kualitas produk oke, pengiriman cepat. 😍",5,[Omorfo] OMG OH MY GLAM Lip Series | OMG OH MY GLAM Matte Kiss Lip Cream | Oh My Glam Gloss Lip Finish Vinyl 2.7gr OMG Lip Gloss Lipgloss | Lip Tint | Glassy | OMG Lipcream | OMG Lip tint | OMG Glassy liptint,lip,positive,0.9996
15597956180,"Tekstur:lembut ringan
Warna:sangat cantik buat ombre

Sy jatuh cinta sm OMG, lipstikx harum, ringan, lembut. terus tahan lama. 
matte bgt 
bklan order warna lain lagi",5,[Omorfo] OMG OH MY GLAM Lip Series | OMG OH MY GLAM Matte Kiss Lip Cream | Oh My Glam Gloss Lip Finish Vinyl 2.7gr OMG Lip Gloss Lipgloss | Lip Tint | Glassy | OMG Lipcream | OMG Lip tint | OMG Glassy liptint,lip,positive,0.9996
27632200785,"Tekstur:ok
Kegunaan:ok
Keaslian:ok

Bagus banget, sesuai gambar dan nyaman banget dan lembut",5,[Omorfo] Accessories Kuas Eyebrow pipih | Kuas alis mata | bulu pipih hitam makeup ultra thin Brush makeup bulu sintetis,aksesoris,positive,0.9996
30364636481,"Hada labo the best. Selalu suka sama produknya, yg ini lembut gk bikin muka kering",5,[Omorfo] HADA LABO All Series | HADALABO Gokujyun | ShiroJyun | GokuJyun Alpha | Tamagohada | Face Wash | Lotion | Essence | Toner | Cleansing Oil | Face Mist | Moisturizer Shirojyun,skincare,positive,0.9996
11581820449,"Profil Kecantikan:bagus

Pesanx 2 wrna bumble 1,ekspreso 1 .tpi yg datang malah wrna bumble smua,untung ada teman yg mau listip x juga klw ngk Sy ajukan pengembalian",4,[Omorfo] OMG OH MY GLAM Lip Series | OMG OH MY GLAM Matte Kiss Lip Cream | Oh My Glam Gloss Lip Finish Vinyl 2.7gr OMG Lip Gloss Lipgloss | Lip Tint | Glassy | OMG Lipcream | OMG Lip tint | OMG Glassy liptint,lip,negative,0.9956
7736149497,"Paket sudah sampai, pengiriman juga cepat sampainya.....",4,[Omorfo] IMPLORA Eyebrow Pencil 2in1 Original BPOM | Pensil Alis Black Brown Dark Brown Grey Brown Plus Rautan Spoolia Brush,makeup,positive,0.9996
52227695372,Pelayanan buruk,1,[Omorfo] OMG OH MY GLAM Lip Series | OMG OH MY GLAM Matte Kiss Lip Cream | Oh My Glam Gloss Lip Finish Vinyl 2.7gr OMG Lip Gloss Lipgloss | Lip Tint | Glassy | OMG Lipcream | OMG Lip tint | OMG Glassy liptint,lip,negative,0.9995
11380520926,Masih tersegel barangnya ya kak. Blm aku pke masih ada ssoalnya,5,[Omorfo] IMPLORA Eyebrow Pencil 2in1 Original BPOM | Pensil Alis Black Brown Dark Brown Grey Brown Plus Rautan Spoolia Brush,makeup,negative,0.9955
16423428798,Produknya udah sesuai TAPI pengiriman nya lama banget untuk yg 1 kota yang biasanya pesan hari ini besok dah sampai,1,[Omorfo] HADA LABO All Series | HADALABO Gokujyun | ShiroJyun | GokuJyun Alpha | Tamagohada | Face Wash | Lotion | Essence | Toner | Cleansing Oil | Face Mist | Moisturizer Shirojyun,skincare,negative,0.9978
16370129046,Produknya habis jadi nggak ada yg dikirim,3,[Omorfo] HADA LABO All Series | HADALABO Gokujyun | ShiroJyun | GokuJyun Alpha | Tamagohada | Face Wash | Lotion | Essence | Toner | Cleansing Oil | Face Mist | Moisturizer Shirojyun,skincare,negative,0.9991
16189129552,Kapok beli di toko ini,1,[Omorfo] HADA LABO All Series | HADALABO Gokujyun | ShiroJyun | GokuJyun Alpha | Tamagohada | Face Wash | Lotion | Essence | Toner | Cleansing Oil | Face Mist | Moisturizer Shirojyun,skincare,negative,0.9994
16895233274,"Tekstur:ga sesuai
Keaslian:ga sesuai

Yang dioesan kain yg datang juga lainn, yg dioesan moustutizer yg datang malah face wash",1,[Omorfo] HADA LABO All Series | HADALABO Gokujyun | ShiroJyun | GokuJyun Alpha | Tamagohada | Face Wash | Lotion | Essence | Toner | Cleansing Oil | Face Mist | Moisturizer Shirojyun,skincare,negative,0.9993
12931795963,"Kurang matte di bibir,pecah2",3,[Omorfo] OMG OH MY GLAM Lip Series | OMG OH MY GLAM Matte Kiss Lip Cream | Oh My Glam Gloss Lip Finish Vinyl 2.7gr OMG Lip Gloss Lipgloss | Lip Tint | Glassy | OMG Lipcream | OMG Lip tint | OMG Glassy liptint,lip,negative,0.9992
15849361292,"Barang kurang tpi di ganti pembayarnnya, agak lama dtngnya sih",5,[Omorfo] IMPLORA Eyebrow Pencil 2in1 Original BPOM | Pensil Alis Black Brown Dark Brown Grey Brown Plus Rautan Spoolia Brush,makeup,negative,0.9988
32267399188,wkwkw demiallah ga dikirim semuaa,1,[Omorfo] OMG OH MY GLAM Lip Series | OMG OH MY GLAM Matte Kiss Lip Cream | Oh My Glam Gloss Lip Finish Vinyl 2.7gr OMG Lip Gloss Lipgloss | Lip Tint | Glassy | OMG Lipcream | OMG Lip tint | OMG Glassy liptint,lip,negative,0.9988
7608803990,"Warna:Dua warna Sama ,10 shell,

Pesanan sudah diterima,  tapi sayang😠 kita pesan 2 dikirim, malah dikirim 1,😡 ,, tokoh ini tidak amanah",2,[Omorfo] OMG OH MY GLAM Lip Series | OMG OH MY GLAM Matte Kiss Lip Cream | Oh My Glam Gloss Lip Finish Vinyl 2.7gr OMG Lip Gloss Lipgloss | Lip Tint | Glassy | OMG Lipcream | OMG Lip tint | OMG Glassy liptint,lip,negative,0.9994
29761082774,sudah langganan belii facial wash hada labo ini disini! thankyou seller!,5,[Omorfo] HADA LABO All Series | HADALABO Gokujyun | ShiroJyun | GokuJyun Alpha | Tamagohada | Face Wash | Lotion | Essence | Toner | Cleansing Oil | Face Mist | Moisturizer Shirojyun,skincare,positive,0.9996
15496201320,yang dipesan lain yang dtg juga lain!mana dtgnya lewat dri tgl estimasi smpainya,4,[Omorfo] Accessories Kuas Eyebrow pipih | Kuas alis mata | bulu pipih hitam makeup ultra thin Brush makeup bulu sintetis,aksesoris,negative,0.9985
16310632592,"Barang sih ok ok aja,tapi sayang pengiriman nya lamaaa bangetttttttt,seller nya juga gak ramah..",3,[Omorfo] MADEO Deodorant Spray (BPOM)  | Penghilang Bau Badan Ampuh | Pemutih Ketiak | Solusi Bau Keringat,deodorant,negative,0.9978
15372364170,pesan instan 2 jam dari kemarin jam setengah tiga tapi diantar baru hari in,3,[Omorfo] IMPLORA Eyebrow Pencil 2in1 Original BPOM | Pensil Alis Black Brown Dark Brown Grey Brown Plus Rautan Spoolia Brush,makeup,neutral,0.9997
29952376107,"Ini cocok bangett untuk pemula yang baru belajar ngalis guyss, sangat recommended pokoknyaa.",5,[Omorfo] IMPLORA Eyebrow Pencil 2in1 Original BPOM | Pensil Alis Black Brown Dark Brown Grey Brown Plus Rautan Spoolia Brush,makeup,positive,0.9996
33562947256,make over b11 new rules dupenya OMG no 15 experesso,5,[Omorfo] OMG OH MY GLAM Lip Series | OMG OH MY GLAM Matte Kiss Lip Cream | Oh My Glam Gloss Lip Finish Vinyl 2.7gr OMG Lip Gloss Lipgloss | Lip Tint | Glassy | OMG Lipcream | OMG Lip tint | OMG Glassy liptint,lip,neutral,0.9993
16934553497,"Anda bisa membatalkan langganan YouTube Premium kapan saja, tergantung cara Anda berlangganan:
Jika Anda berlangganan melalui Apple Store atau Google Play Store, Anda perlu mengakses akun toko Anda untuk menonaktifkannya.
Jika Anda berlangganan",5,[Omorfo] OMG OH MY GLAM Lip Series | OMG OH MY GLAM Matte Kiss Lip Cream | Oh My Glam Gloss Lip Finish Vinyl 2.7gr OMG Lip Gloss Lipgloss | Lip Tint | Glassy | OMG Lipcream | OMG Lip tint | OMG Glassy liptint,lip,neutral,0.9996
19671682035,"Yg dipesan apa, yg dtg apa, tdk lagi mau belanja disini, sbnarnya tdk mau terima, tpi malas tukarnya, tidak rekom dan tdk amanah, yg dipesan harga 25k, yg dtg harga 15k, hahaha iyuh👎👎",1,[Omorfo] MADEO Deodorant Spray (BPOM)  | Penghilang Bau Badan Ampuh | Pemutih Ketiak | Solusi Bau Keringat,deodorant,negative,0.9994
25838761535,Udah habis berapa botol. Awet bisa buat 2 bulanan. Toko udah andalan banget. Thankyou seller. Luvvv💕,5,[Omorfo] MADEO Deodorant Spray (BPOM)  | Penghilang Bau Badan Ampuh | Pemutih Ketiak | Solusi Bau Keringat,deodorant,positive,0.9996
42086015030,"Tekstur:gk dikirim

gk dikirim semua.udh cht katanya mo kebaliin dana tapi gk dibalin pftt
alesan doang banyak .duit segitu kalau gamau balikin bilang aja",5,[Omorfo] IMPLORA Eyebrow Pencil 2in1 Original BPOM | Pensil Alis Black Brown Dark Brown Grey Brown Plus Rautan Spoolia Brush,makeup,negative,0.9993
72400912318,gimna sihh aku pesan yng besar malah yng datang kecil semuaaaa,1,[Omorfo] Accessories Kuas Eyebrow pipih | Kuas alis mata | bulu pipih hitam makeup ultra thin Brush makeup bulu sintetis,aksesoris,negative,0.9976
33552799588,"Pesan kuas buat alis, yg datang malah kuas masker",1,[Omorfo] Accessories Kuas Eyebrow pipih | Kuas alis mata | bulu pipih hitam makeup ultra thin Brush makeup bulu sintetis,aksesoris,negative,0.9985
31766449856,UANG SAYA TIDAK DIKEMBALIKAN SEPESER PUN PADAHAL SUDAH DIARAHKAN AKAN DIKIRIMKAN DIDALAM PAKET TAPI TIDAK ADA SAYA SUDAH CHAT ADMIN TAPI BALASANNYA SEAKAN TIDAK MAU MENGEMBALIKAN,1,[Omorfo] OMG OH MY GLAM Lip Series | OMG OH MY GLAM Matte Kiss Lip Cream | Oh My Glam Gloss Lip Finish Vinyl 2.7gr OMG Lip Gloss Lipgloss | Lip Tint | Glassy | OMG Lipcream | OMG Lip tint | OMG Glassy liptint,lip,negative,0.9993
9861596305,Pesanan aman cuman salah kirim shade. Aku pesan yg darkbrown tpi yg dikrim soft brown,4,[Omorfo] IMPLORA Eyebrow Pencil 2in1 Original BPOM | Pensil Alis Black Brown Dark Brown Grey Brown Plus Rautan Spoolia Brush,makeup,negative,0.9993
13668638871,saya pesannya gokujyun tapi yang dikirim shirojyun😌,1,[Omorfo] HADA LABO All Series | HADALABO Gokujyun | ShiroJyun | GokuJyun Alpha | Tamagohada | Face Wash | Lotion | Essence | Toner | Cleansing Oil | Face Mist | Moisturizer Shirojyun,skincare,negative,0.9977
31219575659,"bagus barangnya, murah lg hrgnya.. rapi packing nya.. thanks seller 👍",5,[Omorfo] IMPLORA Eyebrow Pencil 2in1 Original BPOM | Pensil Alis Black Brown Dark Brown Grey Brown Plus Rautan Spoolia Brush,makeup,positive,0.9996
13728702962,"Sangat cantik dan pengiriman cepat,pekingan nya juga sangat bagus rapih dan kokoh jadi kita Tdak takut lipstiknya pecah soalnya sangat kuat",5,[Omorfo] OMG OH MY GLAM Lip Series | OMG OH MY GLAM Matte Kiss Lip Cream | Oh My Glam Gloss Lip Finish Vinyl 2.7gr OMG Lip Gloss Lipgloss | Lip Tint | Glassy | OMG Lipcream | OMG Lip tint | OMG Glassy liptint,lip,positive,0.9996
96057194776,saya pesan dua lem kuku yang dikirim malah satu,1,[Omorfo] IMPLORA Eyebrow Pencil 2in1 Original BPOM | Pensil Alis Black Brown Dark Brown Grey Brown Plus Rautan Spoolia Brush,makeup,negative,0.9994
38498583414,"barang tidak datang, uang sudah di refund terima kasih",5,[Omorfo] OMG OH MY GLAM Lip Series | OMG OH MY GLAM Matte Kiss Lip Cream | Oh My Glam Gloss Lip Finish Vinyl 2.7gr OMG Lip Gloss Lipgloss | Lip Tint | Glassy | OMG Lipcream | OMG Lip tint | OMG Glassy liptint,lip,negative,0.999
36153427519,"Tekstur:padat dan lembut
Warna:hitam pekat
Kegunaan:mempertajam alis

Sangat puas dengan pensil alis implora. Warnanya terang dan ngga gampang hilang. Harganya juga murah. Komplit ada peraut dan sisir alisnya juga buat ngeratain warna pensil alisnya",5,[Omorfo] IMPLORA Eyebrow Pencil 2in1 Original BPOM | Pensil Alis Black Brown Dark Brown Grey Brown Plus Rautan Spoolia Brush,makeup,positive,0.9996
45993928379,Pesan 3produk yg dkirim cuma 2 barang seharusnya konfir dlu,2,[Omorfo] IMPLORA Eyebrow Pencil 2in1 Original BPOM | Pensil Alis Black Brown Dark Brown Grey Brown Plus Rautan Spoolia Brush,makeup,negative,0.9985
7867859145,Packet NY sdh d Terima .. Pesanan nya juga sesuai semua nya.. Makasih seller Dan shoppe,5,[Omorfo] OMG OH MY GLAM Lip Series | OMG OH MY GLAM Matte Kiss Lip Cream | Oh My Glam Gloss Lip Finish Vinyl 2.7gr OMG Lip Gloss Lipgloss | Lip Tint | Glassy | OMG Lipcream | OMG Lip tint | OMG Glassy liptint,lip,positive,0.9996
13663224178,tolong cek dengan benar pesanannya yah. soalnya saya pesan hadalabo shirojyun yang datang malah gokujyun. saya harap bisa dijadikan pelajaran untuk teliti,2,[Omorfo] HADA LABO All Series | HADALABO Gokujyun | ShiroJyun | GokuJyun Alpha | Tamagohada | Face Wash | Lotion | Essence | Toner | Cleansing Oil | Face Mist | Moisturizer Shirojyun,skincare,negative,0.9978
8626592858,"ini bagus bangett, aku sukaa huhuuu recomended to buy dehh!!",5,[Omorfo] OMG OH MY GLAM Lip Series | OMG OH MY GLAM Matte Kiss Lip Cream | Oh My Glam Gloss Lip Finish Vinyl 2.7gr OMG Lip Gloss Lipgloss | Lip Tint | Glassy | OMG Lipcream | OMG Lip tint | OMG Glassy liptint,lip,positive,0.9996
63419379614,"emang udah paling bener di omorfo, pengirimannya cepat, tokonya amanah, barang datang dengan aman terlebih lagi murce",5,[Omorfo] MADEO Deodorant Spray (BPOM)  | Penghilang Bau Badan Ampuh | Pemutih Ketiak | Solusi Bau Keringat,deodorant,positive,0.9996
16914725388,Tekstur:tidak ada barangnya,1,[Omorfo] MADEO Deodorant Spray (BPOM)  | Penghilang Bau Badan Ampuh | Pemutih Ketiak | Solusi Bau Keringat,deodorant,negative,0.9993
3116781085,Pesanan lengkap. Semua barangnya good 😍😍😍😍 thank you seller,5,[Omorfo] IMPLORA Eyebrow Pencil 2in1 Original BPOM | Pensil Alis Black Brown Dark Brown Grey Brown Plus Rautan Spoolia Brush,makeup,positive,0.9996
11102157185,"Paket saya sudah sampai, cepet banget, co hari ini, bsknya sampai, thx seller",5,[Omorfo] OMG OH MY GLAM Lip Series | OMG OH MY GLAM Matte Kiss Lip Cream | Oh My Glam Gloss Lip Finish Vinyl 2.7gr OMG Lip Gloss Lipgloss | Lip Tint | Glassy | OMG Lipcream | OMG Lip tint | OMG Glassy liptint,lip,positive,0.9996
16516844220,"barang yang datang tidak sesuai, sudah hubungi admin melalui chat & whatsapp namun belum digubris hingga saat ini",1,[Omorfo] HADA LABO All Series | HADALABO Gokujyun | ShiroJyun | GokuJyun Alpha | Tamagohada | Face Wash | Lotion | Essence | Toner | Cleansing Oil | Face Mist | Moisturizer Shirojyun,skincare,negative,0.9991
77224484490,"Keras bgt produknya ga seperti biasanya, ini pertama kli beli keras smpe susah bgt kluar dri wadahnya",2,[Omorfo] HADA LABO All Series | HADALABO Gokujyun | ShiroJyun | GokuJyun Alpha | Tamagohada | Face Wash | Lotion | Essence | Toner | Cleansing Oil | Face Mist | Moisturizer Shirojyun,skincare,negative,0.9991
16689195567,"Tekstur:cair
Cocok untuk:oily skin
Keaslian:asli

terimakasih ya omorfo, aku suka belanja disini",5,[Omorfo] HADA LABO All Series | HADALABO Gokujyun | ShiroJyun | GokuJyun Alpha | Tamagohada | Face Wash | Lotion | Essence | Toner | Cleansing Oil | Face Mist | Moisturizer Shirojyun,skincare,positive,0.9996
61231328301,"salah satu pensil alis yang memiliki warna hitam pekat ketika di aplikasikan, namun memang tidak tahan ketika terkena air walaupun tidak seluruh warnanya pudar",5,[Omorfo] IMPLORA Eyebrow Pencil 2in1 Original BPOM | Pensil Alis Black Brown Dark Brown Grey Brown Plus Rautan Spoolia Brush,makeup,negative,0.9986
15451139970,"Tekstur:creamy
Warna:hitam
Kegunaan:pensil alis

Langsung CO 4 dapat harga 17rb...
👍👍👍",5,[Omorfo] IMPLORA Eyebrow Pencil 2in1 Original BPOM | Pensil Alis Black Brown Dark Brown Grey Brown Plus Rautan Spoolia Brush,makeup,neutral,0.9984
75316389071,"kalo bisa jangan pake lakban coklat ya kak, karna nempel sisa lakbannya warna coklat",5,[Omorfo] HADA LABO All Series | HADALABO Gokujyun | ShiroJyun | GokuJyun Alpha | Tamagohada | Face Wash | Lotion | Essence | Toner | Cleansing Oil | Face Mist | Moisturizer Shirojyun,skincare,negative,0.9985
27953012000,"Selalu saja paket sy di kirim di malam hari. Jam tidur kyrir tlp2.. Payment dari siang, paket di kirim di malam hari. Tolonh perbaiki cara kerja anda.",4,[Omorfo] MADEO Deodorant Spray (BPOM)  | Penghilang Bau Badan Ampuh | Pemutih Ketiak | Solusi Bau Keringat,deodorant,negative,0.9991
44899713573,"Tekstur:12 Scarlett

Suka skli, sudah langganan juga di toko ini 🥰",5,[Omorfo] OMG OH MY GLAM Lip Series | OMG OH MY GLAM Matte Kiss Lip Cream | Oh My Glam Gloss Lip Finish Vinyl 2.7gr OMG Lip Gloss Lipgloss | Lip Tint | Glassy | OMG Lipcream | OMG Lip tint | OMG Glassy liptint,lip,positive,0.9996
87999840895,"Tekstur:padat
Warna:hitam
Kegunaan:asli",5,[Omorfo] IMPLORA Eyebrow Pencil 2in1 Original BPOM | Pensil Alis Black Brown Dark Brown Grey Brown Plus Rautan Spoolia Brush,makeup,negative,0.9981
12366366293,"Hasil cekout ke sekian kali dan selalu puas dengan pelayanannya, packing rapi dan aman. Terimakasih",5,[Omorfo] IMPLORA Eyebrow Pencil 2in1 Original BPOM | Pensil Alis Black Brown Dark Brown Grey Brown Plus Rautan Spoolia Brush,makeup,positive,0.9996
15434817140,Barangnya kosong tp dipilihan produk ada🤧🤧,3,[Omorfo] OMG OH MY GLAM Lip Series | OMG OH MY GLAM Matte Kiss Lip Cream | Oh My Glam Gloss Lip Finish Vinyl 2.7gr OMG Lip Gloss Lipgloss | Lip Tint | Glassy | OMG Lipcream | OMG Lip tint | OMG Glassy liptint,lip,negative,0.9991
16526223271,kecewa bngt pesan 2 di kirim 1 produk adminnya di cht tdk na respon ki weee dri kemarin saya konfirmasi tpi tdk di respon sama sekali,1,[Omorfo] MADEO Deodorant Spray (BPOM)  | Penghilang Bau Badan Ampuh | Pemutih Ketiak | Solusi Bau Keringat,deodorant,negative,0.9993
35019276388,Pesan suncreen implora dtngnya hansui,2,[Omorfo] Accessories Kuas Eyebrow pipih | Kuas alis mata | bulu pipih hitam makeup ultra thin Brush makeup bulu sintetis,aksesoris,neutral,0.9997
15756416537,sangat cocok digunakan untuk membentuk alis dan teksturnya sangat lembut dan nyaman,5,[Omorfo] IMPLORA Eyebrow Pencil 2in1 Original BPOM | Pensil Alis Black Brown Dark Brown Grey Brown Plus Rautan Spoolia Brush,makeup,positive,0.9996
70223997493,"Tidak sesuai, yang di kirim kosong tidak ada bedaknya",1,[Omorfo] Accessories Kuas Eyebrow pipih | Kuas alis mata | bulu pipih hitam makeup ultra thin Brush makeup bulu sintetis,aksesoris,negative,0.9994
47806255347,"Tekstur:sangat lembut dan wangi
Warna:sangat bagus dan sesuai dengan gambar
Cocok untuk:orang dewasa",5,[Omorfo] OMG OH MY GLAM Lip Series | OMG OH MY GLAM Matte Kiss Lip Cream | Oh My Glam Gloss Lip Finish Vinyl 2.7gr OMG Lip Gloss Lipgloss | Lip Tint | Glassy | OMG Lipcream | OMG Lip tint | OMG Glassy liptint,lip,positive,0.9996
11714950696,lain kali klw pesan d perhatikan biar pgriman tdk salah kadang btl yg d krm kadang tdk seauai yg dtng,5,[Omorfo] OMG OH MY GLAM Lip Series | OMG OH MY GLAM Matte Kiss Lip Cream | Oh My Glam Gloss Lip Finish Vinyl 2.7gr OMG Lip Gloss Lipgloss | Lip Tint | Glassy | OMG Lipcream | OMG Lip tint | OMG Glassy liptint,lip,negative,0.9979
6068666664,Minta wrna hitam dikirim silver🤦 seller gak respon,1,[Omorfo] IMPLORA Eyebrow Pencil 2in1 Original BPOM | Pensil Alis Black Brown Dark Brown Grey Brown Plus Rautan Spoolia Brush,makeup,negative,0.9993
16051235506,"Pesanan yg dikirim tidak sesuai , slow respon !",1,[Omorfo] IMPLORA Eyebrow Pencil 2in1 Original BPOM | Pensil Alis Black Brown Dark Brown Grey Brown Plus Rautan Spoolia Brush,makeup,negative,0.9994
16914598018,Kurang tahan lama sih menurutku,4,[Omorfo] MADEO Deodorant Spray (BPOM)  | Penghilang Bau Badan Ampuh | Pemutih Ketiak | Solusi Bau Keringat,deodorant,negative,0.9991
12136891123,"Efek:alis jadi chantiqq. Suka bgt deh!!
Kemasan:good as always
Profil Kecantikan:good for all skin tone.",5,[Omorfo] IMPLORA Eyebrow Pencil 2in1 Original BPOM | Pensil Alis Black Brown Dark Brown Grey Brown Plus Rautan Spoolia Brush,makeup,positive,0.9996
16033817291,"Bagus, original, pengiriman cepat, murah, banyak promo, gratis ongkir",5,[Omorfo] OMG OH MY GLAM Lip Series | OMG OH MY GLAM Matte Kiss Lip Cream | Oh My Glam Gloss Lip Finish Vinyl 2.7gr OMG Lip Gloss Lipgloss | Lip Tint | Glassy | OMG Lipcream | OMG Lip tint | OMG Glassy liptint,lip,positive,0.9996
16561969511,Tidak lengkap tdk ada ikat rambutnya,3,[Omorfo] OMG OH MY GLAM Lip Series | OMG OH MY GLAM Matte Kiss Lip Cream | Oh My Glam Gloss Lip Finish Vinyl 2.7gr OMG Lip Gloss Lipgloss | Lip Tint | Glassy | OMG Lipcream | OMG Lip tint | OMG Glassy liptint,lip,negative,0.9993
16228610822,Barang yang dikirim kurang.. saran saja sama dengan orang yg ingin beli disini.. kalau beli online apalagi di toko ini jangan lupa untuk video unboxing,1,[Omorfo] MADEO Deodorant Spray (BPOM)  | Penghilang Bau Badan Ampuh | Pemutih Ketiak | Solusi Bau Keringat,deodorant,negative,0.9982
11413263607,Pensil alisnya kurang 1,3,[Omorfo] IMPLORA Eyebrow Pencil 2in1 Original BPOM | Pensil Alis Black Brown Dark Brown Grey Brown Plus Rautan Spoolia Brush,makeup,negative,0.9983
42089307118,"Pesen hadalabo kosong, terus disuruh ganti, ganti Himalaya kosong lagi, bukan masalah uangnya diganti kak, tp tolong produk dicek stoknya.",1,[Omorfo] HADA LABO All Series | HADALABO Gokujyun | ShiroJyun | GokuJyun Alpha | Tamagohada | Face Wash | Lotion | Essence | Toner | Cleansing Oil | Face Mist | Moisturizer Shirojyun,skincare,negative,0.999
16902544454,"Tekstur:nyaman
Aroma:menyegarkan
Keaslian:ori

Pokokx produk ini sangat bagus, nyaman di pakai, n tahan lama,teksturx juga lembut ,mudah di pakai",4,[Omorfo] MADEO Deodorant Spray (BPOM)  | Penghilang Bau Badan Ampuh | Pemutih Ketiak | Solusi Bau Keringat,deodorant,positive,0.9996
36212369368,Ga amanah!!,3,[Omorfo] OMG OH MY GLAM Lip Series | OMG OH MY GLAM Matte Kiss Lip Cream | Oh My Glam Gloss Lip Finish Vinyl 2.7gr OMG Lip Gloss Lipgloss | Lip Tint | Glassy | OMG Lipcream | OMG Lip tint | OMG Glassy liptint,lip,negative,0.9994
12326995237,"Barang aman, packingnya juga rapi pake dus, pesanan lenkap thanks😇",5,[Omorfo] IMPLORA Eyebrow Pencil 2in1 Original BPOM | Pensil Alis Black Brown Dark Brown Grey Brown Plus Rautan Spoolia Brush,makeup,positive,0.9996
10071602708,"Pengiriman cepat, pengemasan juga bagus. Lengkap. Makasih",5,[Omorfo] OMG OH MY GLAM Lip Series | OMG OH MY GLAM Matte Kiss Lip Cream | Oh My Glam Gloss Lip Finish Vinyl 2.7gr OMG Lip Gloss Lipgloss | Lip Tint | Glassy | OMG Lipcream | OMG Lip tint | OMG Glassy liptint,lip,positive,0.9996
18389673065,"Tekstur:nyaman dan halus
Kegunaan:sangat cocok untuk membentuk alis
Keaslian:terjamin keasliannya

Pengiriman sangat cepat, packing barang Sangat aman, barang sesuai yang digambar. Sangat recommended deh😍😍😍😍😍",5,[Omorfo] Accessories Kuas Eyebrow pipih | Kuas alis mata | bulu pipih hitam makeup ultra thin Brush makeup bulu sintetis,aksesoris,positive,0.9996
17695537569,"Kecewa sih, pertama kali beli di toko ini sudah begini, tidak sesuai keinginan . Saya pesan sabun batang 3 tidak ada di kirim. Pensil alisnya saya minta yang warna hitam mala di kirim warna lain. 😔 Klo begini 1 kali kita beli nantinya tdk mau beli di tokoh ini
. tokohnya tdk amanah , tidak berkah Klo begini😖 harganya tdk seberapa sih tapi kan saya sudah beli. Baru barangnya tdk ada 😔",1,[Omorfo] IMPLORA Eyebrow Pencil 2in1 Original BPOM | Pensil Alis Black Brown Dark Brown Grey Brown Plus Rautan Spoolia Brush,makeup,negative,0.9994
13811226610,Adminnya di chat ga respon* padahal mau tanya soal produknya aja wkwk ga good bgt. Hadalabo face wash disini beda teksturnya yg bisanya saya pake teksturnya creamy tapi hadalabo disini bertekstur dan ada bulir*nya terus padat bikin mukaku kusam. Saya komplain di chat bertanya tapi adminnya slow ress bgt.,1,[Omorfo] HADA LABO All Series | HADALABO Gokujyun | ShiroJyun | GokuJyun Alpha | Tamagohada | Face Wash | Lotion | Essence | Toner | Cleansing Oil | Face Mist | Moisturizer Shirojyun,skincare,negative,0.9992
12868444339,"Packaging bagus, barang aman, cepat sampai, kurirnya sopan banget.",5,[Omorfo] OMG OH MY GLAM Lip Series | OMG OH MY GLAM Matte Kiss Lip Cream | Oh My Glam Gloss Lip Finish Vinyl 2.7gr OMG Lip Gloss Lipgloss | Lip Tint | Glassy | OMG Lipcream | OMG Lip tint | OMG Glassy liptint,lip,positive,0.9996
41180657321,yeay udah sampe cepet soalnya satu pulau se-provinsi ! packingnya aman BANGET. produknya aman jugaa. dan yeay untung kuasnya dapet warna pink<3 facewashnya kalo cocok bakal pesen terus disinii. thankyouuu kak! ♡,5,[Omorfo] HADA LABO All Series | HADALABO Gokujyun | ShiroJyun | GokuJyun Alpha | Tamagohada | Face Wash | Lotion | Essence | Toner | Cleansing Oil | Face Mist | Moisturizer Shirojyun,skincare,positive,0.9996
19341979199,Sy pesan nmr 25 yg datang nmr 27,4,[Omorfo] OMG OH MY GLAM Lip Series | OMG OH MY GLAM Matte Kiss Lip Cream | Oh My Glam Gloss Lip Finish Vinyl 2.7gr OMG Lip Gloss Lipgloss | Lip Tint | Glassy | OMG Lipcream | OMG Lip tint | OMG Glassy liptint,lip,negative,0.999
13528826046,"Performa:adminnya slow respon banget banget bangettt, chat ga di bales berhari hari dan tiba tiba nginfoin kalo beberapa shade kosong jadi mau ganti shade. Bad lah buat pelayanannya, untuk pengiriman lumayan cepat",3,[Omorfo] IMPLORA Eyebrow Pencil 2in1 Original BPOM | Pensil Alis Black Brown Dark Brown Grey Brown Plus Rautan Spoolia Brush,makeup,negative,0.997
17333078598,Warna:maroon,5,[Omorfo] OMG OH MY GLAM Lip Series | OMG OH MY GLAM Matte Kiss Lip Cream | Oh My Glam Gloss Lip Finish Vinyl 2.7gr OMG Lip Gloss Lipgloss | Lip Tint | Glassy | OMG Lipcream | OMG Lip tint | OMG Glassy liptint,lip,negative,0.9979
72555501178,Pesannya kuas tipi besar tp yg dikirim kuas tipis kecil. Lain kali d perhatikan barangnya sblum d kirim.,3,[Omorfo] Accessories Kuas Eyebrow pipih | Kuas alis mata | bulu pipih hitam makeup ultra thin Brush makeup bulu sintetis,aksesoris,negative,0.9992
49824790442,"bagus, murah, awet, sesuai, ramah kantong, pengiriman cepet",5,[Omorfo] OMG OH MY GLAM Lip Series | OMG OH MY GLAM Matte Kiss Lip Cream | Oh My Glam Gloss Lip Finish Vinyl 2.7gr OMG Lip Gloss Lipgloss | Lip Tint | Glassy | OMG Lipcream | OMG Lip tint | OMG Glassy liptint,lip,positive,0.9996
6585076259,Ketahanan:belum coba,5,[Omorfo] IMPLORA Eyebrow Pencil 2in1 Original BPOM | Pensil Alis Black Brown Dark Brown Grey Brown Plus Rautan Spoolia Brush,makeup,negative,0.9978
8026769336,"Tekstur:ringan
Warna:capek banget

pengirimannya cepat wrna juga capek banget",5,[Omorfo] OMG OH MY GLAM Lip Series | OMG OH MY GLAM Matte Kiss Lip Cream | Oh My Glam Gloss Lip Finish Vinyl 2.7gr OMG Lip Gloss Lipgloss | Lip Tint | Glassy | OMG Lipcream | OMG Lip tint | OMG Glassy liptint,lip,negative,0.999
70225034454,ternyata warna aslinya gelap ya ga sama dengan yang di gambar huhu,4,[Omorfo] OMG OH MY GLAM Lip Series | OMG OH MY GLAM Matte Kiss Lip Cream | Oh My Glam Gloss Lip Finish Vinyl 2.7gr OMG Lip Gloss Lipgloss | Lip Tint | Glassy | OMG Lipcream | OMG Lip tint | OMG Glassy liptint,lip,negative,0.9994
13019836496,Emang bole seimut ini ????😍😍😍,5,[Omorfo] Accessories Kuas Eyebrow pipih | Kuas alis mata | bulu pipih hitam makeup ultra thin Brush makeup bulu sintetis,aksesoris,negative,0.9992
14297990511,"rusak, lebih teliti lagi lain kali",1,[Omorfo] Accessories Kuas Eyebrow pipih | Kuas alis mata | bulu pipih hitam makeup ultra thin Brush makeup bulu sintetis,aksesoris,negative,0.9993
9332802212,"SANGAT KECEWA. PESAN IMPLORA, YANG DATANG XIU XIU",1,[Omorfo] IMPLORA Eyebrow Pencil 2in1 Original BPOM | Pensil Alis Black Brown Dark Brown Grey Brown Plus Rautan Spoolia Brush,makeup,negative,0.9995
39685932115,menurut ku kuas yg kecil terlalu letoy gitu kalo buat alis sih terus yg kuas besar terlalu tebel juga kalo buat alis,5,[Omorfo] Accessories Kuas Eyebrow pipih | Kuas alis mata | bulu pipih hitam makeup ultra thin Brush makeup bulu sintetis,aksesoris,negative,0.9983
6283806658,"Warna:bgs bgt. 
Kenyamanan aplikator:mudah
Ketahanan:tahan

Cantik bgt warnanya,suka.",5,[Omorfo] IMPLORA Eyebrow Pencil 2in1 Original BPOM | Pensil Alis Black Brown Dark Brown Grey Brown Plus Rautan Spoolia Brush,makeup,positive,0.9996
15993413190,"Pesanannya sudah sampai, pilih lip cream hanasui yang nomor 04 , sama yang seri bobba nomor 01.semoga bagus dan cocok dibibir.pengiriman lumayan.ngga terlalu cepat juga.karna tokonya ada du makassar,makasih",4,[Omorfo] Accessories Kuas Eyebrow pipih | Kuas alis mata | bulu pipih hitam makeup ultra thin Brush makeup bulu sintetis,aksesoris,positive,0.9996
21347873330,Pesanya madeo yg datang haideo🙂‍↔️,4,[Omorfo] MADEO Deodorant Spray (BPOM)  | Penghilang Bau Badan Ampuh | Pemutih Ketiak | Solusi Bau Keringat,deodorant,negative,0.9986
16050380971,Cocok untuk:listifnya TDK sesuai,1,[Omorfo] OMG OH MY GLAM Lip Series | OMG OH MY GLAM Matte Kiss Lip Cream | Oh My Glam Gloss Lip Finish Vinyl 2.7gr OMG Lip Gloss Lipgloss | Lip Tint | Glassy | OMG Lipcream | OMG Lip tint | OMG Glassy liptint,lip,negative,0.999
10906566498,"pengiriman cepat, packing rapi
sedikit kecewa karena pesan 3 softbrow shade darkbrown tp dikirim 3 shade darkbrown yg biasa :(",4,[Omorfo] IMPLORA Eyebrow Pencil 2in1 Original BPOM | Pensil Alis Black Brown Dark Brown Grey Brown Plus Rautan Spoolia Brush,makeup,negative,0.9977
16084932658,"Cuman kasih bintang 3 soalnya kuas nya tdk dikirim, mgkin owner nya kelupaan",3,[Omorfo] Accessories Kuas Eyebrow pipih | Kuas alis mata | bulu pipih hitam makeup ultra thin Brush makeup bulu sintetis,aksesoris,negative,0.9991
9694749275,"Kualitas produk sangat baik, produk original, adminnya juga ramah. Sukses ya",5,[Omorfo] OMG OH MY GLAM Lip Series | OMG OH MY GLAM Matte Kiss Lip Cream | Oh My Glam Gloss Lip Finish Vinyl 2.7gr OMG Lip Gloss Lipgloss | Lip Tint | Glassy | OMG Lipcream | OMG Lip tint | OMG Glassy liptint,lip,positive,0.9996
11123891279,"baguss, tapi saya pesannya yg soft tpi yg dikirim yang bukan",4,[Omorfo] IMPLORA Eyebrow Pencil 2in1 Original BPOM | Pensil Alis Black Brown Dark Brown Grey Brown Plus Rautan Spoolia Brush,makeup,negative,0.9961
14152795069,Pengirimannya lama padahal 1 kota saja,5,[Omorfo] IMPLORA Eyebrow Pencil 2in1 Original BPOM | Pensil Alis Black Brown Dark Brown Grey Brown Plus Rautan Spoolia Brush,makeup,negative,0.9994
14383353373,Performa:belum di coba,5,[Omorfo] IMPLORA Eyebrow Pencil 2in1 Original BPOM | Pensil Alis Black Brown Dark Brown Grey Brown Plus Rautan Spoolia Brush,makeup,negative,0.9989
4227838399,Semua lengkap aman. Packaging rapi lengkap semua. Dan tidakk mengecewakan,5,[Omorfo] IMPLORA Eyebrow Pencil 2in1 Original BPOM | Pensil Alis Black Brown Dark Brown Grey Brown Plus Rautan Spoolia Brush,makeup,positive,0.9996
10645342219,"Ga pernah ngecewain sih omorfo dari segi harga dan kualitas dari barang yg dijual, suka terus sama toko ini",5,[Omorfo] OMG OH MY GLAM Lip Series | OMG OH MY GLAM Matte Kiss Lip Cream | Oh My Glam Gloss Lip Finish Vinyl 2.7gr OMG Lip Gloss Lipgloss | Lip Tint | Glassy | OMG Lipcream | OMG Lip tint | OMG Glassy liptint,lip,positive,0.9996
59879468936,"barang yang dikirim tidak lengkap, giliran di chat di suruh ini itu tapi tetap aja dana tidak di kembalikan,. Bukan masalah dana yang tdk di kembalikan banyak, tapi sama sekali tidak amanah!!",1,[Omorfo] IMPLORA Eyebrow Pencil 2in1 Original BPOM | Pensil Alis Black Brown Dark Brown Grey Brown Plus Rautan Spoolia Brush,makeup,negative,0.9994
17281599146,"Tekstur nya udah ga terlalu kering krna formula baru, suka bangt",5,[Omorfo] OMG OH MY GLAM Lip Series | OMG OH MY GLAM Matte Kiss Lip Cream | Oh My Glam Gloss Lip Finish Vinyl 2.7gr OMG Lip Gloss Lipgloss | Lip Tint | Glassy | OMG Lipcream | OMG Lip tint | OMG Glassy liptint,lip,positive,0.9996
30089896246,"Adminnya kurang fokus ya? Aku pesan fw yg kemasan biru, malah dikirim kemasan putih. Yaudah deh gpp :)",3,[Omorfo] HADA LABO All Series | HADALABO Gokujyun | ShiroJyun | GokuJyun Alpha | Tamagohada | Face Wash | Lotion | Essence | Toner | Cleansing Oil | Face Mist | Moisturizer Shirojyun,skincare,negative,0.9993
44937721418,Tidak sesuai cara kirimnya lain di pesan lain di kirm,1,[Omorfo] IMPLORA Eyebrow Pencil 2in1 Original BPOM | Pensil Alis Black Brown Dark Brown Grey Brown Plus Rautan Spoolia Brush,makeup,negative,0.9993
22493375783,"Kurang bagus Krn bulunya dari bahan sintetis, browcara ya susah melengket di kuaszx.",4,[Omorfo] Accessories Kuas Eyebrow pipih | Kuas alis mata | bulu pipih hitam makeup ultra thin Brush makeup bulu sintetis,aksesoris,negative,0.9989
17760993719,"Kualitas mantap, seller selalu fast respon ke pembeli. Jasa kirimnya luar biasa",5,[Omorfo] Accessories Kuas Eyebrow pipih | Kuas alis mata | bulu pipih hitam makeup ultra thin Brush makeup bulu sintetis,aksesoris,positive,0.9996
28912439704,Penipu barang datang ga sesuai pesanan malah di kasih barang bekas. Makan itu uang haram hasil nipu,1,[Omorfo] IMPLORA Eyebrow Pencil 2in1 Original BPOM | Pensil Alis Black Brown Dark Brown Grey Brown Plus Rautan Spoolia Brush,makeup,negative,0.9995
16217019619,Pesan barang 4 barang.. 2 barang tidak tidak dikirim..Uang juga tidak di kembalikan... Hati2 dengan tokoh ini.. tidak merespon dengan baik..dikertas menulis mencoba hubungi saya namun itu tidak ada.. nilai nominal uang memang tidak seberapa.. tapi KEJUJURAN yg utama..,1,[Omorfo] Accessories Kuas Eyebrow pipih | Kuas alis mata | bulu pipih hitam makeup ultra thin Brush makeup bulu sintetis,aksesoris,negative,0.9991
31000172292,"Tekstur:Tidak Sesuai Dengan Harapan
Kegunaan:Untuk Alis
Keaslian:Kecil Sekali",4,[Omorfo] Accessories Kuas Eyebrow pipih | Kuas alis mata | bulu pipih hitam makeup ultra thin Brush makeup bulu sintetis,aksesoris,negative,0.9993
12559705508,"Paketnya sudah sampai, pensil alisnya bagus dan murah, pengiriman aman",4,[Omorfo] IMPLORA Eyebrow Pencil 2in1 Original BPOM | Pensil Alis Black Brown Dark Brown Grey Brown Plus Rautan Spoolia Brush,makeup,positive,0.9996
80946905051,"lain kali diperhatikan,sya pesan sisir keramas tapi pas dtg tidak ada",1,[Omorfo] IMPLORA Eyebrow Pencil 2in1 Original BPOM | Pensil Alis Black Brown Dark Brown Grey Brown Plus Rautan Spoolia Brush,makeup,negative,0.9991
16245538727,Belum di coba,4,[Omorfo] MADEO Deodorant Spray (BPOM)  | Penghilang Bau Badan Ampuh | Pemutih Ketiak | Solusi Bau Keringat,deodorant,negative,0.9991
12383494315,"Produk nya Bagus sesuai pesanan, packingan nya juga bagus dan aman. Pengiriman nya sangat cepat serta kirir nya juga sangat ramah",5,[Omorfo] IMPLORA Eyebrow Pencil 2in1 Original BPOM | Pensil Alis Black Brown Dark Brown Grey Brown Plus Rautan Spoolia Brush,makeup,positive,0.9996
7507307755,"Barangnya okey, sama seperti pensil alis pada umum, original",5,[Omorfo] IMPLORA Eyebrow Pencil 2in1 Original BPOM | Pensil Alis Black Brown Dark Brown Grey Brown Plus Rautan Spoolia Brush,makeup,positive,0.9996
16726557424,"Tekstur:cream

Pesan kode 10 dan 20 kok yang datang warna sama meskipun kemasannya kode berbeda 
Apa memang begitu ya ?",4,[Omorfo] OMG OH MY GLAM Lip Series | OMG OH MY GLAM Matte Kiss Lip Cream | Oh My Glam Gloss Lip Finish Vinyl 2.7gr OMG Lip Gloss Lipgloss | Lip Tint | Glassy | OMG Lipcream | OMG Lip tint | OMG Glassy liptint,lip,negative,0.9968
16278928901,"MENGECEWAKAN uang refund saya tidak dikirim kirim sudah satu minggu, sangat tidak profesional",1,[Omorfo] HADA LABO All Series | HADALABO Gokujyun | ShiroJyun | GokuJyun Alpha | Tamagohada | Face Wash | Lotion | Essence | Toner | Cleansing Oil | Face Mist | Moisturizer Shirojyun,skincare,negative,0.9995
52047110053,"udah berapa kali kecewa dengan toko ini,padahal aku pastinya rutin setiap bulan belanja disini🥲aku pesan instan malah datengnya lama bgt,mungkin barangnya baru mau dibeli yah🤣🤣trus pas barangnya dateng eh ada yg kurang,dan itu berkali kali terjadi,maksud aku kalau dari awal barangnya kosong ngapain dijual🤦🏻‍♀️🤦🏻‍♀️🤦🏻‍♀️",2,[Omorfo] HADA LABO All Series | HADALABO Gokujyun | ShiroJyun | GokuJyun Alpha | Tamagohada | Face Wash | Lotion | Essence | Toner | Cleansing Oil | Face Mist | Moisturizer Shirojyun,skincare,negative,0.9993
69860056544,"kuas yang besarnya, bulunya keluar² jadinya tipis",3,[Omorfo] Accessories Kuas Eyebrow pipih | Kuas alis mata | bulu pipih hitam makeup ultra thin Brush makeup bulu sintetis,aksesoris,negative,0.9958
10121642820,"Tekstur:barang ga dikirim
Performa:jelek
Cocok Untuk:ga cocok

pesen yg warna item barangnya ga dikirim,percuma si pengiriman nya cepet kalau ga teliti,dichat ga direspon,dan 80 persen yang ngasi  bintang 1 itu pesanannya ga lengkap.apa mmng tokonya yg mau curang ya? curang ga bikin lo tmbh tajir mba",1,[Omorfo] IMPLORA Eyebrow Pencil 2in1 Original BPOM | Pensil Alis Black Brown Dark Brown Grey Brown Plus Rautan Spoolia Brush,makeup,negative,0.9994
6927000330,Salah kirim dong tapi nga papa,2,[Omorfo] OMG OH MY GLAM Lip Series | OMG OH MY GLAM Matte Kiss Lip Cream | Oh My Glam Gloss Lip Finish Vinyl 2.7gr OMG Lip Gloss Lipgloss | Lip Tint | Glassy | OMG Lipcream | OMG Lip tint | OMG Glassy liptint,lip,negative,0.9994
36043492113,"Tekstur:lumayan kental

Kurang agak melembabkan buat kulit aku yang kering and pengiriman nya lamaaaaaa banget 4 hri aku tggu ngk di krm""juga padahal satu kota :(",5,[Omorfo] HADA LABO All Series | HADALABO Gokujyun | ShiroJyun | GokuJyun Alpha | Tamagohada | Face Wash | Lotion | Essence | Toner | Cleansing Oil | Face Mist | Moisturizer Shirojyun,skincare,negative,0.9948
28614345571,"Lain yg d pesan lain yg dtng !! Pesan yg pomade bkn yg pensil !!!! 
Toko model apa ini !!!",1,[Omorfo] Accessories Kuas Eyebrow pipih | Kuas alis mata | bulu pipih hitam makeup ultra thin Brush makeup bulu sintetis,aksesoris,negative,0.9994
12495959551,"Pensil alisnya gk ada , lupa juga Vidionnya jd GK ada bukti. Tapi tak mengapa",2,[Omorfo] IMPLORA Eyebrow Pencil 2in1 Original BPOM | Pensil Alis Black Brown Dark Brown Grey Brown Plus Rautan Spoolia Brush,makeup,negative,0.9988
4281372742,udah berapa kali dipake ternyata baru sadar yg dikirim make-up remover + face wash mungkin salah kirim tapi gpp lain kali diperhatikan lagi yah❤👍,5,[Omorfo] HADA LABO All Series | HADALABO Gokujyun | ShiroJyun | GokuJyun Alpha | Tamagohada | Face Wash | Lotion | Essence | Toner | Cleansing Oil | Face Mist | Moisturizer Shirojyun,skincare,negative,0.9987
21341629294,Yg dtg malah gak ada bulunya 1,2,[Omorfo] Accessories Kuas Eyebrow pipih | Kuas alis mata | bulu pipih hitam makeup ultra thin Brush makeup bulu sintetis,aksesoris,negative,0.9994
59125040512,"Barangnya sudah sampai cuman produknya kotor, kurang rapih di plester begitu, sisa sia plasternya juga menempel di kemasan produk",3,[Omorfo] HADA LABO All Series | HADALABO Gokujyun | ShiroJyun | GokuJyun Alpha | Tamagohada | Face Wash | Lotion | Essence | Toner | Cleansing Oil | Face Mist | Moisturizer Shirojyun,skincare,negative,0.9994
78835108108,"Tekstur:cair
Warna:cetah
Kegunaan:daily",5,[Omorfo] IMPLORA Eyebrow Pencil 2in1 Original BPOM | Pensil Alis Black Brown Dark Brown Grey Brown Plus Rautan Spoolia Brush,makeup,negative,0.9973
16314410992,Saya sangat kecewa..12pcs saya pesan yang turun hanya 10 pcs,1,[Omorfo] MADEO Deodorant Spray (BPOM)  | Penghilang Bau Badan Ampuh | Pemutih Ketiak | Solusi Bau Keringat,deodorant,negative,0.9994
15645862990,Sudah 2x beli di toko ini tpi barang dipesan pasti kurang 1,2,[Omorfo] IMPLORA Eyebrow Pencil 2in1 Original BPOM | Pensil Alis Black Brown Dark Brown Grey Brown Plus Rautan Spoolia Brush,makeup,negative,0.9973
13591850462,"Performa:begitulah
Cocok Untuk:tdk tau
Tekstur:tdk tau",1,[Omorfo] IMPLORA Eyebrow Pencil 2in1 Original BPOM | Pensil Alis Black Brown Dark Brown Grey Brown Plus Rautan Spoolia Brush,makeup,negative,0.996
43361787300,barang tidak sampai,1,[Omorfo] HADA LABO All Series | HADALABO Gokujyun | ShiroJyun | GokuJyun Alpha | Tamagohada | Face Wash | Lotion | Essence | Toner | Cleansing Oil | Face Mist | Moisturizer Shirojyun,skincare,negative,0.9994
11755606046,"Tekstur:jelek
Performa:jelek
Cocok Untuk:nggak bagus

udah lama nungguin eh tau taunya habis kesel banget",1,[Omorfo] OMG OH MY GLAM Lip Series | OMG OH MY GLAM Matte Kiss Lip Cream | Oh My Glam Gloss Lip Finish Vinyl 2.7gr OMG Lip Gloss Lipgloss | Lip Tint | Glassy | OMG Lipcream | OMG Lip tint | OMG Glassy liptint,lip,negative,0.9992
18392758572,Kurirnya sangat tidak sopan,4,[Omorfo] IMPLORA Eyebrow Pencil 2in1 Original BPOM | Pensil Alis Black Brown Dark Brown Grey Brown Plus Rautan Spoolia Brush,makeup,negative,0.9995
16128374747,"saya pesan 2 item lipcream omg dan skintint you tapi yg dtg cuma lipcream ini, skintintnya ga ada wkwk dua kali kecewa pesan disini kapokkk beli disini",1,[Omorfo] OMG OH MY GLAM Lip Series | OMG OH MY GLAM Matte Kiss Lip Cream | Oh My Glam Gloss Lip Finish Vinyl 2.7gr OMG Lip Gloss Lipgloss | Lip Tint | Glassy | OMG Lipcream | OMG Lip tint | OMG Glassy liptint,lip,negative,0.9993
17486955997,pesanan saya tidak dikirim,5,[Omorfo] HADA LABO All Series | HADALABO Gokujyun | ShiroJyun | GokuJyun Alpha | Tamagohada | Face Wash | Lotion | Essence | Toner | Cleansing Oil | Face Mist | Moisturizer Shirojyun,skincare,negative,0.9994
15475570413,Barang yg ini tdk ada tapi di kembalikan dengan uangnya,3,[Omorfo] Accessories Kuas Eyebrow pipih | Kuas alis mata | bulu pipih hitam makeup ultra thin Brush makeup bulu sintetis,aksesoris,negative,0.9984
19386038198,"Tekstur:salah kirim produk
Cocok untuk:salah kirim produk
Keaslian:salah kirim produk

Tolong bagian packing kalau kirim produk diperhatikan, saya tidak unboxingkan karena memori HP saya full. Pesan produk A dikirimnya beda, mana harga produknya jauhnya beda lagi.
Makan dah itu uang anak yatim-piatu yg dikumpulin sedikit-sedikit.",1,[Omorfo] HADA LABO All Series | HADALABO Gokujyun | ShiroJyun | GokuJyun Alpha | Tamagohada | Face Wash | Lotion | Essence | Toner | Cleansing Oil | Face Mist | Moisturizer Shirojyun,skincare,negative,0.9994
86114680065,"Tekstur:seperti biasq

IH SUMPAHH AKU  NYESEL BGTT BELI DISINIIII AKHHHH MASA MOIST NYA BAUUU SIHH???? EMANG GAK KADALUWARSA TPI AKU CEK KADALUARSANYA JG MASIH LAMA... PAS AKU PAKE KO KEK GNI BAUNYA WEEE??!!! HHUEKKK EMANG AWALNYA UDAH CURIGA BARUSAN AKU LIAT HADALABO DI LAKBAN GITU KEMASANNYA PAKAI SOLASII KERTAS KEKK WHATTT?!??! TAU AHHHH NYESEL BGTTT😭😭😭😭 PRETTTT TOKONYA TERKENAL PADAHALLL",1,[Omorfo] HADA LABO All Series | HADALABO Gokujyun | ShiroJyun | GokuJyun Alpha | Tamagohada | Face Wash | Lotion | Essence | Toner | Cleansing Oil | Face Mist | Moisturizer Shirojyun,skincare,negative,0.9968
15045665000,aku pesan lipstik omg yg matte kiss yg di kirim malah mattelastt gimanasii,4,[Omorfo] OMG OH MY GLAM Lip Series | OMG OH MY GLAM Matte Kiss Lip Cream | Oh My Glam Gloss Lip Finish Vinyl 2.7gr OMG Lip Gloss Lipgloss | Lip Tint | Glassy | OMG Lipcream | OMG Lip tint | OMG Glassy liptint,lip,negative,0.9993
40567179715,"Tekstur:memiliki tekstur yang cair
Warna:sangat cerah dan menarik
Cocok untuk:wajaj

Produk bagus
Pengiriman cepat
Puas belanja disini!!
Sumpah bagus banget👍🤗",5,[Omorfo] OMG OH MY GLAM Lip Series | OMG OH MY GLAM Matte Kiss Lip Cream | Oh My Glam Gloss Lip Finish Vinyl 2.7gr OMG Lip Gloss Lipgloss | Lip Tint | Glassy | OMG Lipcream | OMG Lip tint | OMG Glassy liptint,lip,positive,0.9996
15727480763,Tidak ramah bintanh 1,1,[Omorfo] MADEO Deodorant Spray (BPOM)  | Penghilang Bau Badan Ampuh | Pemutih Ketiak | Solusi Bau Keringat,deodorant,negative,0.9993
64089247288,Produknya tumpah dalam paket.,4,[Omorfo] HADA LABO All Series | HADALABO Gokujyun | ShiroJyun | GokuJyun Alpha | Tamagohada | Face Wash | Lotion | Essence | Toner | Cleansing Oil | Face Mist | Moisturizer Shirojyun,skincare,negative,0.9993
28928863616,"Tekstur:lembut
Cocok untuk:dry skin dan kombinasi
Keaslian:asli

Fw favorit.. Gak bikin kulit kering dan ketarik setelah pemkaian",5,[Omorfo] HADA LABO All Series | HADALABO Gokujyun | ShiroJyun | GokuJyun Alpha | Tamagohada | Face Wash | Lotion | Essence | Toner | Cleansing Oil | Face Mist | Moisturizer Shirojyun,skincare,positive,0.9996
76802179560,"untungnya yg ini barang ori😌 beli online krn lagi sakit pas banget face wash dan body wash ku habis, ehh malah yg didapat kw jdi takut mau dipake apa engga",5,[Omorfo] HADA LABO All Series | HADALABO Gokujyun | ShiroJyun | GokuJyun Alpha | Tamagohada | Face Wash | Lotion | Essence | Toner | Cleansing Oil | Face Mist | Moisturizer Shirojyun,skincare,negative,0.9971
49282463534,"Baru kali ini ngerasa kecewa sma pengirimannya, biasanya walaupun cuma beli 2 seller ttp perhatiin packing, ini kan berisi cairan dan botol gk ada diselotip atau apapun, jd pas sampai di tangan saya, botol sudah dlm keadaan sedikit trbuka, mohon untuk seller lebih diperhatikan lgi ketika packing, walaupun diluar disolasi bnyak tp setidknya produk di beri sedikit selotip untk mengurangi kemungkinan btol bisa trbuka saat pengiriman",3,[Omorfo] HADA LABO All Series | HADALABO Gokujyun | ShiroJyun | GokuJyun Alpha | Tamagohada | Face Wash | Lotion | Essence | Toner | Cleansing Oil | Face Mist | Moisturizer Shirojyun,skincare,negative,0.9985
11410919617,Pensil alisnya kurang 1,2,[Omorfo] IMPLORA Eyebrow Pencil 2in1 Original BPOM | Pensil Alis Black Brown Dark Brown Grey Brown Plus Rautan Spoolia Brush,makeup,negative,0.9983
10974701860,"Pesannya dua yg dikirim hanya satu, komplen di chat tdk direspond",2,[Omorfo] OMG OH MY GLAM Lip Series | OMG OH MY GLAM Matte Kiss Lip Cream | Oh My Glam Gloss Lip Finish Vinyl 2.7gr OMG Lip Gloss Lipgloss | Lip Tint | Glassy | OMG Lipcream | OMG Lip tint | OMG Glassy liptint,lip,negative,0.9994
13951366710,Sebelumnya sudah di chat di ingatkan untuk periksa kembali kelayakan produk sebelum di kirim. Ini penutupnya pecah,4,[Omorfo] IMPLORA Eyebrow Pencil 2in1 Original BPOM | Pensil Alis Black Brown Dark Brown Grey Brown Plus Rautan Spoolia Brush,makeup,negative,0.9992
35871399742,Warna yang datang tidak sesuai dengan digambar,4,[Omorfo] OMG OH MY GLAM Lip Series | OMG OH MY GLAM Matte Kiss Lip Cream | Oh My Glam Gloss Lip Finish Vinyl 2.7gr OMG Lip Gloss Lipgloss | Lip Tint | Glassy | OMG Lipcream | OMG Lip tint | OMG Glassy liptint,lip,negative,0.9992
40560899907,Sya pesan ini tpi tidk ada di isian paketnya,1,[Omorfo] IMPLORA Eyebrow Pencil 2in1 Original BPOM | Pensil Alis Black Brown Dark Brown Grey Brown Plus Rautan Spoolia Brush,makeup,negative,0.998
12076966040,Dari sallernya lama banget pd hal sekota,2,[Omorfo] IMPLORA Eyebrow Pencil 2in1 Original BPOM | Pensil Alis Black Brown Dark Brown Grey Brown Plus Rautan Spoolia Brush,makeup,negative,0.9989
30083360010,"aduhh aku pesan spray madeo, malah yang lain dikirim.
stan hp juga saya pesan warna pink tapi hitam yang dikirim
MOHON UNTUK TELITI LAGI YAH KAK KALAU PACKING BARANG😇😇🙏🙏",1,[Omorfo] MADEO Deodorant Spray (BPOM)  | Penghilang Bau Badan Ampuh | Pemutih Ketiak | Solusi Bau Keringat,deodorant,negative,0.9992
39384036499,barang saya tidak lengkap dan saya tidak bisa pengajuan pengembalian dana 🤨,1,[Omorfo] Accessories Kuas Eyebrow pipih | Kuas alis mata | bulu pipih hitam makeup ultra thin Brush makeup bulu sintetis,aksesoris,negative,0.999
18386595780,Untuk ukuran dalam kota termasuk lama pengirimannya sampai 3 hari  🙏🏻,4,[Omorfo] Accessories Kuas Eyebrow pipih | Kuas alis mata | bulu pipih hitam makeup ultra thin Brush makeup bulu sintetis,aksesoris,neutral,0.9995
82316599478,Pas sampai sudah tidak tersegel guys😒,4,[Omorfo] HADA LABO All Series | HADALABO Gokujyun | ShiroJyun | GokuJyun Alpha | Tamagohada | Face Wash | Lotion | Essence | Toner | Cleansing Oil | Face Mist | Moisturizer Shirojyun,skincare,negative,0.9979
11027945357,Saya pesan pensil alis implora 2 kok yg dtang 1 xixiu baru ngak ada konfom dari admin nya pula kalau emang ngak ada barang nya tolong d konfirmasi k pembeli,2,[Omorfo] IMPLORA Eyebrow Pencil 2in1 Original BPOM | Pensil Alis Black Brown Dark Brown Grey Brown Plus Rautan Spoolia Brush,makeup,negative,0.9986
14282814699,"Warnanya cantik banget, cocok buat base ombre lama banget cari warna ini",5,[Omorfo] OMG OH MY GLAM Lip Series | OMG OH MY GLAM Matte Kiss Lip Cream | Oh My Glam Gloss Lip Finish Vinyl 2.7gr OMG Lip Gloss Lipgloss | Lip Tint | Glassy | OMG Lipcream | OMG Lip tint | OMG Glassy liptint,lip,positive,0.9996
16248368317,"Tidak dikirim,disuruh ajukan pengembalian tp ribet banget.hati2 aja klo mau beli ditoko ini,mereka cenderung tdk terlalu memperhatikan pesanan cs krn yg sy lihat sdh bnyk yg complain ttg barangnya yg kurang, toko ini harusnya lebih teliti lg krn sdh di complain gitu,ataukah mmg sengaja barangnya gak dikirim.alih2 nyuruh ajukan pengembalian,mmgnya mngajukan itu gak ribet.
Tokonya jg asal kirim, sy jg pesan jedai tp yg dikirim model lain.
Kok bisa gitu yah?
Asal ngirim pesanan orang,gak mungkin hilaf sih,",1,[Omorfo] IMPLORA Eyebrow Pencil 2in1 Original BPOM | Pensil Alis Black Brown Dark Brown Grey Brown Plus Rautan Spoolia Brush,makeup,negative,0.9994
17039996831,"Tekstur:b
Warna:jjejej
Kegunaan:ejejejeh",5,[Omorfo] IMPLORA Eyebrow Pencil 2in1 Original BPOM | Pensil Alis Black Brown Dark Brown Grey Brown Plus Rautan Spoolia Brush,makeup,neutral,0.9997
15713983263,Beda dengan gambar produk dengan yang di kirim,4,[Omorfo] OMG OH MY GLAM Lip Series | OMG OH MY GLAM Matte Kiss Lip Cream | Oh My Glam Gloss Lip Finish Vinyl 2.7gr OMG Lip Gloss Lipgloss | Lip Tint | Glassy | OMG Lipcream | OMG Lip tint | OMG Glassy liptint,lip,negative,0.9993
16167369860,"Tekstur:tdk tau
Warna:tdk tau
Kegunaan:brng tdk dikirim

Brng tdk dikirm tdk ada yg bisa dinilai🥲sedekah lagi",1,[Omorfo] IMPLORA Eyebrow Pencil 2in1 Original BPOM | Pensil Alis Black Brown Dark Brown Grey Brown Plus Rautan Spoolia Brush,makeup,negative,0.9992
85593281634,maap ngasi bintang 3 doang karna pengemasannya agak kurang kali inii toner saya agak tumpah dikit bleber kali ini tutupnya ngga di selotip ngga kayak biasanyaa,3,[Omorfo] HADA LABO All Series | HADALABO Gokujyun | ShiroJyun | GokuJyun Alpha | Tamagohada | Face Wash | Lotion | Essence | Toner | Cleansing Oil | Face Mist | Moisturizer Shirojyun,skincare,negative,0.9958
17134047916,"Tekstur:sangat lembut dan nyaman
Warna:warna sangat cantik dan menarik
Kegunaan:sangat cocok untuk digunakan menggambar alis",5,[Omorfo] IMPLORA Eyebrow Pencil 2in1 Original BPOM | Pensil Alis Black Brown Dark Brown Grey Brown Plus Rautan Spoolia Brush,makeup,positive,0.9996
31997872678,"tidak sesuai pesanan. yg dipesan moisturizer, yang datang malah facial wash",3,[Omorfo] HADA LABO All Series | HADALABO Gokujyun | ShiroJyun | GokuJyun Alpha | Tamagohada | Face Wash | Lotion | Essence | Toner | Cleansing Oil | Face Mist | Moisturizer Shirojyun,skincare,negative,0.9995
16663196762,"pelayanannya kurang, paket tdk lengkap",3,[Omorfo] IMPLORA Eyebrow Pencil 2in1 Original BPOM | Pensil Alis Black Brown Dark Brown Grey Brown Plus Rautan Spoolia Brush,makeup,negative,0.9993
12074885077,"waranya lebih ke maroon ternyata, di gambar kayak coklat",5,[Omorfo] OMG OH MY GLAM Lip Series | OMG OH MY GLAM Matte Kiss Lip Cream | Oh My Glam Gloss Lip Finish Vinyl 2.7gr OMG Lip Gloss Lipgloss | Lip Tint | Glassy | OMG Lipcream | OMG Lip tint | OMG Glassy liptint,lip,negative,0.999
7324704308,"Barang bagussss lengkap, packaging amann. Pengemasan cepat makasih yah",5,[Omorfo] IMPLORA Eyebrow Pencil 2in1 Original BPOM | Pensil Alis Black Brown Dark Brown Grey Brown Plus Rautan Spoolia Brush,makeup,positive,0.9996
22065047248,"Maaf saya kasi bintang 1,tokonya tdak amanah
Saya pesan 3 macam barang tapi dikirim cuma 2 macam barang trus cuma di kasi kertas itu,ku chat di penjualnya buat konfirmasi saya malah di blok🤦😭😭👎👎
Seenggaknya itu ada konfirmasi klau barangnya kosong,itu barangnya mau di ganti kah atau uang nya di kembalikan",1,[Omorfo] OMG OH MY GLAM Lip Series | OMG OH MY GLAM Matte Kiss Lip Cream | Oh My Glam Gloss Lip Finish Vinyl 2.7gr OMG Lip Gloss Lipgloss | Lip Tint | Glassy | OMG Lipcream | OMG Lip tint | OMG Glassy liptint,lip,negative,0.9989
11400432606,"Kemasan:Baik

Tidak sesuai, yg sya pesan latte dan expresso yg sampai latte dan scarlet
Tpi masih aman",1,[Omorfo] OMG OH MY GLAM Lip Series | OMG OH MY GLAM Matte Kiss Lip Cream | Oh My Glam Gloss Lip Finish Vinyl 2.7gr OMG Lip Gloss Lipgloss | Lip Tint | Glassy | OMG Lipcream | OMG Lip tint | OMG Glassy liptint,lip,negative,0.9982
29859142856,"Tekstur:buruk
Warna:buruk

penjual ga amanah! barang habis bilangnya mahurefund uangnya tapi sampai sekarang ga ada balasan dan tanggung jawab!! tiati guys",1,[Omorfo] OMG OH MY GLAM Lip Series | OMG OH MY GLAM Matte Kiss Lip Cream | Oh My Glam Gloss Lip Finish Vinyl 2.7gr OMG Lip Gloss Lipgloss | Lip Tint | Glassy | OMG Lipcream | OMG Lip tint | OMG Glassy liptint,lip,negative,0.9994
17972525710,"Sangat mengecewakan nggak bertanggungjawab banget, ada barang yang nggak dikirim di chat nggak ada respon",1,[Omorfo] MADEO Deodorant Spray (BPOM)  | Penghilang Bau Badan Ampuh | Pemutih Ketiak | Solusi Bau Keringat,deodorant,negative,0.9994
75688025842,"lebih ke kesal ya guys. pihaknya yg teledor kirim barang. tp krn sy tidak punya bukti jd sy yg harus rugi. pesan 100gr  dikirim 50gr. permintaan maaf juga cuma sebatas krn saya komplain, bukan krn salah kirim barang. jd mohon maaf saya beserta keluarga dan teman2 memutuskan berhenti jd customer. terima kasih.",1,[Omorfo] HADA LABO All Series | HADALABO Gokujyun | ShiroJyun | GokuJyun Alpha | Tamagohada | Face Wash | Lotion | Essence | Toner | Cleansing Oil | Face Mist | Moisturizer Shirojyun,skincare,negative,0.9994
9577717505,Barang tidak dikirimkan,1,[Omorfo] OMG OH MY GLAM Lip Series | OMG OH MY GLAM Matte Kiss Lip Cream | Oh My Glam Gloss Lip Finish Vinyl 2.7gr OMG Lip Gloss Lipgloss | Lip Tint | Glassy | OMG Lipcream | OMG Lip tint | OMG Glassy liptint,lip,negative,0.9993
7762839610,"Warna:oke
Ketahanan:oke
Tekstur:oke

Terima kasih seller, sangat suka belanja disini. Semua baik dan sudah sesuai dengan pesanan. Semoga sehat terus ya seller dan semua karyawannya. Jangan patah semangat ya. Sukses terus. Apapun yang terjadi 👍✨",5,[Omorfo] OMG OH MY GLAM Lip Series | OMG OH MY GLAM Matte Kiss Lip Cream | Oh My Glam Gloss Lip Finish Vinyl 2.7gr OMG Lip Gloss Lipgloss | Lip Tint | Glassy | OMG Lipcream | OMG Lip tint | OMG Glassy liptint,lip,positive,0.9996
9705744968,Pesan yg silver yg datang warna coklat 👎👎👎,1,[Omorfo] IMPLORA Eyebrow Pencil 2in1 Original BPOM | Pensil Alis Black Brown Dark Brown Grey Brown Plus Rautan Spoolia Brush,makeup,negative,0.9992
66832025167,"Suka banget belanja d toko ini, exp juga masih lama",5,[Omorfo] MADEO Deodorant Spray (BPOM)  | Penghilang Bau Badan Ampuh | Pemutih Ketiak | Solusi Bau Keringat,deodorant,positive,0.9996
35112191810,"Tekstur:ringan dan nyaman dipakai
Cocok untuk:digunakan saat ada acara dan jalan-jalan
Warna:menarik dan ceriah

Produk bagus, pengiriman cepat.
Puas belanja di sini!
Sumpah Bagus banget👍☺",5,[Omorfo] OMG OH MY GLAM Lip Series | OMG OH MY GLAM Matte Kiss Lip Cream | Oh My Glam Gloss Lip Finish Vinyl 2.7gr OMG Lip Gloss Lipgloss | Lip Tint | Glassy | OMG Lipcream | OMG Lip tint | OMG Glassy liptint,lip,positive,0.9996
15190292047,"sukaa banget belanja di sini, suer sat set bgtt😖💜💜💜💜💜",5,[Omorfo] HADA LABO All Series | HADALABO Gokujyun | ShiroJyun | GokuJyun Alpha | Tamagohada | Face Wash | Lotion | Essence | Toner | Cleansing Oil | Face Mist | Moisturizer Shirojyun,skincare,positive,0.9996
15726333091,"Pesanan nya kurang satu yee, di chat tpi tidak respon-respon, jadi nilai di sini saja tidak bertanggung jawab sekali, tau gitu kemarin paketnya ngk saya ambil , mana kurirnya antar sudah gelap stengah jalan lagi😏 bikin mood hilang aja",1,[Omorfo] OMG OH MY GLAM Lip Series | OMG OH MY GLAM Matte Kiss Lip Cream | Oh My Glam Gloss Lip Finish Vinyl 2.7gr OMG Lip Gloss Lipgloss | Lip Tint | Glassy | OMG Lipcream | OMG Lip tint | OMG Glassy liptint,lip,negative,0.9991
43346131172,Produk tidak sesuai pesanan atau produk tidak lengkap dan tidak mengembalikan dana😑,2,[Omorfo] OMG OH MY GLAM Lip Series | OMG OH MY GLAM Matte Kiss Lip Cream | Oh My Glam Gloss Lip Finish Vinyl 2.7gr OMG Lip Gloss Lipgloss | Lip Tint | Glassy | OMG Lipcream | OMG Lip tint | OMG Glassy liptint,lip,negative,0.9994
99222117322,"Tekstur:saya beli kuas makeup saya kira yg datang besar,karna di foto besar,dan fw hadalabo nya isinya kyk setengah,",1,[Omorfo] HADA LABO All Series | HADALABO Gokujyun | ShiroJyun | GokuJyun Alpha | Tamagohada | Face Wash | Lotion | Essence | Toner | Cleansing Oil | Face Mist | Moisturizer Shirojyun,skincare,negative,0.9957
27318779439,"Ini barang saya 2 yang belum admin, 2 hari saya tunggu pengembalian dananya kok nggak muncul2 yah katanya nanti langsung by sistem kok teler banget. 3 produk udah saya terima dan kalau kosong pesananya jangan dulu terima pesanan atau buat keterangan stok kosong, untuk 2 barang yg belum datang telah saya ajukan pengembalian barang/dana yg kurang yah. Harap kedepannya jauh lebih baik chat dgn admin juga agak susah karena jam operasionalnya saya tidak tahu.",5,[Omorfo] OMG OH MY GLAM Lip Series | OMG OH MY GLAM Matte Kiss Lip Cream | Oh My Glam Gloss Lip Finish Vinyl 2.7gr OMG Lip Gloss Lipgloss | Lip Tint | Glassy | OMG Lipcream | OMG Lip tint | OMG Glassy liptint,lip,negative,0.9988
16079124984,Warna:salah shade,4,[Omorfo] OMG OH MY GLAM Lip Series | OMG OH MY GLAM Matte Kiss Lip Cream | Oh My Glam Gloss Lip Finish Vinyl 2.7gr OMG Lip Gloss Lipgloss | Lip Tint | Glassy | OMG Lipcream | OMG Lip tint | OMG Glassy liptint,lip,negative,0.9993
91210961558,"Tekstur:ringan agak berminyak
Kenyamanan:membuat kulit lebih lembab bbbbbbbb",5,[Omorfo] HADA LABO All Series | HADALABO Gokujyun | ShiroJyun | GokuJyun Alpha | Tamagohada | Face Wash | Lotion | Essence | Toner | Cleansing Oil | Face Mist | Moisturizer Shirojyun,skincare,negative,0.9979
74655946139,"Tekstur:blum dicoba
Kegunaan:membuat alis",5,[Omorfo] Accessories Kuas Eyebrow pipih | Kuas alis mata | bulu pipih hitam makeup ultra thin Brush makeup bulu sintetis,aksesoris,negative,0.9985
16701008822,Beli 3 koq datangnya 2...,2,[Omorfo] MADEO Deodorant Spray (BPOM)  | Penghilang Bau Badan Ampuh | Pemutih Ketiak | Solusi Bau Keringat,deodorant,negative,0.9993
15620259388,"Mgkin aku yg kurang detail baca produknya atau gimana, aku kira yg datang bakalan yg hitam tutupnya, mana pesanan orang☹️",4,[Omorfo] OMG OH MY GLAM Lip Series | OMG OH MY GLAM Matte Kiss Lip Cream | Oh My Glam Gloss Lip Finish Vinyl 2.7gr OMG Lip Gloss Lipgloss | Lip Tint | Glassy | OMG Lipcream | OMG Lip tint | OMG Glassy liptint,lip,negative,0.9993
42410277279,"Barangnya asli,kualitas bagus,pelayanan bagus dan pengiriman yang cepat",5,[Omorfo] HADA LABO All Series | HADALABO Gokujyun | ShiroJyun | GokuJyun Alpha | Tamagohada | Face Wash | Lotion | Essence | Toner | Cleansing Oil | Face Mist | Moisturizer Shirojyun,skincare,positive,0.9996
9588380236,Pesannya 2 dikirim 1,1,[Omorfo] IMPLORA Eyebrow Pencil 2in1 Original BPOM | Pensil Alis Black Brown Dark Brown Grey Brown Plus Rautan Spoolia Brush,makeup,negative,0.9992
31998009110,Saya beli latte malah dikirim cappucino toko tidak amanah👎👎,1,[Omorfo] OMG OH MY GLAM Lip Series | OMG OH MY GLAM Matte Kiss Lip Cream | Oh My Glam Gloss Lip Finish Vinyl 2.7gr OMG Lip Gloss Lipgloss | Lip Tint | Glassy | OMG Lipcream | OMG Lip tint | OMG Glassy liptint,lip,negative,0.9994
80021468328,"Produknya ga bagus, hasilnya kyk gini klw diserut kyk ada lapisan plastik tipis",2,[Omorfo] IMPLORA Eyebrow Pencil 2in1 Original BPOM | Pensil Alis Black Brown Dark Brown Grey Brown Plus Rautan Spoolia Brush,makeup,negative,0.9993
17646370249,"Pesan masker putih, yg dtng hitam😭",4,[Omorfo] OMG OH MY GLAM Lip Series | OMG OH MY GLAM Matte Kiss Lip Cream | Oh My Glam Gloss Lip Finish Vinyl 2.7gr OMG Lip Gloss Lipgloss | Lip Tint | Glassy | OMG Lipcream | OMG Lip tint | OMG Glassy liptint,lip,negative,0.9994
3817195931,"Sudah 2 kli belanja disni, harga terjangkau dan suka skli dengan pensil alis ini",5,[Omorfo] IMPLORA Eyebrow Pencil 2in1 Original BPOM | Pensil Alis Black Brown Dark Brown Grey Brown Plus Rautan Spoolia Brush,makeup,positive,0.9996
47119132995,yeay udh dateng. packingnya super aman and of course barangnya aman jugaa hehe thankyouu kakk.,5,[Omorfo] HADA LABO All Series | HADALABO Gokujyun | ShiroJyun | GokuJyun Alpha | Tamagohada | Face Wash | Lotion | Essence | Toner | Cleansing Oil | Face Mist | Moisturizer Shirojyun,skincare,positive,0.9996
65465851363,"Tekstur:halus

Belum di coba",5,[Omorfo] Accessories Kuas Eyebrow pipih | Kuas alis mata | bulu pipih hitam makeup ultra thin Brush makeup bulu sintetis,aksesoris,negative,0.9985
25485726083,"Suka banget sama lipstik ini! Warna-nya pigmented banget, sekali aplikasinya langsung keluar warnanya.
Teksturnya matte, tapi gak bikin bibir kering. Cukup nyaman dipakai, dan yang paling aku suka, lipstik ini tahan lama banget! Bisa makan dan minum tanpa transfer atau pudar, meski sedikit ada luntur di bagian dalam bibir.",5,[Omorfo] OMG OH MY GLAM Lip Series | OMG OH MY GLAM Matte Kiss Lip Cream | Oh My Glam Gloss Lip Finish Vinyl 2.7gr OMG Lip Gloss Lipgloss | Lip Tint | Glassy | OMG Lipcream | OMG Lip tint | OMG Glassy liptint,lip,positive,0.9996
17309970886,"Pelayanan penjualnya kurang teliti saya pesan eyeliner 1 pensil alis 1 yang datang pensil alis 2 😤😤 ,,mana lupa amboxing lagi,respon penjualnya jga kurang memuaskan👎",1,[Omorfo] IMPLORA Eyebrow Pencil 2in1 Original BPOM | Pensil Alis Black Brown Dark Brown Grey Brown Plus Rautan Spoolia Brush,makeup,negative,0.9992
13503940083,Pensil alisnya gak dikirim,1,[Omorfo] IMPLORA Eyebrow Pencil 2in1 Original BPOM | Pensil Alis Black Brown Dark Brown Grey Brown Plus Rautan Spoolia Brush,makeup,negative,0.9994
81227672922,eyeshadownya ada yg pecah 🥲,5,[Omorfo] OMG OH MY GLAM Lip Series | OMG OH MY GLAM Matte Kiss Lip Cream | Oh My Glam Gloss Lip Finish Vinyl 2.7gr OMG Lip Gloss Lipgloss | Lip Tint | Glassy | OMG Lipcream | OMG Lip tint | OMG Glassy liptint,lip,negative,0.9989
52433021310,"Tekstur:padat dan tahan lama
Warna:warna sangat cantik dan menarik
Kegunaan:sangat cocok untuk pemakaian sehari hari

Belum di buka semoga barangnya bagus, dan awet 😊",5,[Omorfo] IMPLORA Eyebrow Pencil 2in1 Original BPOM | Pensil Alis Black Brown Dark Brown Grey Brown Plus Rautan Spoolia Brush,makeup,positive,0.9996
17288573378,Barang tidak dikirim,2,[Omorfo] IMPLORA Eyebrow Pencil 2in1 Original BPOM | Pensil Alis Black Brown Dark Brown Grey Brown Plus Rautan Spoolia Brush,makeup,negative,0.9994
62732328807,"kemarin pas check out barang masih tersedia. setelah barangnya mau dikirim, stock nya habis jadi nya di ganti facial wash nya ke ukuran lain dari 100ml ke 50ml, dan minta pengembalian sisa dana. pihak toko nya setuju, eh tapi sampai sekarang belum ada dana nya dikembaliin dari tgl 10, sudah lelah nungguin nya. semoga ini bisa jadi bahan evaluasi bagi pihak toko nya, karena sangat merugikan orang lain.",1,[Omorfo] HADA LABO All Series | HADALABO Gokujyun | ShiroJyun | GokuJyun Alpha | Tamagohada | Face Wash | Lotion | Essence | Toner | Cleansing Oil | Face Mist | Moisturizer Shirojyun,skincare,negative,0.9988
16118833237,"Isinya sedikit banget, padahal yg saya pesan kemarin² sesuai loh tapi gapapa saya tetap langganan di toko ini🥰",5,[Omorfo] HADA LABO All Series | HADALABO Gokujyun | ShiroJyun | GokuJyun Alpha | Tamagohada | Face Wash | Lotion | Essence | Toner | Cleansing Oil | Face Mist | Moisturizer Shirojyun,skincare,negative,0.9989
70688275809,Ga bisa di semprot,2,[Omorfo] MADEO Deodorant Spray (BPOM)  | Penghilang Bau Badan Ampuh | Pemutih Ketiak | Solusi Bau Keringat,deodorant,negative,0.9993
53315390750,"Tekstur:belum tau
Cocok untuk:kulit sensitif
Keaslian:oke

Penjual sangat fast respond dan melayani customer dengan sangat baik. Pengiriman cepat dan aman. Makasih yahhh",5,[Omorfo] HADA LABO All Series | HADALABO Gokujyun | ShiroJyun | GokuJyun Alpha | Tamagohada | Face Wash | Lotion | Essence | Toner | Cleansing Oil | Face Mist | Moisturizer Shirojyun,skincare,positive,0.9996
6825765101,Ketahanan:warna tidak sesuai pesanan,1,[Omorfo] OMG OH MY GLAM Lip Series | OMG OH MY GLAM Matte Kiss Lip Cream | Oh My Glam Gloss Lip Finish Vinyl 2.7gr OMG Lip Gloss Lipgloss | Lip Tint | Glassy | OMG Lipcream | OMG Lip tint | OMG Glassy liptint,lip,negative,0.9991
25464656326,Sedah langganan pakai madeo. Aromanya wangi banget dan menghilangkan bau badan ketika berkeringat berlebihan,5,[Omorfo] MADEO Deodorant Spray (BPOM)  | Penghilang Bau Badan Ampuh | Pemutih Ketiak | Solusi Bau Keringat,deodorant,positive,0.9996
12266041212,"Tekstur:ringan
Cocok Untuk:sehari-hari
Performa:bagus

Tekstur lipstik nya matte baik dipakai sehari-hari dan harganya murah kualitas nya bagus dan toko nya amanah banget",5,[Omorfo] OMG OH MY GLAM Lip Series | OMG OH MY GLAM Matte Kiss Lip Cream | Oh My Glam Gloss Lip Finish Vinyl 2.7gr OMG Lip Gloss Lipgloss | Lip Tint | Glassy | OMG Lipcream | OMG Lip tint | OMG Glassy liptint,lip,positive,0.9996
14915543603,"Omorfo udah jadi langganan banget, walaupun awal order dulu sempet ada kesalahan tapi dipesanan berikutnya kesalahannya ga terulang. Jangan takut buat order distore ini, pernah juga nyempetin waktu ke tokoknya. Pelayanannya okeee bangettt. Semua produknya lengkap dan ga ada yang cacat, suka bgttt.",5,[Omorfo] IMPLORA Eyebrow Pencil 2in1 Original BPOM | Pensil Alis Black Brown Dark Brown Grey Brown Plus Rautan Spoolia Brush,makeup,positive,0.9996
17486948337,Kecewa banget pesannya 2 yg datang cuma 1,1,[Omorfo] Accessories Kuas Eyebrow pipih | Kuas alis mata | bulu pipih hitam makeup ultra thin Brush makeup bulu sintetis,aksesoris,negative,0.9994
13392674166,Sakit hati banget beli produk cacat. Dikirim ga ada kuasnya. Sisanya jg bolong2. Ga amanah banget. Pdhl udah ditulis di catatan mohon teliti! Pengemasannya jg lamaaaa banget. Tiga2nya cacat semua!,1,[Omorfo] Accessories Kuas Eyebrow pipih | Kuas alis mata | bulu pipih hitam makeup ultra thin Brush makeup bulu sintetis,aksesoris,negative,0.9994
7501453817,Pesan yg shade 11 tapi yang datang malah shade 12,4,[Omorfo] OMG OH MY GLAM Lip Series | OMG OH MY GLAM Matte Kiss Lip Cream | Oh My Glam Gloss Lip Finish Vinyl 2.7gr OMG Lip Gloss Lipgloss | Lip Tint | Glassy | OMG Lipcream | OMG Lip tint | OMG Glassy liptint,lip,negative,0.9993
16390075201,"Tekstur:kering

9/10 😍",5,[Omorfo] OMG OH MY GLAM Lip Series | OMG OH MY GLAM Matte Kiss Lip Cream | Oh My Glam Gloss Lip Finish Vinyl 2.7gr OMG Lip Gloss Lipgloss | Lip Tint | Glassy | OMG Lipcream | OMG Lip tint | OMG Glassy liptint,lip,negative,0.9993
6864930555,Pengiriman lama skli padahal dari Makassar ke takalar,5,[Omorfo] OMG OH MY GLAM Lip Series | OMG OH MY GLAM Matte Kiss Lip Cream | Oh My Glam Gloss Lip Finish Vinyl 2.7gr OMG Lip Gloss Lipgloss | Lip Tint | Glassy | OMG Lipcream | OMG Lip tint | OMG Glassy liptint,lip,negative,0.9993
21184429829,"Tekstur:nyaman
Aroma:aroma yg harum
Keaslian:terjamin

""Produk madeo sangat berkualitas. Hasilnya memuaskan, cocok untuk kebutuhan saya. Pengiriman cepat dan layanan pelanggan ramah. Sangat direkomendasikan!""",5,[Omorfo] MADEO Deodorant Spray (BPOM)  | Penghilang Bau Badan Ampuh | Pemutih Ketiak | Solusi Bau Keringat,deodorant,positive,0.9996
76430068996,tidak sesuai barnag spt yg dikirim ke saya sebelumnya lebih besar ini lebih keciltapi baik,3,[Omorfo] Accessories Kuas Eyebrow pipih | Kuas alis mata | bulu pipih hitam makeup ultra thin Brush makeup bulu sintetis,aksesoris,negative,0.9993
75281434755,"Tekstur:Jumlah pesanan tidak sesuai, saya pesan 2 sunscreen malah yang datang cuma 1 biji, rugi saya
Cocok untuk:Yang mau aja
Keaslian:Gak tahu",1,[Omorfo] HADA LABO All Series | HADALABO Gokujyun | ShiroJyun | GokuJyun Alpha | Tamagohada | Face Wash | Lotion | Essence | Toner | Cleansing Oil | Face Mist | Moisturizer Shirojyun,skincare,negative,0.9992
33040892877,"beli lip gloss di kirim lip matte, kurang teliti",1,[Omorfo] OMG OH MY GLAM Lip Series | OMG OH MY GLAM Matte Kiss Lip Cream | Oh My Glam Gloss Lip Finish Vinyl 2.7gr OMG Lip Gloss Lipgloss | Lip Tint | Glassy | OMG Lipcream | OMG Lip tint | OMG Glassy liptint,lip,negative,0.9992
48397160956,Yang dipesannya apa yang dikirimnya apa,2,[Omorfo] OMG OH MY GLAM Lip Series | OMG OH MY GLAM Matte Kiss Lip Cream | Oh My Glam Gloss Lip Finish Vinyl 2.7gr OMG Lip Gloss Lipgloss | Lip Tint | Glassy | OMG Lipcream | OMG Lip tint | OMG Glassy liptint,lip,negative,0.999
49841003635,"Packingan kurang rapii 
Merusak produk
Saran selotipnya diganti🙏🏻",3,[Omorfo] HADA LABO All Series | HADALABO Gokujyun | ShiroJyun | GokuJyun Alpha | Tamagohada | Face Wash | Lotion | Essence | Toner | Cleansing Oil | Face Mist | Moisturizer Shirojyun,skincare,negative,0.9989
48188350657,Keaslian:barang sdh terbuka tdk di segel,1,[Omorfo] HADA LABO All Series | HADALABO Gokujyun | ShiroJyun | GokuJyun Alpha | Tamagohada | Face Wash | Lotion | Essence | Toner | Cleansing Oil | Face Mist | Moisturizer Shirojyun,skincare,negative,0.9985
66000050507,"Teksturnya bukan yang gentle lumayan banyak busanya, tapi ga bikin wajah ketarik",5,[Omorfo] HADA LABO All Series | HADALABO Gokujyun | ShiroJyun | GokuJyun Alpha | Tamagohada | Face Wash | Lotion | Essence | Toner | Cleansing Oil | Face Mist | Moisturizer Shirojyun,skincare,negative,0.9958
13578760644,ini yg bkin kecewa skali.. baru kali ini mau coba..tpi tidak sesuai ekpektasi. 100gr tpi isinya hmm mngkin bukan kecewa ke pnjualnya. ini lebih ke produknya sja😿😿😿😿,3,[Omorfo] HADA LABO All Series | HADALABO Gokujyun | ShiroJyun | GokuJyun Alpha | Tamagohada | Face Wash | Lotion | Essence | Toner | Cleansing Oil | Face Mist | Moisturizer Shirojyun,skincare,negative,0.9994
17583790896,"Ini di baca ga si kak, lain yang di pesen lain yang dikirim. Pesen kuas tipisnya yang besar yang kecil  yang di kirim",1,[Omorfo] IMPLORA Eyebrow Pencil 2in1 Original BPOM | Pensil Alis Black Brown Dark Brown Grey Brown Plus Rautan Spoolia Brush,makeup,negative,0.9994
42945982661,Brg tdk d krm🙏,3,[Omorfo] IMPLORA Eyebrow Pencil 2in1 Original BPOM | Pensil Alis Black Brown Dark Brown Grey Brown Plus Rautan Spoolia Brush,makeup,negative,0.9987
75332012581,Soflens nya nggak ada wadahnya,3,[Omorfo] IMPLORA Eyebrow Pencil 2in1 Original BPOM | Pensil Alis Black Brown Dark Brown Grey Brown Plus Rautan Spoolia Brush,makeup,negative,0.9984
35869157114,"rugi, pesan 2 pensil alis tapi yang datang cuma 1",2,[Omorfo] IMPLORA Eyebrow Pencil 2in1 Original BPOM | Pensil Alis Black Brown Dark Brown Grey Brown Plus Rautan Spoolia Brush,makeup,negative,0.9993
48002555864,gak amanah tokohnya pesan 2 kirim cuma satu,3,[Omorfo] HADA LABO All Series | HADALABO Gokujyun | ShiroJyun | GokuJyun Alpha | Tamagohada | Face Wash | Lotion | Essence | Toner | Cleansing Oil | Face Mist | Moisturizer Shirojyun,skincare,negative,0.9993
41533380834,"Bagus, packing aman,sudah langganan disini",5,[Omorfo] OMG OH MY GLAM Lip Series | OMG OH MY GLAM Matte Kiss Lip Cream | Oh My Glam Gloss Lip Finish Vinyl 2.7gr OMG Lip Gloss Lipgloss | Lip Tint | Glassy | OMG Lipcream | OMG Lip tint | OMG Glassy liptint,lip,positive,0.9996
16321170036,Ovale nya tumpah,5,[Omorfo] IMPLORA Eyebrow Pencil 2in1 Original BPOM | Pensil Alis Black Brown Dark Brown Grey Brown Plus Rautan Spoolia Brush,makeup,negative,0.9982
30474416874,"Setiap CO di tokoh ini selalu ada barang saya yg kurang sangat mengecewakan sekali, ok 1 dan 2 tdk jadi masalah ini yg ke tiga kalinya kalau memang tidak ready tdk usah di kirim tokohnya tdk profesional",2,[Omorfo] OMG OH MY GLAM Lip Series | OMG OH MY GLAM Matte Kiss Lip Cream | Oh My Glam Gloss Lip Finish Vinyl 2.7gr OMG Lip Gloss Lipgloss | Lip Tint | Glassy | OMG Lipcream | OMG Lip tint | OMG Glassy liptint,lip,negative,0.9993
15391131566,Tekstur:nocs,5,[Omorfo] OMG OH MY GLAM Lip Series | OMG OH MY GLAM Matte Kiss Lip Cream | Oh My Glam Gloss Lip Finish Vinyl 2.7gr OMG Lip Gloss Lipgloss | Lip Tint | Glassy | OMG Lipcream | OMG Lip tint | OMG Glassy liptint,lip,negative,0.9994
30366451798,Capat banget,5,[Omorfo] OMG OH MY GLAM Lip Series | OMG OH MY GLAM Matte Kiss Lip Cream | Oh My Glam Gloss Lip Finish Vinyl 2.7gr OMG Lip Gloss Lipgloss | Lip Tint | Glassy | OMG Lipcream | OMG Lip tint | OMG Glassy liptint,lip,negative,0.9982
98236040221,Wewangian:barang yang sampai bukan yg di pesan mau di retur tapi tdk bisa prg ke tempat expedisi krn tempatnya tdk dekat dari rumah .,1,[Omorfo] MADEO Deodorant Spray (BPOM)  | Penghilang Bau Badan Ampuh | Pemutih Ketiak | Solusi Bau Keringat,deodorant,negative,0.9953
23339055916,tda bikin kulit ketarik,5,[Omorfo] HADA LABO All Series | HADALABO Gokujyun | ShiroJyun | GokuJyun Alpha | Tamagohada | Face Wash | Lotion | Essence | Toner | Cleansing Oil | Face Mist | Moisturizer Shirojyun,skincare,negative,0.9954
15723869314,Ternyata hadalabo ini cocok dikulit ku yang normal to dry skin. Sama sekali tidak ketarik saat dikeringkan dengan tissue.,5,[Omorfo] HADA LABO All Series | HADALABO Gokujyun | ShiroJyun | GokuJyun Alpha | Tamagohada | Face Wash | Lotion | Essence | Toner | Cleansing Oil | Face Mist | Moisturizer Shirojyun,skincare,negative,0.9979
15668039235,Pesan ekspresso tapi yang datang cappucino,4,[Omorfo] OMG OH MY GLAM Lip Series | OMG OH MY GLAM Matte Kiss Lip Cream | Oh My Glam Gloss Lip Finish Vinyl 2.7gr OMG Lip Gloss Lipgloss | Lip Tint | Glassy | OMG Lipcream | OMG Lip tint | OMG Glassy liptint,lip,negative,0.9982
12964158784,"Warnanya kek orange², cepat kering tapi mayan transfer.",4,[Omorfo] OMG OH MY GLAM Lip Series | OMG OH MY GLAM Matte Kiss Lip Cream | Oh My Glam Gloss Lip Finish Vinyl 2.7gr OMG Lip Gloss Lipgloss | Lip Tint | Glassy | OMG Lipcream | OMG Lip tint | OMG Glassy liptint,lip,negative,0.9989
22881217208,Sy order 2 barang yg dikirim cuma 1,2,[Omorfo] HADA LABO All Series | HADALABO Gokujyun | ShiroJyun | GokuJyun Alpha | Tamagohada | Face Wash | Lotion | Essence | Toner | Cleansing Oil | Face Mist | Moisturizer Shirojyun,skincare,negative,0.9992
15247135714,"Performa:barangnya rusak

Memang tidak ada garansi untuk ini tapi apakah tidak bisa di sortir untuk memimalisir brg rusak ke tangan pelanggan. Mohon di perbaiki lagi ya kak.",5,[Omorfo] IMPLORA Eyebrow Pencil 2in1 Original BPOM | Pensil Alis Black Brown Dark Brown Grey Brown Plus Rautan Spoolia Brush,makeup,negative,0.999
52227695363,Pelayanan burukkk,1,[Omorfo] HADA LABO All Series | HADALABO Gokujyun | ShiroJyun | GokuJyun Alpha | Tamagohada | Face Wash | Lotion | Essence | Toner | Cleansing Oil | Face Mist | Moisturizer Shirojyun,skincare,negative,0.9995
89920131451,"adminnya malas melayani dan terlalu lama kirim barang, konfirmasi tdk ada stok ulang2",3,[Omorfo] MADEO Deodorant Spray (BPOM)  | Penghilang Bau Badan Ampuh | Pemutih Ketiak | Solusi Bau Keringat,deodorant,negative,0.9994
86108338969,"Tekstur:spray
Aroma:kurang tau
Keaslian:asli sekali

🙃",5,[Omorfo] MADEO Deodorant Spray (BPOM)  | Penghilang Bau Badan Ampuh | Pemutih Ketiak | Solusi Bau Keringat,deodorant,negative,0.9992
26927088719,pesanan saya tidak ada dalam paket pesanan saya,5,[Omorfo] OMG OH MY GLAM Lip Series | OMG OH MY GLAM Matte Kiss Lip Cream | Oh My Glam Gloss Lip Finish Vinyl 2.7gr OMG Lip Gloss Lipgloss | Lip Tint | Glassy | OMG Lipcream | OMG Lip tint | OMG Glassy liptint,lip,negative,0.9984
37632020047,Kegunaan:terlalu besar kuasnya seharusnya pilih yg kecil saja,3,[Omorfo] Accessories Kuas Eyebrow pipih | Kuas alis mata | bulu pipih hitam makeup ultra thin Brush makeup bulu sintetis,aksesoris,negative,0.9991
36248671085,"Tekstur:not 2 dry
Warna:a bit too bold gacocok daily

oke aja si",5,[Omorfo] OMG OH MY GLAM Lip Series | OMG OH MY GLAM Matte Kiss Lip Cream | Oh My Glam Gloss Lip Finish Vinyl 2.7gr OMG Lip Gloss Lipgloss | Lip Tint | Glassy | OMG Lipcream | OMG Lip tint | OMG Glassy liptint,lip,negative,0.9945
21334353499,"Tekstur:kurang bagus
Kegunaan:untuk alis
Keaslian:asli

Kuas alis lebih kecil dari yang dikira,kuasnya terlalu tipis",5,[Omorfo] Accessories Kuas Eyebrow pipih | Kuas alis mata | bulu pipih hitam makeup ultra thin Brush makeup bulu sintetis,aksesoris,negative,0.9989
59415570321,Tidak ada sampai. Heran pas liat mau di ulas krn sampai skrng baru sadar tdk pernah pake/ liat ini lipstik. Kirain mmnng nda pesan,1,[Omorfo] OMG OH MY GLAM Lip Series | OMG OH MY GLAM Matte Kiss Lip Cream | Oh My Glam Gloss Lip Finish Vinyl 2.7gr OMG Lip Gloss Lipgloss | Lip Tint | Glassy | OMG Lipcream | OMG Lip tint | OMG Glassy liptint,lip,negative,0.9993
13455604923,Pesan nmor 15 tapi yg dikirim 05  🥲🥲🥲,4,[Omorfo] OMG OH MY GLAM Lip Series | OMG OH MY GLAM Matte Kiss Lip Cream | Oh My Glam Gloss Lip Finish Vinyl 2.7gr OMG Lip Gloss Lipgloss | Lip Tint | Glassy | OMG Lipcream | OMG Lip tint | OMG Glassy liptint,lip,negative,0.9991
33042558004,"Gak ada barangnya,, gak amanah",1,[Omorfo] IMPLORA Eyebrow Pencil 2in1 Original BPOM | Pensil Alis Black Brown Dark Brown Grey Brown Plus Rautan Spoolia Brush,makeup,negative,0.9994
16178975721,"Barang TDK sesuai,sy pesan madeo spray 3 yg DTG cmn 1.truss Kanton dlmx SDH robek.pdahal sy SDH 2x belanja ditokoh ini.knp begini 😬",4,[Omorfo] MADEO Deodorant Spray (BPOM)  | Penghilang Bau Badan Ampuh | Pemutih Ketiak | Solusi Bau Keringat,deodorant,negative,0.9994
15799459390,"dikirimnya lama sekali pdahal instan, pesan di jam 11 pagi dikirim nya besok sore(h+1) menjelang magrib. adminnya jg slowrespon bgt, di ingatin buat kirim pesan via live malah di block dan larang kamu utk komen2😀",2,[Omorfo] OMG OH MY GLAM Lip Series | OMG OH MY GLAM Matte Kiss Lip Cream | Oh My Glam Gloss Lip Finish Vinyl 2.7gr OMG Lip Gloss Lipgloss | Lip Tint | Glassy | OMG Lipcream | OMG Lip tint | OMG Glassy liptint,lip,negative,0.9993
19852354278,"Co lipstik, tapi lipstiknya ngak dikirim",1,[Omorfo] OMG OH MY GLAM Lip Series | OMG OH MY GLAM Matte Kiss Lip Cream | Oh My Glam Gloss Lip Finish Vinyl 2.7gr OMG Lip Gloss Lipgloss | Lip Tint | Glassy | OMG Lipcream | OMG Lip tint | OMG Glassy liptint,lip,negative,0.9992
56034778511,Barang tidak ada,5,[Omorfo] HADA LABO All Series | HADALABO Gokujyun | ShiroJyun | GokuJyun Alpha | Tamagohada | Face Wash | Lotion | Essence | Toner | Cleansing Oil | Face Mist | Moisturizer Shirojyun,skincare,negative,0.9993
7086939294,Pesan brown yg dkirim hitam.komplen ditolak karna tdk ad video pdhal ada foto kok itupun masih dalam kemasan paket.di chat katnya dkirim dihari yg sama pdahal tidak..kecewa !!!,1,[Omorfo] IMPLORA Eyebrow Pencil 2in1 Original BPOM | Pensil Alis Black Brown Dark Brown Grey Brown Plus Rautan Spoolia Brush,makeup,negative,0.9994
11282663499,"Kemasan:12.07

Parah sih wrn yg no 7. Beda banget..",5,[Omorfo] OMG OH MY GLAM Lip Series | OMG OH MY GLAM Matte Kiss Lip Cream | Oh My Glam Gloss Lip Finish Vinyl 2.7gr OMG Lip Gloss Lipgloss | Lip Tint | Glassy | OMG Lipcream | OMG Lip tint | OMG Glassy liptint,lip,negative,0.9994
36041463072,"Tidak amanah, udah minta batalin karna mau pesan yg lain, mala ditolak",1,[Omorfo] OMG OH MY GLAM Lip Series | OMG OH MY GLAM Matte Kiss Lip Cream | Oh My Glam Gloss Lip Finish Vinyl 2.7gr OMG Lip Gloss Lipgloss | Lip Tint | Glassy | OMG Lipcream | OMG Lip tint | OMG Glassy liptint,lip,negative,0.9993
16275846847,"Aroma:blm dicoba
Tekstur:ok
Keaslian:tdk tahu

Terimakasih sudah dikirim",5,[Omorfo] MADEO Deodorant Spray (BPOM)  | Penghilang Bau Badan Ampuh | Pemutih Ketiak | Solusi Bau Keringat,deodorant,negative,0.9968
11229885156,Bru kali ini pesannya 3 mlh yg dtng cmn 2🥴,5,[Omorfo] IMPLORA Eyebrow Pencil 2in1 Original BPOM | Pensil Alis Black Brown Dark Brown Grey Brown Plus Rautan Spoolia Brush,makeup,negative,0.999
15194628440,"Pelayanan jelek, produk yang dtg kurang 1 (eyeliner pinkflash). Katanya soldout dan pengembalian di selip di paket tapi pas di buka pengembaliannya tidak ada. Sudah 2 hari konfirmasi dan tanyakan solusi tapi tidak di respon terlalu banyak alasan. Pokoknya kecewa belanja disini 👎👎👎👎👎👎👎👎👎👎👎👎👎👎👎👎👎👎👎👎👎👎👎👎👎👎👎👎👎👎👎👎👎👎👎👎👎👎👎",1,[Omorfo] MADEO Deodorant Spray (BPOM)  | Penghilang Bau Badan Ampuh | Pemutih Ketiak | Solusi Bau Keringat,deodorant,negative,0.9994
16672387675,"exp datenya 2027, cuma dtg sdh terbuka alias tdk ada plastiknya semoga tdk dipalsukan wallahu a’lam bishawab",4,[Omorfo] HADA LABO All Series | HADALABO Gokujyun | ShiroJyun | GokuJyun Alpha | Tamagohada | Face Wash | Lotion | Essence | Toner | Cleansing Oil | Face Mist | Moisturizer Shirojyun,skincare,negative,0.9937
15686191590,Apa mau diniliai klo nda dikirim. Cuma gunting kuku dikirim. Pensil alisnya tdk ada!!! Mengecewakan pdhl sering beli dsni,1,[Omorfo] IMPLORA Eyebrow Pencil 2in1 Original BPOM | Pensil Alis Black Brown Dark Brown Grey Brown Plus Rautan Spoolia Brush,makeup,negative,0.9995
15823203516,"2x pesan sllu salah2 pesanan ku
Nda teliti kirim barang",1,[Omorfo] OMG OH MY GLAM Lip Series | OMG OH MY GLAM Matte Kiss Lip Cream | Oh My Glam Gloss Lip Finish Vinyl 2.7gr OMG Lip Gloss Lipgloss | Lip Tint | Glassy | OMG Lipcream | OMG Lip tint | OMG Glassy liptint,lip,negative,0.9988
22360572190,"Tekstur:lembut
Aroma:tidak ada
Keaslian:asli

🫶",5,[Omorfo] MADEO Deodorant Spray (BPOM)  | Penghilang Bau Badan Ampuh | Pemutih Ketiak | Solusi Bau Keringat,deodorant,negative,0.9991
16118600309,"Pesanan tidak sesuai dengan yang dipesan
Kecewa banget",2,[Omorfo] HADA LABO All Series | HADALABO Gokujyun | ShiroJyun | GokuJyun Alpha | Tamagohada | Face Wash | Lotion | Essence | Toner | Cleansing Oil | Face Mist | Moisturizer Shirojyun,skincare,negative,0.9994
17047777117,Nggk amanah barangx kurang satu.,1,[Omorfo] OMG OH MY GLAM Lip Series | OMG OH MY GLAM Matte Kiss Lip Cream | Oh My Glam Gloss Lip Finish Vinyl 2.7gr OMG Lip Gloss Lipgloss | Lip Tint | Glassy | OMG Lipcream | OMG Lip tint | OMG Glassy liptint,lip,negative,0.9987
15879928520,"Mantap, barang sampai dengan selamat, paket lengkap tidak ada yg kurang. Selalu puas belanja disini, pokoknya jadi langganan kalau mau belanja skincare di mkssr",5,[Omorfo] IMPLORA Eyebrow Pencil 2in1 Original BPOM | Pensil Alis Black Brown Dark Brown Grey Brown Plus Rautan Spoolia Brush,makeup,positive,0.9996
16094078532,"Aroma:..
Tekstur:..
Keaslian:..

bagaimana ini kak knpa barang yang saya terimah  tidak cukup padahal yang saya pesan 5 knpa yang tiba 1 ji saja",4,[Omorfo] MADEO Deodorant Spray (BPOM)  | Penghilang Bau Badan Ampuh | Pemutih Ketiak | Solusi Bau Keringat,deodorant,negative,0.9963
18386576009,"Tekstur:memiliki tekstur yang bagus dan tahan lama
Cocok untuk:cocok untuk semua
Warna:warnanya soft cantik dan sesuai orderan

Saya suka belanja ditoko ini krna selalu amanah dan harganya terjangkau",5,[Omorfo] OMG OH MY GLAM Lip Series | OMG OH MY GLAM Matte Kiss Lip Cream | Oh My Glam Gloss Lip Finish Vinyl 2.7gr OMG Lip Gloss Lipgloss | Lip Tint | Glassy | OMG Lipcream | OMG Lip tint | OMG Glassy liptint,lip,positive,0.9996
16193769526,"Aroma:gatau salah kiirm tokonya
Tekstur:gatau
Keaslian:gatau

CO ini tapi yg di kirim sariayu fash wash, udah salah shade, salah kirim pulak hmm. lebih teliti lagi. pas live aku liat ada yg complain jg soal salah kirim. berarti bukan cuman aku doang",1,[Omorfo] MADEO Deodorant Spray (BPOM)  | Penghilang Bau Badan Ampuh | Pemutih Ketiak | Solusi Bau Keringat,deodorant,negative,0.9991
41375309190,"hadalabo selain ramah di kantong pelajar juga ramah di all skin type jadi suka banget, apalagi di omorfo juga harga terjangkau",5,[Omorfo] HADA LABO All Series | HADALABO Gokujyun | ShiroJyun | GokuJyun Alpha | Tamagohada | Face Wash | Lotion | Essence | Toner | Cleansing Oil | Face Mist | Moisturizer Shirojyun,skincare,positive,0.9996
4416019073,"ada 1 item yg gak datang, tp tetap bayar, cod gk sesuai aplikasi, kurir gak amanah, brharap ada kbijakan baiknya tp ternyata gk ada, oke",4,[Omorfo] HADA LABO All Series | HADALABO Gokujyun | ShiroJyun | GokuJyun Alpha | Tamagohada | Face Wash | Lotion | Essence | Toner | Cleansing Oil | Face Mist | Moisturizer Shirojyun,skincare,negative,0.9992
12214495150,"Ini gimana sih yg sa pesan 3 barang yg dtng 2 ji, BARU CHT KU TDK DI BALAS2 ,",1,[Omorfo] OMG OH MY GLAM Lip Series | OMG OH MY GLAM Matte Kiss Lip Cream | Oh My Glam Gloss Lip Finish Vinyl 2.7gr OMG Lip Gloss Lipgloss | Lip Tint | Glassy | OMG Lipcream | OMG Lip tint | OMG Glassy liptint,lip,negative,0.9993
30097105735,barang kosong pengembalian 1minggun + tidak sesuai yang di kembalikan. 😭 malah saya yg di potongi padahal si tokonya yang salah stoknya yg kosong malah uangku di potong. sumpah demi allah sampai kapan pun tidak ikhlasi. bukan soal nominalnya. tpi TANGUNG JAWAB.,1,[Omorfo] MADEO Deodorant Spray (BPOM)  | Penghilang Bau Badan Ampuh | Pemutih Ketiak | Solusi Bau Keringat,deodorant,negative,0.9994
8049222575,"Cangtip banget warnanya. Cepat ngeset dan hasilnya matte. Btw paket mendarat aman, packingan rapi dan tebal. Makasih seller!",5,[Omorfo] OMG OH MY GLAM Lip Series | OMG OH MY GLAM Matte Kiss Lip Cream | Oh My Glam Gloss Lip Finish Vinyl 2.7gr OMG Lip Gloss Lipgloss | Lip Tint | Glassy | OMG Lipcream | OMG Lip tint | OMG Glassy liptint,lip,positive,0.9996
13853040801,"Barangnya semua ori, bagus, kecepatan pengiriman oke, respon penjual juga sangat ramah. Aku udah beberapa kali beli disini🫶",5,[Omorfo] IMPLORA Eyebrow Pencil 2in1 Original BPOM | Pensil Alis Black Brown Dark Brown Grey Brown Plus Rautan Spoolia Brush,makeup,positive,0.9996
12455137134,"pengiriman cepat, packing rapi, harga terjangkau. terimakasih seller 🤍",5,[Omorfo] IMPLORA Eyebrow Pencil 2in1 Original BPOM | Pensil Alis Black Brown Dark Brown Grey Brown Plus Rautan Spoolia Brush,makeup,positive,0.9996
48384444367,"csnya slow respon banget, barangnya kurang, katanya mau kembalikan dana tapi sudah seminggu diberi slalu diberi alasan yang tidak jelas. padahal udah langganan tapi kok begini ya?",1,[Omorfo] OMG OH MY GLAM Lip Series | OMG OH MY GLAM Matte Kiss Lip Cream | Oh My Glam Gloss Lip Finish Vinyl 2.7gr OMG Lip Gloss Lipgloss | Lip Tint | Glassy | OMG Lipcream | OMG Lip tint | OMG Glassy liptint,lip,negative,0.9994
16438353816,"Warna:tidak sesuai dengan yang dipesan

yang dipesan shade 22&13 yg dikirim 13&25😭 padahal excited bgt mau cpba shade 22💔",2,[Omorfo] OMG OH MY GLAM Lip Series | OMG OH MY GLAM Matte Kiss Lip Cream | Oh My Glam Gloss Lip Finish Vinyl 2.7gr OMG Lip Gloss Lipgloss | Lip Tint | Glassy | OMG Lipcream | OMG Lip tint | OMG Glassy liptint,lip,negative,0.9994
25834222916,Saran aja sih meskipun customer gk pake perlindungan produk dari shoppe tapi pihak toko harusnya kasi bubble wrap lah minimal 1 putaran di semua produk karna produknya telanjang cuman bungkusan luar doang. Untung gk pecah yahh,5,[Omorfo] OMG OH MY GLAM Lip Series | OMG OH MY GLAM Matte Kiss Lip Cream | Oh My Glam Gloss Lip Finish Vinyl 2.7gr OMG Lip Gloss Lipgloss | Lip Tint | Glassy | OMG Lipcream | OMG Lip tint | OMG Glassy liptint,lip,negative,0.9981
16352964715,Tekstur:baru pertama coba,4,[Omorfo] Accessories Kuas Eyebrow pipih | Kuas alis mata | bulu pipih hitam makeup ultra thin Brush makeup bulu sintetis,aksesoris,negative,0.9972
31764221323,Ga ada foto karena barangnya juga g dikirim. Teliti sebelum mengirimkan barang,1,[Omorfo] Accessories Kuas Eyebrow pipih | Kuas alis mata | bulu pipih hitam makeup ultra thin Brush makeup bulu sintetis,aksesoris,negative,0.9993
52395382873,Dari dulu udah langganan banget sama toko ini buat beli skincare. Skincare yang dijual pun banyak dan lengkap dan yg pasti bpom dan original,5,[Omorfo] HADA LABO All Series | HADALABO Gokujyun | ShiroJyun | GokuJyun Alpha | Tamagohada | Face Wash | Lotion | Essence | Toner | Cleansing Oil | Face Mist | Moisturizer Shirojyun,skincare,positive,0.9996
16257844983,"Tekstur:sangat lembut dan nyaman
Kegunaan:sangat cocok digunakan untuk membentuk alis
Kondisi Pesanan:diterima dengan baik

Brushnya bagus banget, cock digunakan buat konsiler alis, brushnya murah tapi kualitas nggak murahan",5,[Omorfo] Accessories Kuas Eyebrow pipih | Kuas alis mata | bulu pipih hitam makeup ultra thin Brush makeup bulu sintetis,aksesoris,positive,0.9996
80338209726,shade yang dikirim tidak sesuai bahkan nomornya dilepas,2,[Omorfo] OMG OH MY GLAM Lip Series | OMG OH MY GLAM Matte Kiss Lip Cream | Oh My Glam Gloss Lip Finish Vinyl 2.7gr OMG Lip Gloss Lipgloss | Lip Tint | Glassy | OMG Lipcream | OMG Lip tint | OMG Glassy liptint,lip,negative,0.9993
16242958482,Pencil alis implora nya kaga ada,1,[Omorfo] IMPLORA Eyebrow Pencil 2in1 Original BPOM | Pensil Alis Black Brown Dark Brown Grey Brown Plus Rautan Spoolia Brush,makeup,negative,0.9988
99087495612,Tekstur:aromanya menyengat,2,[Omorfo] MADEO Deodorant Spray (BPOM)  | Penghilang Bau Badan Ampuh | Pemutih Ketiak | Solusi Bau Keringat,deodorant,negative,0.9988
79025481953,Sabunnya palsu,1,[Omorfo] IMPLORA Eyebrow Pencil 2in1 Original BPOM | Pensil Alis Black Brown Dark Brown Grey Brown Plus Rautan Spoolia Brush,makeup,negative,0.9994
15740909701,"Sangat senang belanja di toko ini selalu amanah..pengiriman cepat..barang selalu sesuai pesanan dan packingan.y juga rapi
Recomended banget dechh pokok.y dengan toko ini
Smoga toko.y makin sukses yaaa",5,[Omorfo] IMPLORA Eyebrow Pencil 2in1 Original BPOM | Pensil Alis Black Brown Dark Brown Grey Brown Plus Rautan Spoolia Brush,makeup,positive,0.9996
52838379590,"shade ini cape bgt buat ombre,secakeppp itu😍",5,[Omorfo] OMG OH MY GLAM Lip Series | OMG OH MY GLAM Matte Kiss Lip Cream | Oh My Glam Gloss Lip Finish Vinyl 2.7gr OMG Lip Gloss Lipgloss | Lip Tint | Glassy | OMG Lipcream | OMG Lip tint | OMG Glassy liptint,lip,negative,0.9984
16592781883,tonernyaa tumpahh😭😭,4,[Omorfo] HADA LABO All Series | HADALABO Gokujyun | ShiroJyun | GokuJyun Alpha | Tamagohada | Face Wash | Lotion | Essence | Toner | Cleansing Oil | Face Mist | Moisturizer Shirojyun,skincare,negative,0.9993
16091851855,Kurang puas sama pengiriman nya aku pesan no 12 sama 27 ini yg dtang no 17,1,[Omorfo] OMG OH MY GLAM Lip Series | OMG OH MY GLAM Matte Kiss Lip Cream | Oh My Glam Gloss Lip Finish Vinyl 2.7gr OMG Lip Gloss Lipgloss | Lip Tint | Glassy | OMG Lipcream | OMG Lip tint | OMG Glassy liptint,lip,negative,0.9991
16332535201,b aja sih,5,[Omorfo] HADA LABO All Series | HADALABO Gokujyun | ShiroJyun | GokuJyun Alpha | Tamagohada | Face Wash | Lotion | Essence | Toner | Cleansing Oil | Face Mist | Moisturizer Shirojyun,skincare,negative,0.9992
16309313279,"Maaf banget admin slow resp gonta ganti gaada solusi, pesanan tidak lengkap tetap dikirim, minta dibatalkan ditolak pdhl admin sendiri yg bilang stok habis, yaudahlaa emg butuh penilaian buruk keknya ni toko🙏🏻",4,[Omorfo] HADA LABO All Series | HADALABO Gokujyun | ShiroJyun | GokuJyun Alpha | Tamagohada | Face Wash | Lotion | Essence | Toner | Cleansing Oil | Face Mist | Moisturizer Shirojyun,skincare,negative,0.9983
5613798119,"Warna:bagus
Kenyamanan aplikator:bagus
Ketahanan:bagus

Kualitas sangat Baik, produk original, Harga murah.",5,[Omorfo] IMPLORA Eyebrow Pencil 2in1 Original BPOM | Pensil Alis Black Brown Dark Brown Grey Brown Plus Rautan Spoolia Brush,makeup,positive,0.9996
18395240216,Warna:latte,5,[Omorfo] OMG OH MY GLAM Lip Series | OMG OH MY GLAM Matte Kiss Lip Cream | Oh My Glam Gloss Lip Finish Vinyl 2.7gr OMG Lip Gloss Lipgloss | Lip Tint | Glassy | OMG Lipcream | OMG Lip tint | OMG Glassy liptint,lip,negative,0.9992
75240847341,"Belum pakai, ini first time nanti kalau bagus aku ubah kembali ulasanku",5,[Omorfo] HADA LABO All Series | HADALABO Gokujyun | ShiroJyun | GokuJyun Alpha | Tamagohada | Face Wash | Lotion | Essence | Toner | Cleansing Oil | Face Mist | Moisturizer Shirojyun,skincare,negative,0.9971
62369479430,Belanja yg kesekian kalinya..mantappppp👍👍👍,5,[Omorfo] MADEO Deodorant Spray (BPOM)  | Penghilang Bau Badan Ampuh | Pemutih Ketiak | Solusi Bau Keringat,deodorant,positive,0.9996
44150168759,"Tidak ada barangnya, dan pengembalian dananya lama sekali, sudah hanpir 3 pekan",1,[Omorfo] HADA LABO All Series | HADALABO Gokujyun | ShiroJyun | GokuJyun Alpha | Tamagohada | Face Wash | Lotion | Essence | Toner | Cleansing Oil | Face Mist | Moisturizer Shirojyun,skincare,negative,0.9993
8356832310,"Semua pesanan lengkap, cuma agak kecewa si pesan hitam tp di kirim gray brown, baru gk ada konfirmasi sebelumnya. Adahal uda langganan si.",3,[Omorfo] IMPLORA Eyebrow Pencil 2in1 Original BPOM | Pensil Alis Black Brown Dark Brown Grey Brown Plus Rautan Spoolia Brush,makeup,negative,0.9979
17512232808,Tidak ada barangnya dikirim,2,[Omorfo] IMPLORA Eyebrow Pencil 2in1 Original BPOM | Pensil Alis Black Brown Dark Brown Grey Brown Plus Rautan Spoolia Brush,makeup,negative,0.9993
59075948339,"Buruk sekali paket ku sampai,sudah lama d kirim baru bgni 😏",5,[Omorfo] OMG OH MY GLAM Lip Series | OMG OH MY GLAM Matte Kiss Lip Cream | Oh My Glam Gloss Lip Finish Vinyl 2.7gr OMG Lip Gloss Lipgloss | Lip Tint | Glassy | OMG Lipcream | OMG Lip tint | OMG Glassy liptint,lip,negative,0.9994
56179287170,Pesanan sudah sampai sesuai orderan .. kemasan rapi kualitas bagus .. mantap,5,[Omorfo] IMPLORA Eyebrow Pencil 2in1 Original BPOM | Pensil Alis Black Brown Dark Brown Grey Brown Plus Rautan Spoolia Brush,makeup,positive,0.9996
31222820055,pesan warna hitam datang warna lain,3,[Omorfo] IMPLORA Eyebrow Pencil 2in1 Original BPOM | Pensil Alis Black Brown Dark Brown Grey Brown Plus Rautan Spoolia Brush,makeup,negative,0.9991
20538013259,Tidak sesuai yg di pesan dengan barang yg datang,3,[Omorfo] IMPLORA Eyebrow Pencil 2in1 Original BPOM | Pensil Alis Black Brown Dark Brown Grey Brown Plus Rautan Spoolia Brush,makeup,negative,0.9993
17314967041,"Tekstur:lembut nyaman
Aroma:sangat harum.. suka banget

Bgus . Nyaman di pakai dan  harum",4,[Omorfo] MADEO Deodorant Spray (BPOM)  | Penghilang Bau Badan Ampuh | Pemutih Ketiak | Solusi Bau Keringat,deodorant,positive,0.9996
16104838937,"Pngirman cpt dan kurirx ramah ,brangx murah lgi,puas bnget deh",5,[Omorfo] MADEO Deodorant Spray (BPOM)  | Penghilang Bau Badan Ampuh | Pemutih Ketiak | Solusi Bau Keringat,deodorant,positive,0.9996
13589163053,"real pict dan saya sangatt puasss,toko ini sudah sangat jadi langganan saya haha makasi kak😻😻",5,[Omorfo] OMG OH MY GLAM Lip Series | OMG OH MY GLAM Matte Kiss Lip Cream | Oh My Glam Gloss Lip Finish Vinyl 2.7gr OMG Lip Gloss Lipgloss | Lip Tint | Glassy | OMG Lipcream | OMG Lip tint | OMG Glassy liptint,lip,positive,0.9996
40702889748,Pengirimannya lama pdhl satu kota,5,[Omorfo] Accessories Kuas Eyebrow pipih | Kuas alis mata | bulu pipih hitam makeup ultra thin Brush makeup bulu sintetis,aksesoris,negative,0.9992
38507791027,"Tonernya sampai dalam keadaan bocor,bahkan sudah kedua kalinya sy cekout barang  yg ternyata lagi kosong,barang lagi kosong tapi masih bisa di cekout bikin semuanya jadi ribet kalau emang barangnya lagi kosong kenapa masih bisa di cekout,padahal udah langganan,ini bakal jadi terakhir kalinya saya pesan barang di toko ini",3,[Omorfo] HADA LABO All Series | HADALABO Gokujyun | ShiroJyun | GokuJyun Alpha | Tamagohada | Face Wash | Lotion | Essence | Toner | Cleansing Oil | Face Mist | Moisturizer Shirojyun,skincare,negative,0.9989
16229761502,Pensil alisnya tdk ada. Mungkin sold out tpi di aplikasi masih ada. Dikembalikan uang. Padahal lgi butuh pensil alis🥹,3,[Omorfo] IMPLORA Eyebrow Pencil 2in1 Original BPOM | Pensil Alis Black Brown Dark Brown Grey Brown Plus Rautan Spoolia Brush,makeup,negative,0.9993
93074096537,Kenyamanan:kulit saya menjadi lebih sensitif dan kering berminyak di beberapa titik serta muncul jerawat yang meradang yang lumayan banyak,5,[Omorfo] HADA LABO All Series | HADALABO Gokujyun | ShiroJyun | GokuJyun Alpha | Tamagohada | Face Wash | Lotion | Essence | Toner | Cleansing Oil | Face Mist | Moisturizer Shirojyun,skincare,negative,0.9973
12390031430,Sudah tidak diragukan lagi ditoko ini.. sudah berapa kali pesan ditoko ini .. puass banget 🙏💖💓,5,[Omorfo] OMG OH MY GLAM Lip Series | OMG OH MY GLAM Matte Kiss Lip Cream | Oh My Glam Gloss Lip Finish Vinyl 2.7gr OMG Lip Gloss Lipgloss | Lip Tint | Glassy | OMG Lipcream | OMG Lip tint | OMG Glassy liptint,lip,positive,0.9996
24411788014,Tekstur:m,5,[Omorfo] OMG OH MY GLAM Lip Series | OMG OH MY GLAM Matte Kiss Lip Cream | Oh My Glam Gloss Lip Finish Vinyl 2.7gr OMG Lip Gloss Lipgloss | Lip Tint | Glassy | OMG Lipcream | OMG Lip tint | OMG Glassy liptint,lip,negative,0.9986
53218613597,Pesan yg 100 ml dikirimnya 50 ml. Adminnya AI jadi susah banget konfirmasinya. Katanya mau di refund selisih uangnya tapi sampai sekarang gak direspon admin,2,[Omorfo] HADA LABO All Series | HADALABO Gokujyun | ShiroJyun | GokuJyun Alpha | Tamagohada | Face Wash | Lotion | Essence | Toner | Cleansing Oil | Face Mist | Moisturizer Shirojyun,skincare,negative,0.9993
21342227812,gak trima saya!!!,1,[Omorfo] HADA LABO All Series | HADALABO Gokujyun | ShiroJyun | GokuJyun Alpha | Tamagohada | Face Wash | Lotion | Essence | Toner | Cleansing Oil | Face Mist | Moisturizer Shirojyun,skincare,negative,0.9992
16550123023,aku pesannya  brow pop dikirimnya brow pencill😄.,4,[Omorfo] IMPLORA Eyebrow Pencil 2in1 Original BPOM | Pensil Alis Black Brown Dark Brown Grey Brown Plus Rautan Spoolia Brush,makeup,negative,0.9991
31690821066,pesannya no 13 malah dikirim yang 14 haddehhh mana pesanan orang lagii,1,[Omorfo] OMG OH MY GLAM Lip Series | OMG OH MY GLAM Matte Kiss Lip Cream | Oh My Glam Gloss Lip Finish Vinyl 2.7gr OMG Lip Gloss Lipgloss | Lip Tint | Glassy | OMG Lipcream | OMG Lip tint | OMG Glassy liptint,lip,negative,0.9994
40413419105,"Tolong lebih diperhatikan lagi, saya pesan shade 14 15 tapi yang dikirim 12 14",4,[Omorfo] OMG OH MY GLAM Lip Series | OMG OH MY GLAM Matte Kiss Lip Cream | Oh My Glam Gloss Lip Finish Vinyl 2.7gr OMG Lip Gloss Lipgloss | Lip Tint | Glassy | OMG Lipcream | OMG Lip tint | OMG Glassy liptint,lip,negative,0.998
16210700319,"Sy kecewa dgn pengirimannya, pesannya instant sy kira 1 jam dikirim setelah co tp ternyata jam 10 malam padahal co sekitar jam12 siang.",5,[Omorfo] IMPLORA Eyebrow Pencil 2in1 Original BPOM | Pensil Alis Black Brown Dark Brown Grey Brown Plus Rautan Spoolia Brush,makeup,negative,0.9994
17700203727,"Tekstur:bagus
Cocok untuk:orang dewasa
Warna:lembut

Akhirnya sampai juga, suka bangett pokoknya✨✨
Warnanya cantik pool, harga murah meriahh, lumayan tahan lama, ringan, sangat nyaman dipakai sehari-hari. Apalagi kemarin dapat harga diskonn uhh senengnya langsung stok beberapa 🤭",5,[Omorfo] OMG OH MY GLAM Lip Series | OMG OH MY GLAM Matte Kiss Lip Cream | Oh My Glam Gloss Lip Finish Vinyl 2.7gr OMG Lip Gloss Lipgloss | Lip Tint | Glassy | OMG Lipcream | OMG Lip tint | OMG Glassy liptint,lip,positive,0.9996
16141587565,Salah shade. Pesan omg yg dikirim implora,3,[Omorfo] OMG OH MY GLAM Lip Series | OMG OH MY GLAM Matte Kiss Lip Cream | Oh My Glam Gloss Lip Finish Vinyl 2.7gr OMG Lip Gloss Lipgloss | Lip Tint | Glassy | OMG Lipcream | OMG Lip tint | OMG Glassy liptint,lip,negative,0.9994
15224427988,B aja,4,[Omorfo] IMPLORA Eyebrow Pencil 2in1 Original BPOM | Pensil Alis Black Brown Dark Brown Grey Brown Plus Rautan Spoolia Brush,makeup,negative,0.9994
13368472264,"Performa:kok ga harum yah?

Bingung sih kok gak se harum yang kemasan kecilnya,buat pensil ailisnya bagus sih",4,[Omorfo] IMPLORA Eyebrow Pencil 2in1 Original BPOM | Pensil Alis Black Brown Dark Brown Grey Brown Plus Rautan Spoolia Brush,makeup,negative,0.9953
7665244196,"Pengiriman cepatt. Respon penjual baik, paling suka belanja disini",5,[Omorfo] IMPLORA Eyebrow Pencil 2in1 Original BPOM | Pensil Alis Black Brown Dark Brown Grey Brown Plus Rautan Spoolia Brush,makeup,positive,0.9996
32534168569,"Aku pesannya facewash omg malah dikirim sunscreen omg, btw saya saran perhatikan baik-baik sebelum di packing, mana sunscreen gak dipakai lagi😌",1,[Omorfo] IMPLORA Eyebrow Pencil 2in1 Original BPOM | Pensil Alis Black Brown Dark Brown Grey Brown Plus Rautan Spoolia Brush,makeup,negative,0.9989
15895362634,"produknya habis, mohon chat saya direspon ya kak untuk pengembaliannya🙏",4,[Omorfo] OMG OH MY GLAM Lip Series | OMG OH MY GLAM Matte Kiss Lip Cream | Oh My Glam Gloss Lip Finish Vinyl 2.7gr OMG Lip Gloss Lipgloss | Lip Tint | Glassy | OMG Lipcream | OMG Lip tint | OMG Glassy liptint,lip,negative,0.9961
18067839503,"Tekstur:cair
Cocok untuk:kering
Keaslian:asli

“Produk sangat bagus, sesuai deskripsi!”

“Kualitas mantap, pengiriman cepat.”

“Sangat puas dengan belanja di sini.”

“Barang oke, recommended seller.”

“Produk berkualitas tinggi, sangat puas.”

“Harga terjangkau, kualitas luar biasa.”

“Layanan ramah, barang sesuai harapan.”

“Kualitas produk oke, pengiriman cepat.”

“Barang sampai dengan aman, puas.”

“Produk sesuai ekspektasi, mantap!”

“Belanja di sini selalu memuaskan.”

“Barang berkualitas, pelayanan cepat.”

“Kualitas top, harga terjangkau.”

“Puas dengan produk ini, recommended!”

“Barang bagus, sesuai deskripsi.”

“Pengiriman cepat, barang berkualitas.”

“Kualitas produk sangat memuaskan.”

“Harga oke, kualitas mantap.”

“Produk sesuai deskripsi, pengiriman cepat.”

“Belanja di sini sangat menyenangkan.”

“Barang berkualitas, harga bersahabat.”

“Produk memuaskan, recommended seller.”

“Layanan cepat, barang sesuai harapan.”

“Kualitas produk sangat baik, puas.”

“Harga murah, kualitas oke.”

“Pengiriman cepat, barang bagus.”

“Barang sampai dengan aman dan cepat.”

“Produk oke, sesuai ekspektasi.”

“Kualitas top, pengiriman cepat.”

“Sangat puas dengan kualitas produk.”

“Harga terjangkau, barang berkualitas.”

“Pelayanan ramah, produk sesuai.”

“Kualitas produk memuaskan.”

“Barang sampai cepat, sesuai deskripsi.”

“Produk bagus, harga terjangkau.”

“Barang sesuai ekspektasi, recommended.”

“Pengiriman cepat, kualitas oke.”

“Kualitas produk luar biasa.”

“Harga murah, kualitas bagus.”

“Produk memuaskan, recommended!”

“Barang berkualitas, pengiriman cepat.”

“Pelayanan cepat, barang sesuai.”

“Harga terjangkau, kualitas bagus.”

“Barang sampai dengan cepat.”

“Produk sesuai deskripsi, puas.”

“Kualitas oke, pengiriman cepat.”

“Harga murah, barang bagus.”

“Layanan cepat, produk sesuai.”

“Produk berkualitas, harga oke.”

“Barang sesuai deskripsi, mantap.”

“Pengiriman cepat, barang memuaskan.”

“Kualitas top, harga bersahabat.”

“Barang bagus, recommended!”

“Produk oke, sesuai harapan.”

“Harga terjangkau, kualitas top.”

“Pengiriman cepat, barang oke.”

“Produk berkualitas, sangat puas.”

“Harga oke, pengiriman cepat.”

“Barang sesuai deskripsi, bagus.”

“Kualitas produk memuaskan, recommended",5,[Omorfo] HADA LABO All Series | HADALABO Gokujyun | ShiroJyun | GokuJyun Alpha | Tamagohada | Face Wash | Lotion | Essence | Toner | Cleansing Oil | Face Mist | Moisturizer Shirojyun,skincare,positive,0.9996
8422491007,"Saya😱 pesan OMG kenapa yg dikirim IMPLORA😡
Tolong lebih teliti",1,[Omorfo] OMG OH MY GLAM Lip Series | OMG OH MY GLAM Matte Kiss Lip Cream | Oh My Glam Gloss Lip Finish Vinyl 2.7gr OMG Lip Gloss Lipgloss | Lip Tint | Glassy | OMG Lipcream | OMG Lip tint | OMG Glassy liptint,lip,negative,0.999
8089516774,"Ketahanan:ok
Warna:ok
Kenyamanan aplikator:ok

Kualitas produk baik,dengan harga segitu,produk.original ,harga produk baik, admin fast respon dan ramah, senang belanja.di toko ini smoga bs ke depannya jadi langganan, produknya rekomendid dan memuaskan, kecepatan pengiriman baik, oke dan puas belanja di sini, terima kasih seller dan kurirnya...👍",5,[Omorfo] IMPLORA Eyebrow Pencil 2in1 Original BPOM | Pensil Alis Black Brown Dark Brown Grey Brown Plus Rautan Spoolia Brush,makeup,positive,0.9996
28659905397,tdk sesuai yg dipesan beda sama yg datang...kecewa,2,[Omorfo] IMPLORA Eyebrow Pencil 2in1 Original BPOM | Pensil Alis Black Brown Dark Brown Grey Brown Plus Rautan Spoolia Brush,makeup,negative,0.9994
15643045399,"produk dikirim dengan sangat cepat, semua sesuai dengan deskripsi, sellernya bagus anti ribet, jadi aman transaksi sat set. terima kasih kak.",5,[Omorfo] MADEO Deodorant Spray (BPOM)  | Penghilang Bau Badan Ampuh | Pemutih Ketiak | Solusi Bau Keringat,deodorant,positive,0.9996
29322628193,saya pesan 3 yg kuas tipis kecil tpi di ksi kuas yg besar 1,4,[Omorfo] Accessories Kuas Eyebrow pipih | Kuas alis mata | bulu pipih hitam makeup ultra thin Brush makeup bulu sintetis,aksesoris,negative,0.9954
14370852652,"Performa:biasa saja
Tekstur:biasa saja
Cocok Untuk:teksturx basah

Teksturx basah",4,[Omorfo] IMPLORA Eyebrow Pencil 2in1 Original BPOM | Pensil Alis Black Brown Dark Brown Grey Brown Plus Rautan Spoolia Brush,makeup,negative,0.9984
24388658766,PESANNYA 12 EH YG DATANG MALAH 13 KECEWA BERATT SIHHH,3,[Omorfo] OMG OH MY GLAM Lip Series | OMG OH MY GLAM Matte Kiss Lip Cream | Oh My Glam Gloss Lip Finish Vinyl 2.7gr OMG Lip Gloss Lipgloss | Lip Tint | Glassy | OMG Lipcream | OMG Lip tint | OMG Glassy liptint,lip,negative,0.9993
15465176918,Sesuka itu belanja dsni 😍,5,[Omorfo] IMPLORA Eyebrow Pencil 2in1 Original BPOM | Pensil Alis Black Brown Dark Brown Grey Brown Plus Rautan Spoolia Brush,makeup,negative,0.9991
24379739263,Baru mau coba,5,[Omorfo] HADA LABO All Series | HADALABO Gokujyun | ShiroJyun | GokuJyun Alpha | Tamagohada | Face Wash | Lotion | Essence | Toner | Cleansing Oil | Face Mist | Moisturizer Shirojyun,skincare,negative,0.9979
29949740781,Kayaknyaa dikulit aku tidak cocok soalnya numbuhin jerawat merah,3,[Omorfo] HADA LABO All Series | HADALABO Gokujyun | ShiroJyun | GokuJyun Alpha | Tamagohada | Face Wash | Lotion | Essence | Toner | Cleansing Oil | Face Mist | Moisturizer Shirojyun,skincare,negative,0.9988
69863494527,"Tgl exp nya kehapus ntah sengaja atau gimana itu,,bekas plasteran nempel jdi jelek deh😌",3,[Omorfo] HADA LABO All Series | HADALABO Gokujyun | ShiroJyun | GokuJyun Alpha | Tamagohada | Face Wash | Lotion | Essence | Toner | Cleansing Oil | Face Mist | Moisturizer Shirojyun,skincare,negative,0.9993
16643180021,Warna:black,5,[Omorfo] IMPLORA Eyebrow Pencil 2in1 Original BPOM | Pensil Alis Black Brown Dark Brown Grey Brown Plus Rautan Spoolia Brush,makeup,negative,0.9993
16915148543,"Sabun cuci muka nu face isinya keluar (bocor) , tdk aman dalam pengirimannya,,",1,[Omorfo] IMPLORA Eyebrow Pencil 2in1 Original BPOM | Pensil Alis Black Brown Dark Brown Grey Brown Plus Rautan Spoolia Brush,makeup,negative,0.9993
71088347371,Pesan 2 yang di krim cumn 1,3,[Omorfo] OMG OH MY GLAM Lip Series | OMG OH MY GLAM Matte Kiss Lip Cream | Oh My Glam Gloss Lip Finish Vinyl 2.7gr OMG Lip Gloss Lipgloss | Lip Tint | Glassy | OMG Lipcream | OMG Lip tint | OMG Glassy liptint,lip,negative,0.9991
16501012161,"Tekstur:seperti krim
Cocok untuk:wajah berminyak
Keaslian:asli

Dari segi harga murah banget dari yg lain, but kelengkapan barang ga banget kalo beli online. Saran utk pembelian online diperbaiki lagi pelayanannya, jumlah dan item barang harusnya lebih teliti saat dikirimkan",5,[Omorfo] HADA LABO All Series | HADALABO Gokujyun | ShiroJyun | GokuJyun Alpha | Tamagohada | Face Wash | Lotion | Essence | Toner | Cleansing Oil | Face Mist | Moisturizer Shirojyun,skincare,negative,0.9967
15119558718,Produk tidak di krimkan smoga di krimkan kembali 🙏🏻,2,[Omorfo] Accessories Kuas Eyebrow pipih | Kuas alis mata | bulu pipih hitam makeup ultra thin Brush makeup bulu sintetis,aksesoris,negative,0.9992
17587827873,tolong balas pesan saya kak,1,[Omorfo] HADA LABO All Series | HADALABO Gokujyun | ShiroJyun | GokuJyun Alpha | Tamagohada | Face Wash | Lotion | Essence | Toner | Cleansing Oil | Face Mist | Moisturizer Shirojyun,skincare,neutral,0.9997
16314090354,"Pengiriman lambat,suka sebenarnya sama ini toko tapi sayang pengiriman nya lama padahal sekota,,,semoga kedepannya bisa lebih cepat lagi biar bisa jadi langganan🥹",4,[Omorfo] MADEO Deodorant Spray (BPOM)  | Penghilang Bau Badan Ampuh | Pemutih Ketiak | Solusi Bau Keringat,deodorant,negative,0.9964
12115731800,Kaget dongg liat wrn pinknya 😅 padahal sblumnya gak pernah pake lipcream se-pink ini 🙈,5,[Omorfo] OMG OH MY GLAM Lip Series | OMG OH MY GLAM Matte Kiss Lip Cream | Oh My Glam Gloss Lip Finish Vinyl 2.7gr OMG Lip Gloss Lipgloss | Lip Tint | Glassy | OMG Lipcream | OMG Lip tint | OMG Glassy liptint,lip,negative,0.999
15588405279,Kukira dapat 2pcs. Ternyata 1 aja,3,[Omorfo] MADEO Deodorant Spray (BPOM)  | Penghilang Bau Badan Ampuh | Pemutih Ketiak | Solusi Bau Keringat,deodorant,negative,0.9986
45697982822,Biasa aja,2,[Omorfo] Accessories Kuas Eyebrow pipih | Kuas alis mata | bulu pipih hitam makeup ultra thin Brush makeup bulu sintetis,aksesoris,negative,0.9992
16269056931,Knp produknya tdk tersegel,4,[Omorfo] OMG OH MY GLAM Lip Series | OMG OH MY GLAM Matte Kiss Lip Cream | Oh My Glam Gloss Lip Finish Vinyl 2.7gr OMG Lip Gloss Lipgloss | Lip Tint | Glassy | OMG Lipcream | OMG Lip tint | OMG Glassy liptint,lip,negative,0.9993
30568152728,"pas mau CO stok barangnya masih ada, tp ketika udh CO stok barangnya ternyata udah abis. mengecewakan. admin nya jg ga jelas bgt sumpah, udh konfirmasi utk ganti varian malah ngirim kertas ribet yg hrs melalu s-pay",1,[Omorfo] HADA LABO All Series | HADALABO Gokujyun | ShiroJyun | GokuJyun Alpha | Tamagohada | Face Wash | Lotion | Essence | Toner | Cleansing Oil | Face Mist | Moisturizer Shirojyun,skincare,negative,0.9994
15822839484,"barang sampai tanpa lecet, pengiriman juga cepat, suka belanja di omorfo, karena harganya terjangkau, sukseskii",5,[Omorfo] HADA LABO All Series | HADALABO Gokujyun | ShiroJyun | GokuJyun Alpha | Tamagohada | Face Wash | Lotion | Essence | Toner | Cleansing Oil | Face Mist | Moisturizer Shirojyun,skincare,positive,0.9996
29758661164,Barangnya tumpah..tidak tertutup rapat,4,[Omorfo] HADA LABO All Series | HADALABO Gokujyun | ShiroJyun | GokuJyun Alpha | Tamagohada | Face Wash | Lotion | Essence | Toner | Cleansing Oil | Face Mist | Moisturizer Shirojyun,skincare,negative,0.9993
13574698463,"Kali ini kecewa,tidak vidio unboxing krn sudah percaya yh tpi ternyata 1produk gkda. Yg d ceklist di res pun juga cuma 5 pdhl harusnya 6. Hrg 10k ngapain jg ku bela2 mnta kmbli klo mmng brgnya ad kan mending yg mhl tpi gpp yh bonus. Laain kali teliti kak!!",4,[Omorfo] OMG OH MY GLAM Lip Series | OMG OH MY GLAM Matte Kiss Lip Cream | Oh My Glam Gloss Lip Finish Vinyl 2.7gr OMG Lip Gloss Lipgloss | Lip Tint | Glassy | OMG Lipcream | OMG Lip tint | OMG Glassy liptint,lip,negative,0.9993
37150234817,nyesel banget beli di sini saya pesan 3 lip cream yg nyampe cuma 2🤬🤬🙄,1,[Omorfo] OMG OH MY GLAM Lip Series | OMG OH MY GLAM Matte Kiss Lip Cream | Oh My Glam Gloss Lip Finish Vinyl 2.7gr OMG Lip Gloss Lipgloss | Lip Tint | Glassy | OMG Lipcream | OMG Lip tint | OMG Glassy liptint,lip,negative,0.999
19912199044,"duo comboku, pkoknya ky saling nutupin kekurangan gitu. mayan ga lgsg ilang jg kl abis dpke mkn",5,[Omorfo] OMG OH MY GLAM Lip Series | OMG OH MY GLAM Matte Kiss Lip Cream | Oh My Glam Gloss Lip Finish Vinyl 2.7gr OMG Lip Gloss Lipgloss | Lip Tint | Glassy | OMG Lipcream | OMG Lip tint | OMG Glassy liptint,lip,negative,0.9992
10009374273,Paketnya yang datang salah yang dikirim soft brow bukan soft black.,4,[Omorfo] IMPLORA Eyebrow Pencil 2in1 Original BPOM | Pensil Alis Black Brown Dark Brown Grey Brown Plus Rautan Spoolia Brush,makeup,negative,0.9995
16304980472,"Aroma:harum menyeramkan
Tekstur:baguss

Wangi, kecintaanku, nyaman dipakai, semprotan aman",5,[Omorfo] MADEO Deodorant Spray (BPOM)  | Penghilang Bau Badan Ampuh | Pemutih Ketiak | Solusi Bau Keringat,deodorant,positive,0.9996
3564873665,Toko ini emang the best lahh klo soal produknya dan keasliannya juga ome banget...hdjsjlawhjdkdjlwavhhhjsba,5,[Omorfo] IMPLORA Eyebrow Pencil 2in1 Original BPOM | Pensil Alis Black Brown Dark Brown Grey Brown Plus Rautan Spoolia Brush,makeup,positive,0.9996
12305051253,"pesanannya kosong trus di ganti tpi di konfirmasi dlu sama admin, 🫶🏻🫶🏻",5,[Omorfo] IMPLORA Eyebrow Pencil 2in1 Original BPOM | Pensil Alis Black Brown Dark Brown Grey Brown Plus Rautan Spoolia Brush,makeup,negative,0.9941
16223169741,"selalu puas belanja di omorfo, respon penjualnya jg cepat😍😍",5,[Omorfo] OMG OH MY GLAM Lip Series | OMG OH MY GLAM Matte Kiss Lip Cream | Oh My Glam Gloss Lip Finish Vinyl 2.7gr OMG Lip Gloss Lipgloss | Lip Tint | Glassy | OMG Lipcream | OMG Lip tint | OMG Glassy liptint,lip,positive,0.9996
32176958421,Repeat orderan untuk yang kesekian kalinyaa.. Pokoknya the best deh 👍,5,[Omorfo] IMPLORA Eyebrow Pencil 2in1 Original BPOM | Pensil Alis Black Brown Dark Brown Grey Brown Plus Rautan Spoolia Brush,makeup,positive,0.9996
16586533036,Slow respon,3,[Omorfo] MADEO Deodorant Spray (BPOM)  | Penghilang Bau Badan Ampuh | Pemutih Ketiak | Solusi Bau Keringat,deodorant,negative,0.9993
13841549269,Pengiriman cepat. Packaging aman. Seller ramah dan amanah. Rekomen,5,[Omorfo] IMPLORA Eyebrow Pencil 2in1 Original BPOM | Pensil Alis Black Brown Dark Brown Grey Brown Plus Rautan Spoolia Brush,makeup,positive,0.9996
30361223345,"Maaf yah saya kecewa bgt sama toko ini, gamau beli disini lagi. Pesen eyeshadow ga di kirim. Udh cekout pake bubble wrap juga ga dikasihnya. Cuma dikasih plastik biasa. Tolong lebih teliti lagi dong. Di chat juga ga dibalas padahal online. 28k juga uang itu kak, namanya anda korupsi. Ga amanah. Ga sukaaa deh. Kalo ada bintang -100 ku kasih -100. Pelayanannya juga buruk. 👎🏻👎🏻👎🏻",1,[Omorfo] IMPLORA Eyebrow Pencil 2in1 Original BPOM | Pensil Alis Black Brown Dark Brown Grey Brown Plus Rautan Spoolia Brush,makeup,negative,0.9992
17696903464,"Yg lain sesuai cuma insole sepatunya yg tdk sesuai, dipesan kupu yg datang sayap",4,[Omorfo] IMPLORA Eyebrow Pencil 2in1 Original BPOM | Pensil Alis Black Brown Dark Brown Grey Brown Plus Rautan Spoolia Brush,makeup,negative,0.9984
46418858278,"Tekstur:smooth
Warna:nude
Cocok untuk:bibir

Bagus banget, murah, dan toko dapat di percaya!!",5,[Omorfo] OMG OH MY GLAM Lip Series | OMG OH MY GLAM Matte Kiss Lip Cream | Oh My Glam Gloss Lip Finish Vinyl 2.7gr OMG Lip Gloss Lipgloss | Lip Tint | Glassy | OMG Lipcream | OMG Lip tint | OMG Glassy liptint,lip,positive,0.9996
42890182680,"Tekstur:tekstur ga terlalu cair ga terlalu padat, pas
Warna:tidak memiliki warna sama sekali alias cler",4,[Omorfo] OMG OH MY GLAM Lip Series | OMG OH MY GLAM Matte Kiss Lip Cream | Oh My Glam Gloss Lip Finish Vinyl 2.7gr OMG Lip Gloss Lipgloss | Lip Tint | Glassy | OMG Lipcream | OMG Lip tint | OMG Glassy liptint,lip,negative,0.9988
18027991657,"Produk sudah sampai dengan baik dan benar🥰
Hanya saja saya tidak suka dengan kurirnya ekspedisi ID Express tidak mau mengantr sampai kerumah. Padahal kurir ekspedisi lain selalu mengantar sampai kerumah
Sayang nya kita tidak bisa pilih ekspedisi ketika memesan",5,[Omorfo] OMG OH MY GLAM Lip Series | OMG OH MY GLAM Matte Kiss Lip Cream | Oh My Glam Gloss Lip Finish Vinyl 2.7gr OMG Lip Gloss Lipgloss | Lip Tint | Glassy | OMG Lipcream | OMG Lip tint | OMG Glassy liptint,lip,negative,0.9955
16289955153,"Produk original, sesuai pesanan.. pengiriman cepat dan amanah",4,[Omorfo] Accessories Kuas Eyebrow pipih | Kuas alis mata | bulu pipih hitam makeup ultra thin Brush makeup bulu sintetis,aksesoris,positive,0.9996
16574502457,Pesan lip omg 2 dan liptin 1 tapi liptinx gak ada 🤦🏻‍♀️,2,[Omorfo] OMG OH MY GLAM Lip Series | OMG OH MY GLAM Matte Kiss Lip Cream | Oh My Glam Gloss Lip Finish Vinyl 2.7gr OMG Lip Gloss Lipgloss | Lip Tint | Glassy | OMG Lipcream | OMG Lip tint | OMG Glassy liptint,lip,negative,0.9987
30575104086,"Saya pesan barang 3pcs tapi yang datang cuma 2, emang Iyya sudah dikonfirmasi sebelum kirim barang kalau barang kosong, tapi sebagai penjual kurang sekali pertanggung jawabannya, ini sudah hampir 1 bulan saya minta pengembalian dana tapi tidak ada sampai sekarang, respon Iyya ada, tapi sama saja bohong soalnya dana tidak ada kembali sampai sekarang, masa Iyya uang saya terbuang percuma, ini bukan pertama kali saya belanja online, biasa saya belanja di toko lain, kalau memang stok barang ada yang kurang tidak sesuai dengan yang sudah dipesan yah uang lngsung dikembalikan.. sekarang ini penilaian saya, terserah uang mau kembali atau tidak setidaknya ini real testi saya, saya tidak akan ubah penilaian saya 🙏",1,[Omorfo] IMPLORA Eyebrow Pencil 2in1 Original BPOM | Pensil Alis Black Brown Dark Brown Grey Brown Plus Rautan Spoolia Brush,makeup,negative,0.9992
87963550320,kaknya salah kirim🙃,4,[Omorfo] HADA LABO All Series | HADALABO Gokujyun | ShiroJyun | GokuJyun Alpha | Tamagohada | Face Wash | Lotion | Essence | Toner | Cleansing Oil | Face Mist | Moisturizer Shirojyun,skincare,negative,0.9993
8050361267,"Ketahanan:bagus
Warna:cocok
Kenyamanan aplikator:nyaman, lembut

Bagus warnanya cocok di aku, cantik jadinya natural, lengkap krna udah ada rautan dan sisir alisnya",5,[Omorfo] IMPLORA Eyebrow Pencil 2in1 Original BPOM | Pensil Alis Black Brown Dark Brown Grey Brown Plus Rautan Spoolia Brush,makeup,positive,0.9996
84172567308,"sering belii facewash ditoko omorfo, tapi kali ini bener² kecewaa soalnya pas sampee isinya tdk full seperti biasanya isinya hanya setengah trus juga bagian dalam tutupnya gk ada segel nyaa biasanya adaa dibuka sebelum dipake.
prduk lain yg saya pesann amannn, cuma bagian facewash ini ajah",1,[Omorfo] HADA LABO All Series | HADALABO Gokujyun | ShiroJyun | GokuJyun Alpha | Tamagohada | Face Wash | Lotion | Essence | Toner | Cleansing Oil | Face Mist | Moisturizer Shirojyun,skincare,negative,0.999
42256819119,"Pengiriman cepat, barang sesuai deskripsi. Penjual responsif dan ramah. Sangat puas belanja di sini!",5,[Omorfo] MADEO Deodorant Spray (BPOM)  | Penghilang Bau Badan Ampuh | Pemutih Ketiak | Solusi Bau Keringat,deodorant,positive,0.9996
15468955482,"pesannya 4 dikirim cuma 1 anjirt, ngga di video karena aku pikir udah pasti ngga salah yahh, soalnya langganan jg beli offlinenya, kalau emang ngga niat jual ngga usah wkwk",1,[Omorfo] IMPLORA Eyebrow Pencil 2in1 Original BPOM | Pensil Alis Black Brown Dark Brown Grey Brown Plus Rautan Spoolia Brush,makeup,negative,0.9979
75438734245,"Pakett nyaaa lamaa skli dikirim . Padahal pesan tnggl 1 sampai d rmh tnggl 4 , padahal sama2 mkssr",3,[Omorfo] OMG OH MY GLAM Lip Series | OMG OH MY GLAM Matte Kiss Lip Cream | Oh My Glam Gloss Lip Finish Vinyl 2.7gr OMG Lip Gloss Lipgloss | Lip Tint | Glassy | OMG Lipcream | OMG Lip tint | OMG Glassy liptint,lip,negative,0.9992
36212369411,Tidak amanah!!!,1,[Omorfo] Accessories Kuas Eyebrow pipih | Kuas alis mata | bulu pipih hitam makeup ultra thin Brush makeup bulu sintetis,aksesoris,negative,0.9994
48966275244,saya pesan 4 item tpi yg datang cuman 1,1,[Omorfo] OMG OH MY GLAM Lip Series | OMG OH MY GLAM Matte Kiss Lip Cream | Oh My Glam Gloss Lip Finish Vinyl 2.7gr OMG Lip Gloss Lipgloss | Lip Tint | Glassy | OMG Lipcream | OMG Lip tint | OMG Glassy liptint,lip,negative,0.9989
11631714114,"Profil Kecantikan:pencil Alis implora
Tips Pengguna:pake alas Bedak dulu
Manfaat:supaya kagak Jadi tuyul kudu Pake alis",5,[Omorfo] IMPLORA Eyebrow Pencil 2in1 Original BPOM | Pensil Alis Black Brown Dark Brown Grey Brown Plus Rautan Spoolia Brush,makeup,neutral,0.9995
16139660002,"sangat buruk, barang yang dipesan ada 4 item api yang datang cuma 2 item (2 barang yang dilingkari dalam foto resi tidak ada). saya tidak punya video unboxing krn selama berbelanja di Shopee selalu aman saja tp sekarang malah ditipu sama olshop ini. jelas jelas di resi yang saya foto cuma ada dua barang yang di ceklis, dua lainnya dilingkarin. 
saranku jangan belanja di toko ini!!! dari pada kalian rugi",1,[Omorfo] HADA LABO All Series | HADALABO Gokujyun | ShiroJyun | GokuJyun Alpha | Tamagohada | Face Wash | Lotion | Essence | Toner | Cleansing Oil | Face Mist | Moisturizer Shirojyun,skincare,negative,0.9994
16207026295,"yg dipesan Gokujyun, tapi yang datang malah ini",3,[Omorfo] HADA LABO All Series | HADALABO Gokujyun | ShiroJyun | GokuJyun Alpha | Tamagohada | Face Wash | Lotion | Essence | Toner | Cleansing Oil | Face Mist | Moisturizer Shirojyun,skincare,negative,0.999
32512422925,"Biasa dislotip bagian tutupnya, skrang kok ngk yah kak? Jadj toner nya tumpah2 dan bleber kemanaa di dus nya smpai2 tempat nya basah semua😌 untung aja ngk habis yah Allah🥺",5,[Omorfo] HADA LABO All Series | HADALABO Gokujyun | ShiroJyun | GokuJyun Alpha | Tamagohada | Face Wash | Lotion | Essence | Toner | Cleansing Oil | Face Mist | Moisturizer Shirojyun,skincare,negative,0.9947
13699710572,Cocok Untuk:tdk bagus 8 d pesan 5 SJ dtng,1,[Omorfo] OMG OH MY GLAM Lip Series | OMG OH MY GLAM Matte Kiss Lip Cream | Oh My Glam Gloss Lip Finish Vinyl 2.7gr OMG Lip Gloss Lipgloss | Lip Tint | Glassy | OMG Lipcream | OMG Lip tint | OMG Glassy liptint,lip,negative,0.9989
8506613208,Tokonya tdk amanah saya pesan  lipstik yang omg yang datang malah implora,3,[Omorfo] OMG OH MY GLAM Lip Series | OMG OH MY GLAM Matte Kiss Lip Cream | Oh My Glam Gloss Lip Finish Vinyl 2.7gr OMG Lip Gloss Lipgloss | Lip Tint | Glassy | OMG Lipcream | OMG Lip tint | OMG Glassy liptint,lip,negative,0.9992
16600866728,"Tekstur:aromanya wangi,sesuka itu SMA produk deodorant MA🥹🤍
Aroma:harumm,

MasyaAllah packingannya rapi betull🥹🤍suka bangett cara penjualannya ..brgnya cpt banget datang cuma2hri 🤍gak rugi psan deodorant Disni🤍🤍luvvv",5,[Omorfo] MADEO Deodorant Spray (BPOM)  | Penghilang Bau Badan Ampuh | Pemutih Ketiak | Solusi Bau Keringat,deodorant,positive,0.9996
13729633382,Grey Brown,4,[Omorfo] IMPLORA Eyebrow Pencil 2in1 Original BPOM | Pensil Alis Black Brown Dark Brown Grey Brown Plus Rautan Spoolia Brush,makeup,negative,0.9984
16235304767,"kuasnya sangat bagus digunakan, mudah digunakan dalam membentuk alis.",5,[Omorfo] Accessories Kuas Eyebrow pipih | Kuas alis mata | bulu pipih hitam makeup ultra thin Brush makeup bulu sintetis,aksesoris,positive,0.9996
64541945784,BARANG YANG KIRIM TIDAK SESUAIIIII,1,[Omorfo] HADA LABO All Series | HADALABO Gokujyun | ShiroJyun | GokuJyun Alpha | Tamagohada | Face Wash | Lotion | Essence | Toner | Cleansing Oil | Face Mist | Moisturizer Shirojyun,skincare,negative,0.9994
13507412134,adminnya slow respon & pengirimannya lambat,3,[Omorfo] OMG OH MY GLAM Lip Series | OMG OH MY GLAM Matte Kiss Lip Cream | Oh My Glam Gloss Lip Finish Vinyl 2.7gr OMG Lip Gloss Lipgloss | Lip Tint | Glassy | OMG Lipcream | OMG Lip tint | OMG Glassy liptint,lip,negative,0.9993
13057278877,Belinya lip cream yang datang lip tint:(,3,[Omorfo] OMG OH MY GLAM Lip Series | OMG OH MY GLAM Matte Kiss Lip Cream | Oh My Glam Gloss Lip Finish Vinyl 2.7gr OMG Lip Gloss Lipgloss | Lip Tint | Glassy | OMG Lipcream | OMG Lip tint | OMG Glassy liptint,lip,neutral,0.9988
12602483619,gampang patah,5,[Omorfo] IMPLORA Eyebrow Pencil 2in1 Original BPOM | Pensil Alis Black Brown Dark Brown Grey Brown Plus Rautan Spoolia Brush,makeup,negative,0.9993
48126100455,Barang tdk dikirim 5pcs. Dan tdk direfund. Respon lama. Trimkasih,1,[Omorfo] HADA LABO All Series | HADALABO Gokujyun | ShiroJyun | GokuJyun Alpha | Tamagohada | Face Wash | Lotion | Essence | Toner | Cleansing Oil | Face Mist | Moisturizer Shirojyun,skincare,negative,0.9994
16941609387,"Tekstur:nyaman dan halus
Kegunaan:mudah banget untuk membentuk alis
Keaslian:gak tau karna gak ada mereknya

bagus banget di gunakan untuk membentuk alis. sukaa.",5,[Omorfo] Accessories Kuas Eyebrow pipih | Kuas alis mata | bulu pipih hitam makeup ultra thin Brush makeup bulu sintetis,aksesoris,positive,0.9996
16108497253,"Tekstur:sangat lembut dan nyaman
Cocok untuk:berbagai jenis kulit
Warna:sangat cerah dan menarik",4,[Omorfo] OMG OH MY GLAM Lip Series | OMG OH MY GLAM Matte Kiss Lip Cream | Oh My Glam Gloss Lip Finish Vinyl 2.7gr OMG Lip Gloss Lipgloss | Lip Tint | Glassy | OMG Lipcream | OMG Lip tint | OMG Glassy liptint,lip,positive,0.9996
13798999405,Nda ngertika lagi sama packinganya ini + pensil alis pesannya warna itam yg dtg brown🥵🥵🥵,1,[Omorfo] IMPLORA Eyebrow Pencil 2in1 Original BPOM | Pensil Alis Black Brown Dark Brown Grey Brown Plus Rautan Spoolia Brush,makeup,negative,0.9987
69249433601,ngaka tau,5,[Omorfo] HADA LABO All Series | HADALABO Gokujyun | ShiroJyun | GokuJyun Alpha | Tamagohada | Face Wash | Lotion | Essence | Toner | Cleansing Oil | Face Mist | Moisturizer Shirojyun,skincare,negative,0.9993
16164025192,"Tekstur:-

Agak kecewa kedua kalinya dengan toko ini, pesanan yang datang beda, mesan jepit rambut pita yang datang malah jepit rambut biasa",1,[Omorfo] IMPLORA Eyebrow Pencil 2in1 Original BPOM | Pensil Alis Black Brown Dark Brown Grey Brown Plus Rautan Spoolia Brush,makeup,negative,0.9992
11249174022,"Tips Pengguna:jgn terlalu runcing
Profil Kecantikan:kiyowo
Pengalaman Penggunaan:bagus, suka, mata shining shimmering splendid

Gercep bgt pengirimannya, barang pesanan lengkap, sesuai ekspektasi, dan bagus bgt. Sukaaaa.
Daerah ga jauh dari rumah jdi enak klo pengiriman instant💕👉🏻👈🏻",5,[Omorfo] IMPLORA Eyebrow Pencil 2in1 Original BPOM | Pensil Alis Black Brown Dark Brown Grey Brown Plus Rautan Spoolia Brush,makeup,positive,0.9996
44704329865,Tokox ngga amanag Pesan beberapa barang tau2x datang brngx ad yg ngga di kirim ..trus ngga ad komfrmsi dri toko lagi klau barang kosong atau apalah ..mna udh byar full lg..,1,[Omorfo] Accessories Kuas Eyebrow pipih | Kuas alis mata | bulu pipih hitam makeup ultra thin Brush makeup bulu sintetis,aksesoris,negative,0.999
30561383777,Sumpahhh ini katanya dibantu tapi pas di chat ga ada tuh membantu samsek sampai pesanan diterima sendiri. Barangnya ada yg kurang katanya jangan dlu klik pesan diterima tapi minta bantu pengembaliannya aja pelayanan lama. Pesanan sudah diterima sendiri baru dibalas. P MAKSUD?! SEBEL WALAUPUN NGGAK SEBERAPA TAPI INI GA AMANAH.,1,[Omorfo] OMG OH MY GLAM Lip Series | OMG OH MY GLAM Matte Kiss Lip Cream | Oh My Glam Gloss Lip Finish Vinyl 2.7gr OMG Lip Gloss Lipgloss | Lip Tint | Glassy | OMG Lipcream | OMG Lip tint | OMG Glassy liptint,lip,negative,0.9994
11162279043,"Udahh langganan banget ,  gak  pernah video unboxing saking percayanyaaa, 
tapii  kali inii kecewaaa
tolong lain kalii adminnya tolong lebih teliti,  sya pesannya 8 macam dengan lipcream yg ada cuma 7 macam,",3,[Omorfo] OMG OH MY GLAM Lip Series | OMG OH MY GLAM Matte Kiss Lip Cream | Oh My Glam Gloss Lip Finish Vinyl 2.7gr OMG Lip Gloss Lipgloss | Lip Tint | Glassy | OMG Lipcream | OMG Lip tint | OMG Glassy liptint,lip,negative,0.9991
13681099685,"Salah kirim side, saya pesan nmor 12 tpi yg dkirim nmor 14",1,[Omorfo] OMG OH MY GLAM Lip Series | OMG OH MY GLAM Matte Kiss Lip Cream | Oh My Glam Gloss Lip Finish Vinyl 2.7gr OMG Lip Gloss Lipgloss | Lip Tint | Glassy | OMG Lipcream | OMG Lip tint | OMG Glassy liptint,lip,negative,0.9993
9825096680,Tidak tersegel mi🫢,3,[Omorfo] IMPLORA Eyebrow Pencil 2in1 Original BPOM | Pensil Alis Black Brown Dark Brown Grey Brown Plus Rautan Spoolia Brush,makeup,negative,0.9979
33537203394,Produk baru hadalabo memang ga ada plastik yg menandakan produknya baru yah?,4,[Omorfo] HADA LABO All Series | HADALABO Gokujyun | ShiroJyun | GokuJyun Alpha | Tamagohada | Face Wash | Lotion | Essence | Toner | Cleansing Oil | Face Mist | Moisturizer Shirojyun,skincare,negative,0.9991
23261574452,Tekstur:yang satunya di kirim ndd kuas nya,2,[Omorfo] Accessories Kuas Eyebrow pipih | Kuas alis mata | bulu pipih hitam makeup ultra thin Brush makeup bulu sintetis,aksesoris,negative,0.9964
11376103988,"Biarkan bintang yg berbicara
Maaf fotonya tidak sesuai karena keburu di ambil yang pesan",5,[Omorfo] OMG OH MY GLAM Lip Series | OMG OH MY GLAM Matte Kiss Lip Cream | Oh My Glam Gloss Lip Finish Vinyl 2.7gr OMG Lip Gloss Lipgloss | Lip Tint | Glassy | OMG Lipcream | OMG Lip tint | OMG Glassy liptint,lip,negative,0.9987
18685783481,Saya pesan 3 barang yg dtng cuma 2.  klo barangnya gak ada itu ngomong hadehhhhhhhh,1,[Omorfo] Accessories Kuas Eyebrow pipih | Kuas alis mata | bulu pipih hitam makeup ultra thin Brush makeup bulu sintetis,aksesoris,negative,0.9992
36910318821,"Tekstur:gjls
Aroma:gj
Keaslian:gj

sumpahhh mlss bngtt yg di pesan apa yang dikirim apaa,mana d chat tdk d blsbls lgi,kecewa bnget deh, pelayanannya jga 0. nggaa lagi belanja online d sini,,yg ad kita yg rugii bukan tokonya. bintang mines 1 sih ini toko!!!!!!!!!
hua bukan hanya sekali bgini",1,[Omorfo] MADEO Deodorant Spray (BPOM)  | Penghilang Bau Badan Ampuh | Pemutih Ketiak | Solusi Bau Keringat,deodorant,negative,0.999
17858120135,tdk sesuai yg dpsan,2,[Omorfo] IMPLORA Eyebrow Pencil 2in1 Original BPOM | Pensil Alis Black Brown Dark Brown Grey Brown Plus Rautan Spoolia Brush,makeup,negative,0.9994
15731245202,"Yang dipesan no 12, 13 malah dikirim no 13,15 apa si mengecewakan sekali",3,[Omorfo] OMG OH MY GLAM Lip Series | OMG OH MY GLAM Matte Kiss Lip Cream | Oh My Glam Gloss Lip Finish Vinyl 2.7gr OMG Lip Gloss Lipgloss | Lip Tint | Glassy | OMG Lipcream | OMG Lip tint | OMG Glassy liptint,lip,negative,0.9994
17972616698,"Tekstur:sy tidak tau tekstur nya karena dikirim dalam keadaan cacat!!!

masa yang dikirim barang cacat bgni? padahal sudah sy kasih catatan loh!!! kecewa bngt sama omorfo padahal toko ini cukup terkenal di daerah mks tapi kok bisa tidak amanah bgni? sebenarnya mau ajukan pengembalian tapi sy tidak sempat vidio saat melakukan unboxing",1,[Omorfo] Accessories Kuas Eyebrow pipih | Kuas alis mata | bulu pipih hitam makeup ultra thin Brush makeup bulu sintetis,aksesoris,negative,0.9994
57221195448,"AKU GA TERIMA, ADA 3 ITEM YANG KUPESAN DI TOKO INI. KATANYA KOSONG. udah komfir buat di refund aja, seller bilang Prosesnya min 1-7 hari kerja. Tapi dari 11 JUNI hingga detik ini 6 JULI, udah keleeeeeewat banget ga di refund. Nominalnya memang ga seberapa, tp bagiku itu berarti banget selaku orang yg banting tulang buat dapat duit. Makin kesini pelayanan makin kurang. MAKSUD AKU KALO EMANG KOSONG TOLONG LAH DI CROSSCHECK LAGI SISTEMNYAAA! Omorfo sering banget nih kayak gini-_ emang ga ada Q&C? Maaf yah aku ga niat marah2, aku hampir ga pernah ngomel2 atau kasih rating buruk, tp masalahnya aku jg ga cukup sabar di php in. Andai ga dijanjiin max 7 hari kerja ga bakal kayak gini.

kecewa bgt.",1,[Omorfo] OMG OH MY GLAM Lip Series | OMG OH MY GLAM Matte Kiss Lip Cream | Oh My Glam Gloss Lip Finish Vinyl 2.7gr OMG Lip Gloss Lipgloss | Lip Tint | Glassy | OMG Lipcream | OMG Lip tint | OMG Glassy liptint,lip,negative,0.9985
61243568581,"Pesanan datang dengan cepat, pengemasan sangat rapi dan aman, jadi barang sampai dalam kondisi baik tanpa cacat. Produknya sesuai dengan deskripsi dan foto yang ada di toko, bahkan lebih bagus dari yang saya bayangkan. Kualitas juga oke, cocok dengan harga yang ditawarkan. Saya sudah coba dan sejauh ini berfungsi dengan baik, tidak ada masalah.

Penjual juga responsif, ramah, dan informatif saat saya tanya-tanya sebelum beli. Pokoknya pelayanan dari toko ini memuaskan. Saya sangat merekomendasikan toko ini dan kemungkinan besar akan order lagi di masa depan. Terima kasih banyak seller!",5,[Omorfo] MADEO Deodorant Spray (BPOM)  | Penghilang Bau Badan Ampuh | Pemutih Ketiak | Solusi Bau Keringat,deodorant,positive,0.9996
13410238733,"Sayangnya pensil alisnya lupa dikirim, padahal ada di struk belanja",4,[Omorfo] IMPLORA Eyebrow Pencil 2in1 Original BPOM | Pensil Alis Black Brown Dark Brown Grey Brown Plus Rautan Spoolia Brush,makeup,negative,0.9983
41813066222,"Tekstur:lembut dan nyaman
Kegunaan:cocok untuk membentuk alis
Keaslian:terjamin asli

Walaupun barangnya kurang satu tapi sellernya sangat bertanggung jawab, thankyou seller🙏🥰
sangat puas dengan pelayanannya next order di toko ini lagii",5,[Omorfo] Accessories Kuas Eyebrow pipih | Kuas alis mata | bulu pipih hitam makeup ultra thin Brush makeup bulu sintetis,aksesoris,positive,0.9996
78876401418,Sdh punya 5 shade. Yg shell ini wrnanya spri merah bata tp agak muda.,5,[Omorfo] OMG OH MY GLAM Lip Series | OMG OH MY GLAM Matte Kiss Lip Cream | Oh My Glam Gloss Lip Finish Vinyl 2.7gr OMG Lip Gloss Lipgloss | Lip Tint | Glassy | OMG Lipcream | OMG Lip tint | OMG Glassy liptint,lip,negative,0.9989
18075392001,"Barang yg ini nggak dikirim,padahal lagi butuh 🤦🏼‍♀️🤦🏼‍♀️",1,[Omorfo] IMPLORA Eyebrow Pencil 2in1 Original BPOM | Pensil Alis Black Brown Dark Brown Grey Brown Plus Rautan Spoolia Brush,makeup,negative,0.9993
11665224826,Barang tidak sesuai dengan pesan yang di pesan 2 yang datang cuma 1.,4,[Omorfo] OMG OH MY GLAM Lip Series | OMG OH MY GLAM Matte Kiss Lip Cream | Oh My Glam Gloss Lip Finish Vinyl 2.7gr OMG Lip Gloss Lipgloss | Lip Tint | Glassy | OMG Lipcream | OMG Lip tint | OMG Glassy liptint,lip,negative,0.9994
43067847157,Sdh 4 tahub,5,[Omorfo] MADEO Deodorant Spray (BPOM)  | Penghilang Bau Badan Ampuh | Pemutih Ketiak | Solusi Bau Keringat,deodorant,neutral,0.9977
11218453152,Recommended ombre yg sempurna,5,[Omorfo] OMG OH MY GLAM Lip Series | OMG OH MY GLAM Matte Kiss Lip Cream | Oh My Glam Gloss Lip Finish Vinyl 2.7gr OMG Lip Gloss Lipgloss | Lip Tint | Glassy | OMG Lipcream | OMG Lip tint | OMG Glassy liptint,lip,positive,0.9996
13494973143,warnanya tdk sesuai sama 01 it lebih ke 02,3,[Omorfo] OMG OH MY GLAM Lip Series | OMG OH MY GLAM Matte Kiss Lip Cream | Oh My Glam Gloss Lip Finish Vinyl 2.7gr OMG Lip Gloss Lipgloss | Lip Tint | Glassy | OMG Lipcream | OMG Lip tint | OMG Glassy liptint,lip,negative,0.9993
25829964980,"Warna:black
Kegunaan:baguss

Sesuai dan packing nya aman bngett sukaa😁",5,[Omorfo] IMPLORA Eyebrow Pencil 2in1 Original BPOM | Pensil Alis Black Brown Dark Brown Grey Brown Plus Rautan Spoolia Brush,makeup,positive,0.9996
12137536313,Kurirnya gak ramah!,5,[Omorfo] OMG OH MY GLAM Lip Series | OMG OH MY GLAM Matte Kiss Lip Cream | Oh My Glam Gloss Lip Finish Vinyl 2.7gr OMG Lip Gloss Lipgloss | Lip Tint | Glassy | OMG Lipcream | OMG Lip tint | OMG Glassy liptint,lip,negative,0.9995
46359844600,"Pesannya 100 ml terus di infokan ternyata udah habis sisa yg 50 ml katanya dananya dikembalikan tp sampe skarang belum ada walaupun gak seberapa sih tp heran aja awal"" masih direspon pas udah lama kok gak direspon yahh kecewa aja sihh",2,[Omorfo] HADA LABO All Series | HADALABO Gokujyun | ShiroJyun | GokuJyun Alpha | Tamagohada | Face Wash | Lotion | Essence | Toner | Cleansing Oil | Face Mist | Moisturizer Shirojyun,skincare,negative,0.9992
10915298526,"Mohon maaf saya kasih bintang 1 untuk pelayanannya, karena barang saya sudah di kembalikan kurir ke toko tapi pembayaran saya tetap berjalan, saya chat pihak olshop tapi tidak di gubris.. Agak kecewa🙏🏻",4,[Omorfo] IMPLORA Eyebrow Pencil 2in1 Original BPOM | Pensil Alis Black Brown Dark Brown Grey Brown Plus Rautan Spoolia Brush,makeup,negative,0.9986
13581079699,Pesan OMG no 12 yg datang implora 02,4,[Omorfo] OMG OH MY GLAM Lip Series | OMG OH MY GLAM Matte Kiss Lip Cream | Oh My Glam Gloss Lip Finish Vinyl 2.7gr OMG Lip Gloss Lipgloss | Lip Tint | Glassy | OMG Lipcream | OMG Lip tint | OMG Glassy liptint,lip,negative,0.9939
66259704719,"""Produk Djopee yang saya beli sangat bagus dan sesuai dengan deskripsi. Penjual juga sangat responsif dan cepat dalam menjawab pertanyaan saya. Pengiriman juga sangat cepat. Saya sangat puas dengan pembelian ini",5,[Omorfo] MADEO Deodorant Spray (BPOM)  | Penghilang Bau Badan Ampuh | Pemutih Ketiak | Solusi Bau Keringat,deodorant,positive,0.9996
