review_id,review_text,rating,product_name,product_category,predicted_label,confidence_score
15529750664,"Tekstur:ringan
Cocok untuk:bibir imut nan lucu
Warna:menarik

bagus sesuai pesanan, cantik warnanya bisa utk di ombre gitu.
thanks yah",4,[Omorfo] OMG OH MY GLAM Lip Series | OMG OH MY GLAM Matte Kiss Lip Cream | Oh My Glam Gloss Lip Finish Vinyl 2.7gr OMG Lip Gloss Lipgloss | Lip Tint | Glassy | OMG Lipcream | OMG Lip tint | OMG Glassy liptint,lip,positive,0.9995
27632200785,"Tekstur:ok
Kegunaan:ok
Keaslian:ok

Bagus banget, sesuai gambar dan nyaman banget dan lembut",5,[Omorfo] Accessories Kuas Eyebrow pipih | Kuas alis mata | bulu pipih hitam makeup ultra thin Brush makeup bulu sintetis,aksesoris,positive,0.9996
15687436043,"Tekstur:bagus, akyu syuka
Cocok untuk:wajah sensitif
Keaslian:terjamin asli

Semuanya bagus, sesuai pesanan, thank u omorfo",5,[Omorfo] HADA LABO All Series | HADALABO Gokujyun | ShiroJyun | GokuJyun Alpha | Tamagohada | Face Wash | Lotion | Essence | Toner | Cleansing Oil | Face Mist | Moisturizer Shirojyun,skincare,positive,0.9995
6858570145,"Warna:Bagus 
Kenyamanan aplikator:Baik 
Ketahanan:Bagus 

Alhamdulillah pesanan nya udah datang, packing nya juga tahan, sampai dengan selamat cepat nyampe. Suka bngt",5,[Omorfo] IMPLORA Eyebrow Pencil 2in1 Original BPOM | Pensil Alis Black Brown Dark Brown Grey Brown Plus Rautan Spoolia Brush,makeup,positive,0.9995
67819739078,"Tekstur:ringan dan nyaman saat dipakai
Cocok untuk:kulit yang sensitif
Keaslian:terjamin asli

TOP dehh , order siang nyampe baranganya malam . Keren 👍👍👍👍",5,[Omorfo] HADA LABO All Series | HADALABO Gokujyun | ShiroJyun | GokuJyun Alpha | Tamagohada | Face Wash | Lotion | Essence | Toner | Cleansing Oil | Face Mist | Moisturizer Shirojyun,skincare,positive,0.9996
15944597718,coveragenya mantul. pengemasan dan pengiriman barang cepat terima kasih,5,[Omorfo] OMG OH MY GLAM Lip Series | OMG OH MY GLAM Matte Kiss Lip Cream | Oh My Glam Gloss Lip Finish Vinyl 2.7gr OMG Lip Gloss Lipgloss | Lip Tint | Glassy | OMG Lipcream | OMG Lip tint | OMG Glassy liptint,lip,positive,0.9995
15740351827,Suka banget belanja disini😘,5,[Omorfo] IMPLORA Eyebrow Pencil 2in1 Original BPOM | Pensil Alis Black Brown Dark Brown Grey Brown Plus Rautan Spoolia Brush,makeup,positive,0.9995
82712882061,Selalu benlanja disini. Barang lengkap. Packing aman. Terimakasih.. selalu puas belanja disini.,4,[Omorfo] HADA LABO All Series | HADALABO Gokujyun | ShiroJyun | GokuJyun Alpha | Tamagohada | Face Wash | Lotion | Essence | Toner | Cleansing Oil | Face Mist | Moisturizer Shirojyun,skincare,positive,0.9996
25464656326,Sedah langganan pakai madeo. Aromanya wangi banget dan menghilangkan bau badan ketika berkeringat berlebihan,5,[Omorfo] MADEO Deodorant Spray (BPOM)  | Penghilang Bau Badan Ampuh | Pemutih Ketiak | Solusi Bau Keringat,deodorant,positive,0.9996
15391131566,Tekstur:nocs,5,[Omorfo] OMG OH MY GLAM Lip Series | OMG OH MY GLAM Matte Kiss Lip Cream | Oh My Glam Gloss Lip Finish Vinyl 2.7gr OMG Lip Gloss Lipgloss | Lip Tint | Glassy | OMG Lipcream | OMG Lip tint | OMG Glassy liptint,lip,negative,0.9994
7736149497,"Paket sudah sampai, pengiriman juga cepat sampainya.....",4,[Omorfo] IMPLORA Eyebrow Pencil 2in1 Original BPOM | Pensil Alis Black Brown Dark Brown Grey Brown Plus Rautan Spoolia Brush,makeup,positive,0.9996
9148619513,"Tekstur:good
Performa:good
Cocok Untuk:saya suka

bagus komplet lah aman pokonya , bisa jadi toko laganan ini .amanah 
walau warnanya habis tpi d konfirmasi dulu good pokonya lah. kurirnya ramah😄",4,[Omorfo] OMG OH MY GLAM Lip Series | OMG OH MY GLAM Matte Kiss Lip Cream | Oh My Glam Gloss Lip Finish Vinyl 2.7gr OMG Lip Gloss Lipgloss | Lip Tint | Glassy | OMG Lipcream | OMG Lip tint | OMG Glassy liptint,lip,positive,0.9995
16059630197,"Tekstur:sgt lmbut dan nyaman
Cocok untuk:bibir
Warna:wrna sgt cntik dan menarik

Semoga cock dibibir akan bakaln net order lgi dech",5,[Omorfo] OMG OH MY GLAM Lip Series | OMG OH MY GLAM Matte Kiss Lip Cream | Oh My Glam Gloss Lip Finish Vinyl 2.7gr OMG Lip Gloss Lipgloss | Lip Tint | Glassy | OMG Lipcream | OMG Lip tint | OMG Glassy liptint,lip,positive,0.9995
41180657321,yeay udah sampe cepet soalnya satu pulau se-provinsi ! packingnya aman BANGET. produknya aman jugaa. dan yeay untung kuasnya dapet warna pink<3 facewashnya kalo cocok bakal pesen terus disinii. thankyouuu kak! ♡,5,[Omorfo] HADA LABO All Series | HADALABO Gokujyun | ShiroJyun | GokuJyun Alpha | Tamagohada | Face Wash | Lotion | Essence | Toner | Cleansing Oil | Face Mist | Moisturizer Shirojyun,skincare,positive,0.9996
15663110756,"Puas banget sama lipmatte omg. Warnanya sesuai yang aku mau
Ringan banget dipakai, kayak ngga pake lipstik tau ngga",5,[Omorfo] OMG OH MY GLAM Lip Series | OMG OH MY GLAM Matte Kiss Lip Cream | Oh My Glam Gloss Lip Finish Vinyl 2.7gr OMG Lip Gloss Lipgloss | Lip Tint | Glassy | OMG Lipcream | OMG Lip tint | OMG Glassy liptint,lip,positive,0.9995
15913373528,"Setelah memakai pensil alis ini alis ku menjadi cetar membahana sangat rekomended sih, worth it buat di pakai setiap hari",5,[Omorfo] IMPLORA Eyebrow Pencil 2in1 Original BPOM | Pensil Alis Black Brown Dark Brown Grey Brown Plus Rautan Spoolia Brush,makeup,positive,0.9995
11631714114,"Profil Kecantikan:pencil Alis implora
Tips Pengguna:pake alas Bedak dulu
Manfaat:supaya kagak Jadi tuyul kudu Pake alis",5,[Omorfo] IMPLORA Eyebrow Pencil 2in1 Original BPOM | Pensil Alis Black Brown Dark Brown Grey Brown Plus Rautan Spoolia Brush,makeup,neutral,0.9995
12607585554,pengiriman cepat dan warnya juga bagus cocok untuk di ombre,5,[Omorfo] OMG OH MY GLAM Lip Series | OMG OH MY GLAM Matte Kiss Lip Cream | Oh My Glam Gloss Lip Finish Vinyl 2.7gr OMG Lip Gloss Lipgloss | Lip Tint | Glassy | OMG Lipcream | OMG Lip tint | OMG Glassy liptint,lip,positive,0.9996
14249841583,"Paketnya sudah sampai, pengiriman juga cepat sesuai dengan pesanan",5,[Omorfo] OMG OH MY GLAM Lip Series | OMG OH MY GLAM Matte Kiss Lip Cream | Oh My Glam Gloss Lip Finish Vinyl 2.7gr OMG Lip Gloss Lipgloss | Lip Tint | Glassy | OMG Lipcream | OMG Lip tint | OMG Glassy liptint,lip,positive,0.9995
16089816579,"Tekstur:ringan
Warna:coklat dan hitam
Kegunaan:untuk sehari-hari

Bagus. Dan murah meriah.. Udah langganan d toko ini so yg mau pesan jngn ragu ya krna sellernya amanah",5,[Omorfo] IMPLORA Eyebrow Pencil 2in1 Original BPOM | Pensil Alis Black Brown Dark Brown Grey Brown Plus Rautan Spoolia Brush,makeup,positive,0.9995
15372364170,pesan instan 2 jam dari kemarin jam setengah tiga tapi diantar baru hari in,3,[Omorfo] IMPLORA Eyebrow Pencil 2in1 Original BPOM | Pensil Alis Black Brown Dark Brown Grey Brown Plus Rautan Spoolia Brush,makeup,neutral,0.9997
17039996831,"Tekstur:b
Warna:jjejej
Kegunaan:ejejejeh",5,[Omorfo] IMPLORA Eyebrow Pencil 2in1 Original BPOM | Pensil Alis Black Brown Dark Brown Grey Brown Plus Rautan Spoolia Brush,makeup,neutral,0.9997
13399862188,"Tekstur:lembut
Performa:ringan
Cocok Untuk:bibir

Sangat mudah di aplikasikan, tokonya amanah",4,[Omorfo] OMG OH MY GLAM Lip Series | OMG OH MY GLAM Matte Kiss Lip Cream | Oh My Glam Gloss Lip Finish Vinyl 2.7gr OMG Lip Gloss Lipgloss | Lip Tint | Glassy | OMG Lipcream | OMG Lip tint | OMG Glassy liptint,lip,positive,0.9995
15454427608,"Aroma:Wangi
Tekstur:Cair
Kualitas:Baik

Baru pertama kali coba yg merk madeo ini dan saya suka krn ada wangi nya",5,[Omorfo] MADEO Deodorant Spray (BPOM)  | Penghilang Bau Badan Ampuh | Pemutih Ketiak | Solusi Bau Keringat,deodorant,positive,0.9995
29857528763,"Tekstur:tekstur cair
Cocok untuk:gaya remaja yang dinamis dan trending
Warna:sesuai ekspektasi dan menarik

Sangat puas dengan belanja di sini. 
Kualitas produk oke, pengiriman cepat. 😍",5,[Omorfo] OMG OH MY GLAM Lip Series | OMG OH MY GLAM Matte Kiss Lip Cream | Oh My Glam Gloss Lip Finish Vinyl 2.7gr OMG Lip Gloss Lipgloss | Lip Tint | Glassy | OMG Lipcream | OMG Lip tint | OMG Glassy liptint,lip,positive,0.9996
16312454171,Tidak di kirim,1,[Omorfo] MADEO Deodorant Spray (BPOM)  | Penghilang Bau Badan Ampuh | Pemutih Ketiak | Solusi Bau Keringat,deodorant,negative,0.9994
17730160458,"Kemasan:masih tersegel
Efek:pensil alis
Pengalaman Penggunaan:testur lembut",5,[Omorfo] IMPLORA Eyebrow Pencil 2in1 Original BPOM | Pensil Alis Black Brown Dark Brown Grey Brown Plus Rautan Spoolia Brush,makeup,neutral,0.9993
10794110145,"Barangnya mendarat dengan aman, produknya bagus sekaliii,sesuai dengan pesanan, pas sampe langsung cobaa🥰",5,[Omorfo] OMG OH MY GLAM Lip Series | OMG OH MY GLAM Matte Kiss Lip Cream | Oh My Glam Gloss Lip Finish Vinyl 2.7gr OMG Lip Gloss Lipgloss | Lip Tint | Glassy | OMG Lipcream | OMG Lip tint | OMG Glassy liptint,lip,positive,0.9995
63419379614,"emang udah paling bener di omorfo, pengirimannya cepat, tokonya amanah, barang datang dengan aman terlebih lagi murce",5,[Omorfo] MADEO Deodorant Spray (BPOM)  | Penghilang Bau Badan Ampuh | Pemutih Ketiak | Solusi Bau Keringat,deodorant,positive,0.9996
14660912874,pengiriman okey cepat juga packging aman facial washnya sangat cocok menurut saya bagi kulit yang kering,5,[Omorfo] HADA LABO All Series | HADALABO Gokujyun | ShiroJyun | GokuJyun Alpha | Tamagohada | Face Wash | Lotion | Essence | Toner | Cleansing Oil | Face Mist | Moisturizer Shirojyun,skincare,positive,0.9995
21341629294,Yg dtg malah gak ada bulunya 1,2,[Omorfo] Accessories Kuas Eyebrow pipih | Kuas alis mata | bulu pipih hitam makeup ultra thin Brush makeup bulu sintetis,aksesoris,negative,0.9994
15010604313,"pesanannya sudah sampai dan barangnya sudah sesuai, pengirimannya cepat sekali huhu",5,[Omorfo] OMG OH MY GLAM Lip Series | OMG OH MY GLAM Matte Kiss Lip Cream | Oh My Glam Gloss Lip Finish Vinyl 2.7gr OMG Lip Gloss Lipgloss | Lip Tint | Glassy | OMG Lipcream | OMG Lip tint | OMG Glassy liptint,lip,positive,0.9995
10974701860,"Pesannya dua yg dikirim hanya satu, komplen di chat tdk direspond",2,[Omorfo] OMG OH MY GLAM Lip Series | OMG OH MY GLAM Matte Kiss Lip Cream | Oh My Glam Gloss Lip Finish Vinyl 2.7gr OMG Lip Gloss Lipgloss | Lip Tint | Glassy | OMG Lipcream | OMG Lip tint | OMG Glassy liptint,lip,negative,0.9994
8271685696,"Ketahanan:sangat bagus
Warna:bagus
Kenyamanan aplikator:bagus

pokoknya bagus, sesuai gambar, terima kasih.",5,[Omorfo] IMPLORA Eyebrow Pencil 2in1 Original BPOM | Pensil Alis Black Brown Dark Brown Grey Brown Plus Rautan Spoolia Brush,makeup,positive,0.9995
3817195931,"Sudah 2 kli belanja disni, harga terjangkau dan suka skli dengan pensil alis ini",5,[Omorfo] IMPLORA Eyebrow Pencil 2in1 Original BPOM | Pensil Alis Black Brown Dark Brown Grey Brown Plus Rautan Spoolia Brush,makeup,positive,0.9996
14620118952,"Cocok Untuk:Pemakaian sehari-hari
Performa:Baik
Tekstur:Padat

Barang sampai dengan aman, pengiriman juga sangat cpat, pokoknya langganan banget belanja di toko ini👍",5,[Omorfo] IMPLORA Eyebrow Pencil 2in1 Original BPOM | Pensil Alis Black Brown Dark Brown Grey Brown Plus Rautan Spoolia Brush,makeup,positive,0.9995
16091638210,Pesanan sesuai dan pas. Packingnya rapi aman. Pokoknya mantap,5,[Omorfo] IMPLORA Eyebrow Pencil 2in1 Original BPOM | Pensil Alis Black Brown Dark Brown Grey Brown Plus Rautan Spoolia Brush,makeup,positive,0.9995
25509780740,"Tekstur:cair
Aroma:wangi
Keaslian:jelas

Ass, suka beli di toko ini karena tokonya fast respon. Terima kasih",5,[Omorfo] MADEO Deodorant Spray (BPOM)  | Penghilang Bau Badan Ampuh | Pemutih Ketiak | Solusi Bau Keringat,deodorant,positive,0.9996
10721679720,"Kuasnya lembut dan padat kak., semoga dengan kuas ini bisa membantu saya bikin alis yang cantik. 🤣🤣..",4,[Omorfo] Accessories Kuas Eyebrow pipih | Kuas alis mata | bulu pipih hitam makeup ultra thin Brush makeup bulu sintetis,aksesoris,positive,0.9995
17760993719,"Kualitas mantap, seller selalu fast respon ke pembeli. Jasa kirimnya luar biasa",5,[Omorfo] Accessories Kuas Eyebrow pipih | Kuas alis mata | bulu pipih hitam makeup ultra thin Brush makeup bulu sintetis,aksesoris,positive,0.9996
15898297614,"Cocok untuk:ombre lips
Warna:espresso

kupikir msi yg coffe edition trnyata dpt yg baru
tpi ndapapa, krna warnax sesuai ttep bagus buat di ombre
thank you admin",5,[Omorfo] OMG OH MY GLAM Lip Series | OMG OH MY GLAM Matte Kiss Lip Cream | Oh My Glam Gloss Lip Finish Vinyl 2.7gr OMG Lip Gloss Lipgloss | Lip Tint | Glassy | OMG Lipcream | OMG Lip tint | OMG Glassy liptint,lip,positive,0.9995
47806255347,"Tekstur:sangat lembut dan wangi
Warna:sangat bagus dan sesuai dengan gambar
Cocok untuk:orang dewasa",5,[Omorfo] OMG OH MY GLAM Lip Series | OMG OH MY GLAM Matte Kiss Lip Cream | Oh My Glam Gloss Lip Finish Vinyl 2.7gr OMG Lip Gloss Lipgloss | Lip Tint | Glassy | OMG Lipcream | OMG Lip tint | OMG Glassy liptint,lip,positive,0.9996
33042558004,"Gak ada barangnya,, gak amanah",1,[Omorfo] IMPLORA Eyebrow Pencil 2in1 Original BPOM | Pensil Alis Black Brown Dark Brown Grey Brown Plus Rautan Spoolia Brush,makeup,negative,0.9994
8724312581,Sangat bagussss,5,[Omorfo] OMG OH MY GLAM Lip Series | OMG OH MY GLAM Matte Kiss Lip Cream | Oh My Glam Gloss Lip Finish Vinyl 2.7gr OMG Lip Gloss Lipgloss | Lip Tint | Glassy | OMG Lipcream | OMG Lip tint | OMG Glassy liptint,lip,positive,0.9995
13728702962,"Sangat cantik dan pengiriman cepat,pekingan nya juga sangat bagus rapih dan kokoh jadi kita Tdak takut lipstiknya pecah soalnya sangat kuat",5,[Omorfo] OMG OH MY GLAM Lip Series | OMG OH MY GLAM Matte Kiss Lip Cream | Oh My Glam Gloss Lip Finish Vinyl 2.7gr OMG Lip Gloss Lipgloss | Lip Tint | Glassy | OMG Lipcream | OMG Lip tint | OMG Glassy liptint,lip,positive,0.9996
29952376107,"Ini cocok bangett untuk pemula yang baru belajar ngalis guyss, sangat recommended pokoknyaa.",5,[Omorfo] IMPLORA Eyebrow Pencil 2in1 Original BPOM | Pensil Alis Black Brown Dark Brown Grey Brown Plus Rautan Spoolia Brush,makeup,positive,0.9996
3116781085,Pesanan lengkap. Semua barangnya good 😍😍😍😍 thank you seller,5,[Omorfo] IMPLORA Eyebrow Pencil 2in1 Original BPOM | Pensil Alis Black Brown Dark Brown Grey Brown Plus Rautan Spoolia Brush,makeup,positive,0.9996
7867859145,Packet NY sdh d Terima .. Pesanan nya juga sesuai semua nya.. Makasih seller Dan shoppe,5,[Omorfo] OMG OH MY GLAM Lip Series | OMG OH MY GLAM Matte Kiss Lip Cream | Oh My Glam Gloss Lip Finish Vinyl 2.7gr OMG Lip Gloss Lipgloss | Lip Tint | Glassy | OMG Lipcream | OMG Lip tint | OMG Glassy liptint,lip,positive,0.9996
16144789146,"Tekstur:cream
Cocok untuk:bibir gelap
Warna:sesuai

warnanya bagus, dan cocok untuk menutupi bibir gelap",5,[Omorfo] OMG OH MY GLAM Lip Series | OMG OH MY GLAM Matte Kiss Lip Cream | Oh My Glam Gloss Lip Finish Vinyl 2.7gr OMG Lip Gloss Lipgloss | Lip Tint | Glassy | OMG Lipcream | OMG Lip tint | OMG Glassy liptint,lip,positive,0.9995
12136891123,"Efek:alis jadi chantiqq. Suka bgt deh!!
Kemasan:good as always
Profil Kecantikan:good for all skin tone.",5,[Omorfo] IMPLORA Eyebrow Pencil 2in1 Original BPOM | Pensil Alis Black Brown Dark Brown Grey Brown Plus Rautan Spoolia Brush,makeup,positive,0.9996
25838761535,Udah habis berapa botol. Awet bisa buat 2 bulanan. Toko udah andalan banget. Thankyou seller. Luvvv💕,5,[Omorfo] MADEO Deodorant Spray (BPOM)  | Penghilang Bau Badan Ampuh | Pemutih Ketiak | Solusi Bau Keringat,deodorant,positive,0.9996
8534581809,"Ketahanan:b aja
Tekstur:baik
Warna:ok bgt

Warna merah nya seksi bgt, bgs buat ombre",5,[Omorfo] OMG OH MY GLAM Lip Series | OMG OH MY GLAM Matte Kiss Lip Cream | Oh My Glam Gloss Lip Finish Vinyl 2.7gr OMG Lip Gloss Lipgloss | Lip Tint | Glassy | OMG Lipcream | OMG Lip tint | OMG Glassy liptint,lip,positive,0.9995
97535041276,"tidak perlu diragukan lagi, ini sangat rekomendasi buat pecinta hada labo, harga terjangkau dan mendarat dengan aman",5,[Omorfo] HADA LABO All Series | HADALABO Gokujyun | ShiroJyun | GokuJyun Alpha | Tamagohada | Face Wash | Lotion | Essence | Toner | Cleansing Oil | Face Mist | Moisturizer Shirojyun,skincare,positive,0.9996
16091638216,Pesanan sesuai dan pas. Packingnya rapi aman. Pokoknya mantap,5,[Omorfo] OMG OH MY GLAM Lip Series | OMG OH MY GLAM Matte Kiss Lip Cream | Oh My Glam Gloss Lip Finish Vinyl 2.7gr OMG Lip Gloss Lipgloss | Lip Tint | Glassy | OMG Lipcream | OMG Lip tint | OMG Glassy liptint,lip,positive,0.9995
9025382745,"Harga murah kualitas sangat baik, pengiriman cepat dan packaging aman",5,[Omorfo] IMPLORA Eyebrow Pencil 2in1 Original BPOM | Pensil Alis Black Brown Dark Brown Grey Brown Plus Rautan Spoolia Brush,makeup,positive,0.9995
16614198568,"Tekstur:bagus
Warna:mantap
Kegunaan:sesuai

Terimakasih seller barangnya sudah diterima, sangat sesuai yang diharapkan. Pelayanannya baik, sellernya super ramah. Saya bakal belanja lagi. Thank you.",5,[Omorfo] IMPLORA Eyebrow Pencil 2in1 Original BPOM | Pensil Alis Black Brown Dark Brown Grey Brown Plus Rautan Spoolia Brush,makeup,positive,0.9996
6351063722,"Warna:ok
Kenyamanan aplikator:ok
Ketahanan:ok

Dari dlu suka sama pensil silver dari implora. Pokoknya recommended soalnya kalau di aplikasikan dia tidak hanya warna silver tapi dia mengandung Glitter sehingga mata jadi lebih indah",5,[Omorfo] IMPLORA Eyebrow Pencil 2in1 Original BPOM | Pensil Alis Black Brown Dark Brown Grey Brown Plus Rautan Spoolia Brush,makeup,positive,0.9995
10645342219,"Ga pernah ngecewain sih omorfo dari segi harga dan kualitas dari barang yg dijual, suka terus sama toko ini",5,[Omorfo] OMG OH MY GLAM Lip Series | OMG OH MY GLAM Matte Kiss Lip Cream | Oh My Glam Gloss Lip Finish Vinyl 2.7gr OMG Lip Gloss Lipgloss | Lip Tint | Glassy | OMG Lipcream | OMG Lip tint | OMG Glassy liptint,lip,positive,0.9996
10293972299,Bgus hitamx pekat mantaap,5,[Omorfo] IMPLORA Eyebrow Pencil 2in1 Original BPOM | Pensil Alis Black Brown Dark Brown Grey Brown Plus Rautan Spoolia Brush,makeup,positive,0.9995
30364636481,"Hada labo the best. Selalu suka sama produknya, yg ini lembut gk bikin muka kering",5,[Omorfo] HADA LABO All Series | HADALABO Gokujyun | ShiroJyun | GokuJyun Alpha | Tamagohada | Face Wash | Lotion | Essence | Toner | Cleansing Oil | Face Mist | Moisturizer Shirojyun,skincare,positive,0.9996
16934553497,"Anda bisa membatalkan langganan YouTube Premium kapan saja, tergantung cara Anda berlangganan:
Jika Anda berlangganan melalui Apple Store atau Google Play Store, Anda perlu mengakses akun toko Anda untuk menonaktifkannya.
Jika Anda berlangganan",5,[Omorfo] OMG OH MY GLAM Lip Series | OMG OH MY GLAM Matte Kiss Lip Cream | Oh My Glam Gloss Lip Finish Vinyl 2.7gr OMG Lip Gloss Lipgloss | Lip Tint | Glassy | OMG Lipcream | OMG Lip tint | OMG Glassy liptint,lip,neutral,0.9996
12835887747,Cakeppp bangettt warna nya,5,[Omorfo] OMG OH MY GLAM Lip Series | OMG OH MY GLAM Matte Kiss Lip Cream | Oh My Glam Gloss Lip Finish Vinyl 2.7gr OMG Lip Gloss Lipgloss | Lip Tint | Glassy | OMG Lipcream | OMG Lip tint | OMG Glassy liptint,lip,positive,0.9995
14381580313,"Efek:Sangat pigmented
Pengalaman Penggunaan:Bagus
Manfaat:Tahan di bibir

Woyyy kemana aja aku baru coba shade espresso ini, jujurly bagus banget di ombre ini mah. Udah murah gak geser pun. Pliss kalian wajib coba ini kalau mau ombre. Coba gabungan make over crayon shade sky + omg espresso beuhhhh mantappp",5,[Omorfo] OMG OH MY GLAM Lip Series | OMG OH MY GLAM Matte Kiss Lip Cream | Oh My Glam Gloss Lip Finish Vinyl 2.7gr OMG Lip Gloss Lipgloss | Lip Tint | Glassy | OMG Lipcream | OMG Lip tint | OMG Glassy liptint,lip,positive,0.9995
31690821066,pesannya no 13 malah dikirim yang 14 haddehhh mana pesanan orang lagii,1,[Omorfo] OMG OH MY GLAM Lip Series | OMG OH MY GLAM Matte Kiss Lip Cream | Oh My Glam Gloss Lip Finish Vinyl 2.7gr OMG Lip Gloss Lipgloss | Lip Tint | Glassy | OMG Lipcream | OMG Lip tint | OMG Glassy liptint,lip,negative,0.9994
31219575659,"bagus barangnya, murah lg hrgnya.. rapi packing nya.. thanks seller 👍",5,[Omorfo] IMPLORA Eyebrow Pencil 2in1 Original BPOM | Pensil Alis Black Brown Dark Brown Grey Brown Plus Rautan Spoolia Brush,makeup,positive,0.9996
15597956180,"Tekstur:lembut ringan
Warna:sangat cantik buat ombre

Sy jatuh cinta sm OMG, lipstikx harum, ringan, lembut. terus tahan lama. 
matte bgt 
bklan order warna lain lagi",5,[Omorfo] OMG OH MY GLAM Lip Series | OMG OH MY GLAM Matte Kiss Lip Cream | Oh My Glam Gloss Lip Finish Vinyl 2.7gr OMG Lip Gloss Lipgloss | Lip Tint | Glassy | OMG Lipcream | OMG Lip tint | OMG Glassy liptint,lip,positive,0.9996
15731245202,"Yang dipesan no 12, 13 malah dikirim no 13,15 apa si mengecewakan sekali",3,[Omorfo] OMG OH MY GLAM Lip Series | OMG OH MY GLAM Matte Kiss Lip Cream | Oh My Glam Gloss Lip Finish Vinyl 2.7gr OMG Lip Gloss Lipgloss | Lip Tint | Glassy | OMG Lipcream | OMG Lip tint | OMG Glassy liptint,lip,negative,0.9994
16033817291,"Bagus, original, pengiriman cepat, murah, banyak promo, gratis ongkir",5,[Omorfo] OMG OH MY GLAM Lip Series | OMG OH MY GLAM Matte Kiss Lip Cream | Oh My Glam Gloss Lip Finish Vinyl 2.7gr OMG Lip Gloss Lipgloss | Lip Tint | Glassy | OMG Lipcream | OMG Lip tint | OMG Glassy liptint,lip,positive,0.9996
11939253852,"suka banget sama lip cream OMG apalagi yang nomor 14 sama 15 enak banget diliatnya kalau di ombre, btw udah dua kali loh mesen di sini hehe",5,[Omorfo] OMG OH MY GLAM Lip Series | OMG OH MY GLAM Matte Kiss Lip Cream | Oh My Glam Gloss Lip Finish Vinyl 2.7gr OMG Lip Gloss Lipgloss | Lip Tint | Glassy | OMG Lipcream | OMG Lip tint | OMG Glassy liptint,lip,positive,0.9995
15927585497,"produk oke, terimakasih seller….. pengirimannya cepat dan sesuai",5,[Omorfo] Accessories Kuas Eyebrow pipih | Kuas alis mata | bulu pipih hitam makeup ultra thin Brush makeup bulu sintetis,aksesoris,positive,0.9995
15387500595,Mamaku cocok pake ini suka karena lembut dan teksturnya bagus harus beli dan murah,5,[Omorfo] HADA LABO All Series | HADALABO Gokujyun | ShiroJyun | GokuJyun Alpha | Tamagohada | Face Wash | Lotion | Essence | Toner | Cleansing Oil | Face Mist | Moisturizer Shirojyun,skincare,positive,0.9995
15066867202,"Bagus, sukak beki di toko inii ( maaf fto ga sesuai)........",5,[Omorfo] HADA LABO All Series | HADALABO Gokujyun | ShiroJyun | GokuJyun Alpha | Tamagohada | Face Wash | Lotion | Essence | Toner | Cleansing Oil | Face Mist | Moisturizer Shirojyun,skincare,positive,0.9995
13372062352,Cocok Untuk:pengiriman sangat baik dan kemasan aman produk sangat bagus,5,[Omorfo] IMPLORA Eyebrow Pencil 2in1 Original BPOM | Pensil Alis Black Brown Dark Brown Grey Brown Plus Rautan Spoolia Brush,makeup,positive,0.9995
13560400966,Makasih kakak . Barangnya sudah sampai 😍😍😍,5,[Omorfo] HADA LABO All Series | HADALABO Gokujyun | ShiroJyun | GokuJyun Alpha | Tamagohada | Face Wash | Lotion | Essence | Toner | Cleansing Oil | Face Mist | Moisturizer Shirojyun,skincare,positive,0.9995
14257849079,"Cocok Untuk:semua warna kulit
Tekstur:creamy
Performa:cantik

dari packagingnya  ada dosnya, suka sama warnanya",5,[Omorfo] OMG OH MY GLAM Lip Series | OMG OH MY GLAM Matte Kiss Lip Cream | Oh My Glam Gloss Lip Finish Vinyl 2.7gr OMG Lip Gloss Lipgloss | Lip Tint | Glassy | OMG Lipcream | OMG Lip tint | OMG Glassy liptint,lip,positive,0.9995
13833438095,"sesuai pesanan, cepat sampai, admin ramah, thank you seller🫰🏻",5,[Omorfo] IMPLORA Eyebrow Pencil 2in1 Original BPOM | Pensil Alis Black Brown Dark Brown Grey Brown Plus Rautan Spoolia Brush,makeup,positive,0.9995
12890469949,"Performa:oke
Cocok Untuk:smua warna kulit
Tekstur:sangat bagus untuk di ombre

Suka banget sma lipstiknya ngak mudah hilang dan waterproof jga jdi tahan lama",5,[Omorfo] OMG OH MY GLAM Lip Series | OMG OH MY GLAM Matte Kiss Lip Cream | Oh My Glam Gloss Lip Finish Vinyl 2.7gr OMG Lip Gloss Lipgloss | Lip Tint | Glassy | OMG Lipcream | OMG Lip tint | OMG Glassy liptint,lip,positive,0.9995
25485726083,"Suka banget sama lipstik ini! Warna-nya pigmented banget, sekali aplikasinya langsung keluar warnanya.
Teksturnya matte, tapi gak bikin bibir kering. Cukup nyaman dipakai, dan yang paling aku suka, lipstik ini tahan lama banget! Bisa makan dan minum tanpa transfer atau pudar, meski sedikit ada luntur di bagian dalam bibir.",5,[Omorfo] OMG OH MY GLAM Lip Series | OMG OH MY GLAM Matte Kiss Lip Cream | Oh My Glam Gloss Lip Finish Vinyl 2.7gr OMG Lip Gloss Lipgloss | Lip Tint | Glassy | OMG Lipcream | OMG Lip tint | OMG Glassy liptint,lip,positive,0.9996
16139660002,"sangat buruk, barang yang dipesan ada 4 item api yang datang cuma 2 item (2 barang yang dilingkari dalam foto resi tidak ada). saya tidak punya video unboxing krn selama berbelanja di Shopee selalu aman saja tp sekarang malah ditipu sama olshop ini. jelas jelas di resi yang saya foto cuma ada dua barang yang di ceklis, dua lainnya dilingkarin. 
saranku jangan belanja di toko ini!!! dari pada kalian rugi",1,[Omorfo] HADA LABO All Series | HADALABO Gokujyun | ShiroJyun | GokuJyun Alpha | Tamagohada | Face Wash | Lotion | Essence | Toner | Cleansing Oil | Face Mist | Moisturizer Shirojyun,skincare,negative,0.9994
17486948337,Kecewa banget pesannya 2 yg datang cuma 1,1,[Omorfo] Accessories Kuas Eyebrow pipih | Kuas alis mata | bulu pipih hitam makeup ultra thin Brush makeup bulu sintetis,aksesoris,negative,0.9994
6817069118,"Warna:besttt
Tekstur:ringan
Ketahanan:awet

bagus banget ringan dibibir,tdk lengket samsek pokoknya dabest buat ombrer lipp",5,[Omorfo] OMG OH MY GLAM Lip Series | OMG OH MY GLAM Matte Kiss Lip Cream | Oh My Glam Gloss Lip Finish Vinyl 2.7gr OMG Lip Gloss Lipgloss | Lip Tint | Glassy | OMG Lipcream | OMG Lip tint | OMG Glassy liptint,lip,positive,0.9995
36153427519,"Tekstur:padat dan lembut
Warna:hitam pekat
Kegunaan:mempertajam alis

Sangat puas dengan pensil alis implora. Warnanya terang dan ngga gampang hilang. Harganya juga murah. Komplit ada peraut dan sisir alisnya juga buat ngeratain warna pensil alisnya",5,[Omorfo] IMPLORA Eyebrow Pencil 2in1 Original BPOM | Pensil Alis Black Brown Dark Brown Grey Brown Plus Rautan Spoolia Brush,makeup,positive,0.9996
28659905397,tdk sesuai yg dipesan beda sama yg datang...kecewa,2,[Omorfo] IMPLORA Eyebrow Pencil 2in1 Original BPOM | Pensil Alis Black Brown Dark Brown Grey Brown Plus Rautan Spoolia Brush,makeup,negative,0.9994
8069450314,"terima kasih barang sudah diterima,, warnanya favorit 👍👍👍",5,[Omorfo] OMG OH MY GLAM Lip Series | OMG OH MY GLAM Matte Kiss Lip Cream | Oh My Glam Gloss Lip Finish Vinyl 2.7gr OMG Lip Gloss Lipgloss | Lip Tint | Glassy | OMG Lipcream | OMG Lip tint | OMG Glassy liptint,lip,positive,0.9995
14303612751,"Asli suka bgt,di kasih bonus juga🥰",5,[Omorfo] OMG OH MY GLAM Lip Series | OMG OH MY GLAM Matte Kiss Lip Cream | Oh My Glam Gloss Lip Finish Vinyl 2.7gr OMG Lip Gloss Lipgloss | Lip Tint | Glassy | OMG Lipcream | OMG Lip tint | OMG Glassy liptint,lip,positive,0.9995
44899713573,"Tekstur:12 Scarlett

Suka skli, sudah langganan juga di toko ini 🥰",5,[Omorfo] OMG OH MY GLAM Lip Series | OMG OH MY GLAM Matte Kiss Lip Cream | Oh My Glam Gloss Lip Finish Vinyl 2.7gr OMG Lip Gloss Lipgloss | Lip Tint | Glassy | OMG Lipcream | OMG Lip tint | OMG Glassy liptint,lip,positive,0.9996
8504878481,"waahh tokoh andalanku, bagus banget, semoga aku cocok hehe",5,[Omorfo] OMG OH MY GLAM Lip Series | OMG OH MY GLAM Matte Kiss Lip Cream | Oh My Glam Gloss Lip Finish Vinyl 2.7gr OMG Lip Gloss Lipgloss | Lip Tint | Glassy | OMG Lipcream | OMG Lip tint | OMG Glassy liptint,lip,positive,0.9995
16131224826,"Tekstur:memuaskan
Cocok untuk:cocok untuk dibibir saya
Warna:warnanya bagus

Paketnya sudah datang dan sesuai dengan pesanan, dan bagus saat diaplikasikan ke bibir",5,[Omorfo] OMG OH MY GLAM Lip Series | OMG OH MY GLAM Matte Kiss Lip Cream | Oh My Glam Gloss Lip Finish Vinyl 2.7gr OMG Lip Gloss Lipgloss | Lip Tint | Glassy | OMG Lipcream | OMG Lip tint | OMG Glassy liptint,lip,positive,0.9995
14130870727,"Packingan rapih dan double, pengemasan tiap barang sangat bagus dan tidak ada yang tusak atau tumpah. Admin sangat ramah dan sudah langganan di toko ini. Pesanan terceklis semua dan tidak ada yang kurang. Terima kasih owner🫶🏻",5,[Omorfo] OMG OH MY GLAM Lip Series | OMG OH MY GLAM Matte Kiss Lip Cream | Oh My Glam Gloss Lip Finish Vinyl 2.7gr OMG Lip Gloss Lipgloss | Lip Tint | Glassy | OMG Lipcream | OMG Lip tint | OMG Glassy liptint,lip,positive,0.9995
13372062360,Cocok Untuk:pengiriman sangat baik dan kemasan aman produk sangat bagus,5,[Omorfo] Accessories Kuas Eyebrow pipih | Kuas alis mata | bulu pipih hitam makeup ultra thin Brush makeup bulu sintetis,aksesoris,positive,0.9995
15816454533,"hasilnya matte, cepat blend, transferproof, warnanya nude lebih ke pucet jd bagus untuk base ombre, lipnya yg two tone pake conceal dulu bagusnya, krn warna ini cocok buat bibirnya yg full pink gt",4,[Omorfo] OMG OH MY GLAM Lip Series | OMG OH MY GLAM Matte Kiss Lip Cream | Oh My Glam Gloss Lip Finish Vinyl 2.7gr OMG Lip Gloss Lipgloss | Lip Tint | Glassy | OMG Lipcream | OMG Lip tint | OMG Glassy liptint,lip,positive,0.9995
17972616698,"Tekstur:sy tidak tau tekstur nya karena dikirim dalam keadaan cacat!!!

masa yang dikirim barang cacat bgni? padahal sudah sy kasih catatan loh!!! kecewa bngt sama omorfo padahal toko ini cukup terkenal di daerah mks tapi kok bisa tidak amanah bgni? sebenarnya mau ajukan pengembalian tapi sy tidak sempat vidio saat melakukan unboxing",1,[Omorfo] Accessories Kuas Eyebrow pipih | Kuas alis mata | bulu pipih hitam makeup ultra thin Brush makeup bulu sintetis,aksesoris,negative,0.9994
15531126589,"Tekstur:nyaman dan halus
Cocok untuk:berbagai jenis kulit
Warna:warna produk sesuai dengan ekspektasi

Harga terjangkau, sesuai dengan pesanan, packing bagus  dan sangat memuaskan",5,[Omorfo] OMG OH MY GLAM Lip Series | OMG OH MY GLAM Matte Kiss Lip Cream | Oh My Glam Gloss Lip Finish Vinyl 2.7gr OMG Lip Gloss Lipgloss | Lip Tint | Glassy | OMG Lipcream | OMG Lip tint | OMG Glassy liptint,lip,positive,0.9995
14384702280,"Performa:bagus
Cocok Untuk:untuk kulit
Tekstur:bagus

Bagus semua sudah sampai dan lengkap, rekomendasi sekali di tokoh ini amanah dan sudah sering belanja di tokoh ini pengiriman cepat, barang selalu sesuai pesanan, semoga selalu berlangganan di tokoh ini, kurir sudah langganan juga ☺",5,[Omorfo] OMG OH MY GLAM Lip Series | OMG OH MY GLAM Matte Kiss Lip Cream | Oh My Glam Gloss Lip Finish Vinyl 2.7gr OMG Lip Gloss Lipgloss | Lip Tint | Glassy | OMG Lipcream | OMG Lip tint | OMG Glassy liptint,lip,positive,0.9995
28912439704,Penipu barang datang ga sesuai pesanan malah di kasih barang bekas. Makan itu uang haram hasil nipu,1,[Omorfo] IMPLORA Eyebrow Pencil 2in1 Original BPOM | Pensil Alis Black Brown Dark Brown Grey Brown Plus Rautan Spoolia Brush,makeup,negative,0.9995
15248509392,"Cocok Untuk:bibir
Tekstur:baguss
Performa:baik kok

Bagus suka banget, ini pembelian yg kesekian kalinya",5,[Omorfo] OMG OH MY GLAM Lip Series | OMG OH MY GLAM Matte Kiss Lip Cream | Oh My Glam Gloss Lip Finish Vinyl 2.7gr OMG Lip Gloss Lipgloss | Lip Tint | Glassy | OMG Lipcream | OMG Lip tint | OMG Glassy liptint,lip,positive,0.9995
41533380834,"Bagus, packing aman,sudah langganan disini",5,[Omorfo] OMG OH MY GLAM Lip Series | OMG OH MY GLAM Matte Kiss Lip Cream | Oh My Glam Gloss Lip Finish Vinyl 2.7gr OMG Lip Gloss Lipgloss | Lip Tint | Glassy | OMG Lipcream | OMG Lip tint | OMG Glassy liptint,lip,positive,0.9996
29761082774,sudah langganan belii facial wash hada labo ini disini! thankyou seller!,5,[Omorfo] HADA LABO All Series | HADALABO Gokujyun | ShiroJyun | GokuJyun Alpha | Tamagohada | Face Wash | Lotion | Essence | Toner | Cleansing Oil | Face Mist | Moisturizer Shirojyun,skincare,positive,0.9996
9931165117,Knp ini warna beda dari sebelumx,3,[Omorfo] OMG OH MY GLAM Lip Series | OMG OH MY GLAM Matte Kiss Lip Cream | Oh My Glam Gloss Lip Finish Vinyl 2.7gr OMG Lip Gloss Lipgloss | Lip Tint | Glassy | OMG Lipcream | OMG Lip tint | OMG Glassy liptint,lip,negative,0.9994
8626592858,"ini bagus bangett, aku sukaa huhuuu recomended to buy dehh!!",5,[Omorfo] OMG OH MY GLAM Lip Series | OMG OH MY GLAM Matte Kiss Lip Cream | Oh My Glam Gloss Lip Finish Vinyl 2.7gr OMG Lip Gloss Lipgloss | Lip Tint | Glassy | OMG Lipcream | OMG Lip tint | OMG Glassy liptint,lip,positive,0.9996
12383376849,"murah dan bagus dipakai untuk sehari hari, ada rautannya juga",5,[Omorfo] IMPLORA Eyebrow Pencil 2in1 Original BPOM | Pensil Alis Black Brown Dark Brown Grey Brown Plus Rautan Spoolia Brush,makeup,positive,0.9995
52227695363,Pelayanan burukkk,1,[Omorfo] HADA LABO All Series | HADALABO Gokujyun | ShiroJyun | GokuJyun Alpha | Tamagohada | Face Wash | Lotion | Essence | Toner | Cleansing Oil | Face Mist | Moisturizer Shirojyun,skincare,negative,0.9995
11102157185,"Paket saya sudah sampai, cepet banget, co hari ini, bsknya sampai, thx seller",5,[Omorfo] OMG OH MY GLAM Lip Series | OMG OH MY GLAM Matte Kiss Lip Cream | Oh My Glam Gloss Lip Finish Vinyl 2.7gr OMG Lip Gloss Lipgloss | Lip Tint | Glassy | OMG Lipcream | OMG Lip tint | OMG Glassy liptint,lip,positive,0.9996
14304655962,selalu suka dan udah jadi langganan🫶🏻,5,[Omorfo] IMPLORA Eyebrow Pencil 2in1 Original BPOM | Pensil Alis Black Brown Dark Brown Grey Brown Plus Rautan Spoolia Brush,makeup,positive,0.9995
14570812266,"Produk original, baru pertama coba produknya semoga cocok thank seller pengiriman cepat",5,[Omorfo] HADA LABO All Series | HADALABO Gokujyun | ShiroJyun | GokuJyun Alpha | Tamagohada | Face Wash | Lotion | Essence | Toner | Cleansing Oil | Face Mist | Moisturizer Shirojyun,skincare,positive,0.9995
16689195567,"Tekstur:cair
Cocok untuk:oily skin
Keaslian:asli

terimakasih ya omorfo, aku suka belanja disini",5,[Omorfo] HADA LABO All Series | HADALABO Gokujyun | ShiroJyun | GokuJyun Alpha | Tamagohada | Face Wash | Lotion | Essence | Toner | Cleansing Oil | Face Mist | Moisturizer Shirojyun,skincare,positive,0.9996
13799719324,"sangat baik, produk lengkap, kualitas pun jga terjamin oke",5,[Omorfo] OMG OH MY GLAM Lip Series | OMG OH MY GLAM Matte Kiss Lip Cream | Oh My Glam Gloss Lip Finish Vinyl 2.7gr OMG Lip Gloss Lipgloss | Lip Tint | Glassy | OMG Lipcream | OMG Lip tint | OMG Glassy liptint,lip,positive,0.9995
11656819281,"Kemasan:baguss rapihhh ,nga salah pesan 4pcs warna ya baguss banget 🥰🥰",5,[Omorfo] OMG OH MY GLAM Lip Series | OMG OH MY GLAM Matte Kiss Lip Cream | Oh My Glam Gloss Lip Finish Vinyl 2.7gr OMG Lip Gloss Lipgloss | Lip Tint | Glassy | OMG Lipcream | OMG Lip tint | OMG Glassy liptint,lip,positive,0.9995
14527970186,"Sudah dipakai, ori yaa, harga di toko ini murah mana dapat voucher live juga makin murah, pengirimannya juga gercep banget. Terima kasih",5,[Omorfo] HADA LABO All Series | HADALABO Gokujyun | ShiroJyun | GokuJyun Alpha | Tamagohada | Face Wash | Lotion | Essence | Toner | Cleansing Oil | Face Mist | Moisturizer Shirojyun,skincare,positive,0.9995
97754309540,"Tekstur:thanks ya kak, barangnya sudah sampai tujuan, pengemasan nya baguss, puas dengan toko ini😉😉",5,[Omorfo] HADA LABO All Series | HADALABO Gokujyun | ShiroJyun | GokuJyun Alpha | Tamagohada | Face Wash | Lotion | Essence | Toner | Cleansing Oil | Face Mist | Moisturizer Shirojyun,skincare,positive,0.9996
4282076413,Sudah berapa kali pakai face wash nya hadalabo dan selalu belinya disini krn pengirimannya sangat cepat,5,[Omorfo] HADA LABO All Series | HADALABO Gokujyun | ShiroJyun | GokuJyun Alpha | Tamagohada | Face Wash | Lotion | Essence | Toner | Cleansing Oil | Face Mist | Moisturizer Shirojyun,skincare,positive,0.9995
16295314706,Tokonya amanah.. next order lagi,5,[Omorfo] MADEO Deodorant Spray (BPOM)  | Penghilang Bau Badan Ampuh | Pemutih Ketiak | Solusi Bau Keringat,deodorant,positive,0.9995
15006934292,"Pengiriman Cepat, Barang Sesuai pesanan, Kurirnya Ramah.",5,[Omorfo] Accessories Kuas Eyebrow pipih | Kuas alis mata | bulu pipih hitam makeup ultra thin Brush makeup bulu sintetis,aksesoris,positive,0.9995
12366366293,"Hasil cekout ke sekian kali dan selalu puas dengan pelayanannya, packing rapi dan aman. Terimakasih",5,[Omorfo] IMPLORA Eyebrow Pencil 2in1 Original BPOM | Pensil Alis Black Brown Dark Brown Grey Brown Plus Rautan Spoolia Brush,makeup,positive,0.9996
17288573378,Barang tidak dikirim,2,[Omorfo] IMPLORA Eyebrow Pencil 2in1 Original BPOM | Pensil Alis Black Brown Dark Brown Grey Brown Plus Rautan Spoolia Brush,makeup,negative,0.9994
13407711456,ORI semua.good,5,[Omorfo] OMG OH MY GLAM Lip Series | OMG OH MY GLAM Matte Kiss Lip Cream | Oh My Glam Gloss Lip Finish Vinyl 2.7gr OMG Lip Gloss Lipgloss | Lip Tint | Glassy | OMG Lipcream | OMG Lip tint | OMG Glassy liptint,lip,positive,0.9995
12327364194,"Performa:bagus
Tekstur:bagus
Cocok Untuk:bibir

Scarlet warnanya bagus banget suka dapat promo harganya cuman 10 ribu  suka banget suka suka",5,[Omorfo] OMG OH MY GLAM Lip Series | OMG OH MY GLAM Matte Kiss Lip Cream | Oh My Glam Gloss Lip Finish Vinyl 2.7gr OMG Lip Gloss Lipgloss | Lip Tint | Glassy | OMG Lipcream | OMG Lip tint | OMG Glassy liptint,lip,positive,0.9995
11896122332,"Tekstur:cair
Performa:bagus
Cocok Untuk:bibir

Warnanya cantik, ini udah kesekian kalinya belanja online di sini dan selalu amanah",5,[Omorfo] OMG OH MY GLAM Lip Series | OMG OH MY GLAM Matte Kiss Lip Cream | Oh My Glam Gloss Lip Finish Vinyl 2.7gr OMG Lip Gloss Lipgloss | Lip Tint | Glassy | OMG Lipcream | OMG Lip tint | OMG Glassy liptint,lip,positive,0.9995
79036754499,"Lipstik matte yang bagus, cocok untuk ombree. Warnanya cantik",5,[Omorfo] OMG OH MY GLAM Lip Series | OMG OH MY GLAM Matte Kiss Lip Cream | Oh My Glam Gloss Lip Finish Vinyl 2.7gr OMG Lip Gloss Lipgloss | Lip Tint | Glassy | OMG Lipcream | OMG Lip tint | OMG Glassy liptint,lip,positive,0.9996
15756416537,sangat cocok digunakan untuk membentuk alis dan teksturnya sangat lembut dan nyaman,5,[Omorfo] IMPLORA Eyebrow Pencil 2in1 Original BPOM | Pensil Alis Black Brown Dark Brown Grey Brown Plus Rautan Spoolia Brush,makeup,positive,0.9996
11208967947,"Profil Kecantikan:omg
Kemasan:baguss bangetttt",5,[Omorfo] OMG OH MY GLAM Lip Series | OMG OH MY GLAM Matte Kiss Lip Cream | Oh My Glam Gloss Lip Finish Vinyl 2.7gr OMG Lip Gloss Lipgloss | Lip Tint | Glassy | OMG Lipcream | OMG Lip tint | OMG Glassy liptint,lip,positive,0.9995
8387606128,"Suka banget, ringan di bibir seperti tidak pake lisptik",5,[Omorfo] OMG OH MY GLAM Lip Series | OMG OH MY GLAM Matte Kiss Lip Cream | Oh My Glam Gloss Lip Finish Vinyl 2.7gr OMG Lip Gloss Lipgloss | Lip Tint | Glassy | OMG Lipcream | OMG Lip tint | OMG Glassy liptint,lip,positive,0.9995
14289963240,"produk untuk jualan, costumer senang terimakasi seler🥰🥰🥰",5,[Omorfo] OMG OH MY GLAM Lip Series | OMG OH MY GLAM Matte Kiss Lip Cream | Oh My Glam Gloss Lip Finish Vinyl 2.7gr OMG Lip Gloss Lipgloss | Lip Tint | Glassy | OMG Lipcream | OMG Lip tint | OMG Glassy liptint,lip,positive,0.9995
6771385173,Alhamdulillah paketnya sudah sampai. Pas banget masu di pakai sabtu nanti. Bagus bangetttttt recommended deh warnanya. Thanks seller,5,[Omorfo] OMG OH MY GLAM Lip Series | OMG OH MY GLAM Matte Kiss Lip Cream | Oh My Glam Gloss Lip Finish Vinyl 2.7gr OMG Lip Gloss Lipgloss | Lip Tint | Glassy | OMG Lipcream | OMG Lip tint | OMG Glassy liptint,lip,positive,0.9995
11698610627,"Terimakasih untuk paketnya sdh smpe drmh kak... 
MaaSyaaAllah sangat puas sm produk yg dikirim, ...",5,[Omorfo] IMPLORA Eyebrow Pencil 2in1 Original BPOM | Pensil Alis Black Brown Dark Brown Grey Brown Plus Rautan Spoolia Brush,makeup,positive,0.9995
11599331715,"Kemasan:baik
Manfaat:bagus
Efek:baik

Terimakasih kin paketnya sudah sampai dengan aman dan tanpa lecet sedikitpun. Andalan memang belanja ditoko ini. Tidak pernah mengecewakan",5,[Omorfo] OMG OH MY GLAM Lip Series | OMG OH MY GLAM Matte Kiss Lip Cream | Oh My Glam Gloss Lip Finish Vinyl 2.7gr OMG Lip Gloss Lipgloss | Lip Tint | Glassy | OMG Lipcream | OMG Lip tint | OMG Glassy liptint,lip,positive,0.9995
16187468890,"Pengirimannya cepat dan harga sangat bersahabat, sejauh ini masih langganan terus sama toko ini",5,[Omorfo] OMG OH MY GLAM Lip Series | OMG OH MY GLAM Matte Kiss Lip Cream | Oh My Glam Gloss Lip Finish Vinyl 2.7gr OMG Lip Gloss Lipgloss | Lip Tint | Glassy | OMG Lipcream | OMG Lip tint | OMG Glassy liptint,lip,positive,0.9995
10082061669,"Kualitas bagus dengan harga yang murah, pengiriman juga sangat cepat",5,[Omorfo] OMG OH MY GLAM Lip Series | OMG OH MY GLAM Matte Kiss Lip Cream | Oh My Glam Gloss Lip Finish Vinyl 2.7gr OMG Lip Gloss Lipgloss | Lip Tint | Glassy | OMG Lipcream | OMG Lip tint | OMG Glassy liptint,lip,positive,0.9995
83858478550,"Tekstur:bagus dan gampang di pakai
Warna:sangat cantik dan puas bangett
Cocok untuk:bibir",5,[Omorfo] OMG OH MY GLAM Lip Series | OMG OH MY GLAM Matte Kiss Lip Cream | Oh My Glam Gloss Lip Finish Vinyl 2.7gr OMG Lip Gloss Lipgloss | Lip Tint | Glassy | OMG Lipcream | OMG Lip tint | OMG Glassy liptint,lip,positive,0.9996
14440321528,"Performa:bagus
Tekstur:suka cantik cocok warnanya di muka gitu
Cocok Untuk:ngalisss

Aku suka pelayanan di sini gercep. Begitu pesan langsung packing dan kirim😍✨",5,[Omorfo] IMPLORA Eyebrow Pencil 2in1 Original BPOM | Pensil Alis Black Brown Dark Brown Grey Brown Plus Rautan Spoolia Brush,makeup,positive,0.9995
12868444339,"Packaging bagus, barang aman, cepat sampai, kurirnya sopan banget.",5,[Omorfo] OMG OH MY GLAM Lip Series | OMG OH MY GLAM Matte Kiss Lip Cream | Oh My Glam Gloss Lip Finish Vinyl 2.7gr OMG Lip Gloss Lipgloss | Lip Tint | Glassy | OMG Lipcream | OMG Lip tint | OMG Glassy liptint,lip,positive,0.9996
76563644267,Toner kecintaan aku. Cocok banget buat yang punya kulit kering. Bikin snake skin aku ilang. Suka,5,[Omorfo] HADA LABO All Series | HADALABO Gokujyun | ShiroJyun | GokuJyun Alpha | Tamagohada | Face Wash | Lotion | Essence | Toner | Cleansing Oil | Face Mist | Moisturizer Shirojyun,skincare,positive,0.9996
17858120135,tdk sesuai yg dpsan,2,[Omorfo] IMPLORA Eyebrow Pencil 2in1 Original BPOM | Pensil Alis Black Brown Dark Brown Grey Brown Plus Rautan Spoolia Brush,makeup,negative,0.9994
12936635145,"Tekstur:matte
Cocok Untuk:dewasa
Performa:baik

Lipstik waterproof, murah apalagi di omorfo udah langganan banget",5,[Omorfo] OMG OH MY GLAM Lip Series | OMG OH MY GLAM Matte Kiss Lip Cream | Oh My Glam Gloss Lip Finish Vinyl 2.7gr OMG Lip Gloss Lipgloss | Lip Tint | Glassy | OMG Lipcream | OMG Lip tint | OMG Glassy liptint,lip,positive,0.9995
4933703332,Ketahanan:kualitasnya bagus.produknya oke. pengiriman nya sangat cepat,5,[Omorfo] IMPLORA Eyebrow Pencil 2in1 Original BPOM | Pensil Alis Black Brown Dark Brown Grey Brown Plus Rautan Spoolia Brush,makeup,positive,0.9995
16902544454,"Tekstur:nyaman
Aroma:menyegarkan
Keaslian:ori

Pokokx produk ini sangat bagus, nyaman di pakai, n tahan lama,teksturx juga lembut ,mudah di pakai",4,[Omorfo] MADEO Deodorant Spray (BPOM)  | Penghilang Bau Badan Ampuh | Pemutih Ketiak | Solusi Bau Keringat,deodorant,positive,0.9996
8943115577,"Kecepatan pengiriman sangat baik, produknya original, untuk teksturnya kering",5,[Omorfo] OMG OH MY GLAM Lip Series | OMG OH MY GLAM Matte Kiss Lip Cream | Oh My Glam Gloss Lip Finish Vinyl 2.7gr OMG Lip Gloss Lipgloss | Lip Tint | Glassy | OMG Lipcream | OMG Lip tint | OMG Glassy liptint,lip,positive,0.9995
12326995237,"Barang aman, packingnya juga rapi pake dus, pesanan lenkap thanks😇",5,[Omorfo] IMPLORA Eyebrow Pencil 2in1 Original BPOM | Pensil Alis Black Brown Dark Brown Grey Brown Plus Rautan Spoolia Brush,makeup,positive,0.9996
10071602708,"Pengiriman cepat, pengemasan juga bagus. Lengkap. Makasih",5,[Omorfo] OMG OH MY GLAM Lip Series | OMG OH MY GLAM Matte Kiss Lip Cream | Oh My Glam Gloss Lip Finish Vinyl 2.7gr OMG Lip Gloss Lipgloss | Lip Tint | Glassy | OMG Lipcream | OMG Lip tint | OMG Glassy liptint,lip,positive,0.9996
12855791507,"Bagus semua, pengiriman cepat. Harga terjangkau. Terima kasih",5,[Omorfo] IMPLORA Eyebrow Pencil 2in1 Original BPOM | Pensil Alis Black Brown Dark Brown Grey Brown Plus Rautan Spoolia Brush,makeup,positive,0.9995
18389673065,"Tekstur:nyaman dan halus
Kegunaan:sangat cocok untuk membentuk alis
Keaslian:terjamin keasliannya

Pengiriman sangat cepat, packing barang Sangat aman, barang sesuai yang digambar. Sangat recommended deh😍😍😍😍😍",5,[Omorfo] Accessories Kuas Eyebrow pipih | Kuas alis mata | bulu pipih hitam makeup ultra thin Brush makeup bulu sintetis,aksesoris,positive,0.9996
10605776159,"Tekstur:baik
Performa:suka warnanya
Cocok Untuk:wanita

Suka sekali,",5,[Omorfo] OMG OH MY GLAM Lip Series | OMG OH MY GLAM Matte Kiss Lip Cream | Oh My Glam Gloss Lip Finish Vinyl 2.7gr OMG Lip Gloss Lipgloss | Lip Tint | Glassy | OMG Lipcream | OMG Lip tint | OMG Glassy liptint,lip,positive,0.9995
29859142856,"Tekstur:buruk
Warna:buruk

penjual ga amanah! barang habis bilangnya mahurefund uangnya tapi sampai sekarang ga ada balasan dan tanggung jawab!! tiati guys",1,[Omorfo] OMG OH MY GLAM Lip Series | OMG OH MY GLAM Matte Kiss Lip Cream | Oh My Glam Gloss Lip Finish Vinyl 2.7gr OMG Lip Gloss Lipgloss | Lip Tint | Glassy | OMG Lipcream | OMG Lip tint | OMG Glassy liptint,lip,negative,0.9994
49824790442,"bagus, murah, awet, sesuai, ramah kantong, pengiriman cepet",5,[Omorfo] OMG OH MY GLAM Lip Series | OMG OH MY GLAM Matte Kiss Lip Cream | Oh My Glam Gloss Lip Finish Vinyl 2.7gr OMG Lip Gloss Lipgloss | Lip Tint | Glassy | OMG Lipcream | OMG Lip tint | OMG Glassy liptint,lip,positive,0.9996
12556675634,"Performa:bagus banget
Cocok Untuk:dipake makeup
Tekstur:baik

Produk original, sangat baik, toppp",5,[Omorfo] OMG OH MY GLAM Lip Series | OMG OH MY GLAM Matte Kiss Lip Cream | Oh My Glam Gloss Lip Finish Vinyl 2.7gr OMG Lip Gloss Lipgloss | Lip Tint | Glassy | OMG Lipcream | OMG Lip tint | OMG Glassy liptint,lip,positive,0.9995
12855791511,"Bagus semua, pengiriman cepat. Harga terjangkau. Terima kasih",5,[Omorfo] OMG OH MY GLAM Lip Series | OMG OH MY GLAM Matte Kiss Lip Cream | Oh My Glam Gloss Lip Finish Vinyl 2.7gr OMG Lip Gloss Lipgloss | Lip Tint | Glassy | OMG Lipcream | OMG Lip tint | OMG Glassy liptint,lip,positive,0.9995
12266041212,"Tekstur:ringan
Cocok Untuk:sehari-hari
Performa:bagus

Tekstur lipstik nya matte baik dipakai sehari-hari dan harganya murah kualitas nya bagus dan toko nya amanah banget",5,[Omorfo] OMG OH MY GLAM Lip Series | OMG OH MY GLAM Matte Kiss Lip Cream | Oh My Glam Gloss Lip Finish Vinyl 2.7gr OMG Lip Gloss Lipgloss | Lip Tint | Glassy | OMG Lipcream | OMG Lip tint | OMG Glassy liptint,lip,positive,0.9996
11303421002,"Profil Kecantikan:bgus
Manfaat:bgus
Efek:sangat cantik",5,[Omorfo] OMG OH MY GLAM Lip Series | OMG OH MY GLAM Matte Kiss Lip Cream | Oh My Glam Gloss Lip Finish Vinyl 2.7gr OMG Lip Gloss Lipgloss | Lip Tint | Glassy | OMG Lipcream | OMG Lip tint | OMG Glassy liptint,lip,positive,0.9995
12831854986,"Cocok Untuk:semua
Tekstur:bagus
Performa:bagus

Pengiriman sangat cepat barang bagus sampai dengan aman, terima kasih seller.",5,[Omorfo] IMPLORA Eyebrow Pencil 2in1 Original BPOM | Pensil Alis Black Brown Dark Brown Grey Brown Plus Rautan Spoolia Brush,makeup,positive,0.9995
10009374273,Paketnya yang datang salah yang dikirim soft brow bukan soft black.,4,[Omorfo] IMPLORA Eyebrow Pencil 2in1 Original BPOM | Pensil Alis Black Brown Dark Brown Grey Brown Plus Rautan Spoolia Brush,makeup,negative,0.9995
6283806658,"Warna:bgs bgt. 
Kenyamanan aplikator:mudah
Ketahanan:tahan

Cantik bgt warnanya,suka.",5,[Omorfo] IMPLORA Eyebrow Pencil 2in1 Original BPOM | Pensil Alis Black Brown Dark Brown Grey Brown Plus Rautan Spoolia Brush,makeup,positive,0.9996
78249808630,"Saya suka dengan pensil alis ini, warna grey brown sangat cocok dialis saya yang tebal",5,[Omorfo] IMPLORA Eyebrow Pencil 2in1 Original BPOM | Pensil Alis Black Brown Dark Brown Grey Brown Plus Rautan Spoolia Brush,makeup,positive,0.9996
15993413190,"Pesanannya sudah sampai, pilih lip cream hanasui yang nomor 04 , sama yang seri bobba nomor 01.semoga bagus dan cocok dibibir.pengiriman lumayan.ngga terlalu cepat juga.karna tokonya ada du makassar,makasih",4,[Omorfo] Accessories Kuas Eyebrow pipih | Kuas alis mata | bulu pipih hitam makeup ultra thin Brush makeup bulu sintetis,aksesoris,positive,0.9996
9694749275,"Kualitas produk sangat baik, produk original, adminnya juga ramah. Sukses ya",5,[Omorfo] OMG OH MY GLAM Lip Series | OMG OH MY GLAM Matte Kiss Lip Cream | Oh My Glam Gloss Lip Finish Vinyl 2.7gr OMG Lip Gloss Lipgloss | Lip Tint | Glassy | OMG Lipcream | OMG Lip tint | OMG Glassy liptint,lip,positive,0.9996
16314410992,Saya sangat kecewa..12pcs saya pesan yang turun hanya 10 pcs,1,[Omorfo] MADEO Deodorant Spray (BPOM)  | Penghilang Bau Badan Ampuh | Pemutih Ketiak | Solusi Bau Keringat,deodorant,negative,0.9994
15458437389,"Paket diterima dengan baik, pengemasan rapi dan kualitas barang baik.",5,[Omorfo] IMPLORA Eyebrow Pencil 2in1 Original BPOM | Pensil Alis Black Brown Dark Brown Grey Brown Plus Rautan Spoolia Brush,makeup,positive,0.9995
4227838399,Semua lengkap aman. Packaging rapi lengkap semua. Dan tidakk mengecewakan,5,[Omorfo] IMPLORA Eyebrow Pencil 2in1 Original BPOM | Pensil Alis Black Brown Dark Brown Grey Brown Plus Rautan Spoolia Brush,makeup,positive,0.9996
11095161350,"Kemasan:sangat baik, Aman

Sesuai yang saya pesan, kurir ramah karena sudah langganan

Aku pesan Shade 04. Aku coba Ombre sama Shde 15 hasilnya bgus juga",4,[Omorfo] OMG OH MY GLAM Lip Series | OMG OH MY GLAM Matte Kiss Lip Cream | Oh My Glam Gloss Lip Finish Vinyl 2.7gr OMG Lip Gloss Lipgloss | Lip Tint | Glassy | OMG Lipcream | OMG Lip tint | OMG Glassy liptint,lip,positive,0.9995
16046158089,"Tekstur:creamy
Cocok untuk:seharihari
Warna:red

Paket sudah sampai dgn aman, thanks seller",4,[Omorfo] OMG OH MY GLAM Lip Series | OMG OH MY GLAM Matte Kiss Lip Cream | Oh My Glam Gloss Lip Finish Vinyl 2.7gr OMG Lip Gloss Lipgloss | Lip Tint | Glassy | OMG Lipcream | OMG Lip tint | OMG Glassy liptint,lip,positive,0.9995
17281599146,"Tekstur nya udah ga terlalu kering krna formula baru, suka bangt",5,[Omorfo] OMG OH MY GLAM Lip Series | OMG OH MY GLAM Matte Kiss Lip Cream | Oh My Glam Gloss Lip Finish Vinyl 2.7gr OMG Lip Gloss Lipgloss | Lip Tint | Glassy | OMG Lipcream | OMG Lip tint | OMG Glassy liptint,lip,positive,0.9996
74908222130,"Packing aman barang sampai dengan aman, wanginya enak dan tahan lama",5,[Omorfo] MADEO Deodorant Spray (BPOM)  | Penghilang Bau Badan Ampuh | Pemutih Ketiak | Solusi Bau Keringat,deodorant,positive,0.9996
14261528510,"Tekstur:cremy poll
Cocok Untuk:daily

Bgs sih, gampang buat makenya. Warna nya coklat",5,[Omorfo] IMPLORA Eyebrow Pencil 2in1 Original BPOM | Pensil Alis Black Brown Dark Brown Grey Brown Plus Rautan Spoolia Brush,makeup,positive,0.9995
15686191590,Apa mau diniliai klo nda dikirim. Cuma gunting kuku dikirim. Pensil alisnya tdk ada!!! Mengecewakan pdhl sering beli dsni,1,[Omorfo] IMPLORA Eyebrow Pencil 2in1 Original BPOM | Pensil Alis Black Brown Dark Brown Grey Brown Plus Rautan Spoolia Brush,makeup,negative,0.9995
12559705508,"Paketnya sudah sampai, pensil alisnya bagus dan murah, pengiriman aman",4,[Omorfo] IMPLORA Eyebrow Pencil 2in1 Original BPOM | Pensil Alis Black Brown Dark Brown Grey Brown Plus Rautan Spoolia Brush,makeup,positive,0.9996
7608803990,"Warna:Dua warna Sama ,10 shell,

Pesanan sudah diterima,  tapi sayang😠 kita pesan 2 dikirim, malah dikirim 1,😡 ,, tokoh ini tidak amanah",2,[Omorfo] OMG OH MY GLAM Lip Series | OMG OH MY GLAM Matte Kiss Lip Cream | Oh My Glam Gloss Lip Finish Vinyl 2.7gr OMG Lip Gloss Lipgloss | Lip Tint | Glassy | OMG Lipcream | OMG Lip tint | OMG Glassy liptint,lip,negative,0.9994
17972525710,"Sangat mengecewakan nggak bertanggungjawab banget, ada barang yang nggak dikirim di chat nggak ada respon",1,[Omorfo] MADEO Deodorant Spray (BPOM)  | Penghilang Bau Badan Ampuh | Pemutih Ketiak | Solusi Bau Keringat,deodorant,negative,0.9994
12383494315,"Produk nya Bagus sesuai pesanan, packingan nya juga bagus dan aman. Pengiriman nya sangat cepat serta kirir nya juga sangat ramah",5,[Omorfo] IMPLORA Eyebrow Pencil 2in1 Original BPOM | Pensil Alis Black Brown Dark Brown Grey Brown Plus Rautan Spoolia Brush,makeup,positive,0.9996
7507307755,"Barangnya okey, sama seperti pensil alis pada umum, original",5,[Omorfo] IMPLORA Eyebrow Pencil 2in1 Original BPOM | Pensil Alis Black Brown Dark Brown Grey Brown Plus Rautan Spoolia Brush,makeup,positive,0.9996
16051235506,"Pesanan yg dikirim tidak sesuai , slow respon !",1,[Omorfo] IMPLORA Eyebrow Pencil 2in1 Original BPOM | Pensil Alis Black Brown Dark Brown Grey Brown Plus Rautan Spoolia Brush,makeup,negative,0.9994
72143635002,"Tekstur:ringan, cepat meresap, bikin kulit terasa lembab serta segar.
Cocok untuk:kulit kering maupun sensitif
Keaslian:Produk asli sesuai deskripsi, sangat puas dan pasti akan repurchase lagi

Produk datang dengan aman dan tersegel rapi. Cocok untuk kulit kering maupun sensitif, hasilnya kulit terlihat lebih halus dan cerah. Harga terjangkau dengan kualitas bagus bgt, worth to try klu butuh toner hydrating u/ Dry-Normal skin✨🧸",5,[Omorfo] HADA LABO All Series | HADALABO Gokujyun | ShiroJyun | GokuJyun Alpha | Tamagohada | Face Wash | Lotion | Essence | Toner | Cleansing Oil | Face Mist | Moisturizer Shirojyun,skincare,positive,0.9996
14915543603,"Omorfo udah jadi langganan banget, walaupun awal order dulu sempet ada kesalahan tapi dipesanan berikutnya kesalahannya ga terulang. Jangan takut buat order distore ini, pernah juga nyempetin waktu ke tokoknya. Pelayanannya okeee bangettt. Semua produknya lengkap dan ga ada yang cacat, suka bgttt.",5,[Omorfo] IMPLORA Eyebrow Pencil 2in1 Original BPOM | Pensil Alis Black Brown Dark Brown Grey Brown Plus Rautan Spoolia Brush,makeup,positive,0.9996
6869736469,"kualitas produk sangat baikk
kualitas produk sangat baikk",5,[Omorfo] OMG OH MY GLAM Lip Series | OMG OH MY GLAM Matte Kiss Lip Cream | Oh My Glam Gloss Lip Finish Vinyl 2.7gr OMG Lip Gloss Lipgloss | Lip Tint | Glassy | OMG Lipcream | OMG Lip tint | OMG Glassy liptint,lip,positive,0.9995
43361787300,barang tidak sampai,1,[Omorfo] HADA LABO All Series | HADALABO Gokujyun | ShiroJyun | GokuJyun Alpha | Tamagohada | Face Wash | Lotion | Essence | Toner | Cleansing Oil | Face Mist | Moisturizer Shirojyun,skincare,negative,0.9994
79207961700,Sukaaaa sekali 2 warna ini untuk diombre pas banget. Cantik sekali warnanya,5,[Omorfo] OMG OH MY GLAM Lip Series | OMG OH MY GLAM Matte Kiss Lip Cream | Oh My Glam Gloss Lip Finish Vinyl 2.7gr OMG Lip Gloss Lipgloss | Lip Tint | Glassy | OMG Lipcream | OMG Lip tint | OMG Glassy liptint,lip,positive,0.9996
76701682708,"Tekstur:cair
Aroma:baik
Keaslian:asli

Suka banget deodorant ini, harga terjangkau dan pengiriman sangat cepat. Dikemas rapi dan aman .",5,[Omorfo] MADEO Deodorant Spray (BPOM)  | Penghilang Bau Badan Ampuh | Pemutih Ketiak | Solusi Bau Keringat,deodorant,positive,0.9996
8384085567,"Suka Sm lipcreamnya,  pesanan cepat sampai dan sesuai dengan pesanan.",5,[Omorfo] OMG OH MY GLAM Lip Series | OMG OH MY GLAM Matte Kiss Lip Cream | Oh My Glam Gloss Lip Finish Vinyl 2.7gr OMG Lip Gloss Lipgloss | Lip Tint | Glassy | OMG Lipcream | OMG Lip tint | OMG Glassy liptint,lip,positive,0.9995
15684267013,"Tekstur:lembut dan mudah di aplikasikan
Cocok untuk:cocok buat kulit berminyak seperti saya

Produknya tidak mengandung parfum sehingga tidak memiliki bau dan tidak membuat kulit muka jadi kering. 
Thank you seller buat pengirimannya yang rapi dan aman.",5,[Omorfo] HADA LABO All Series | HADALABO Gokujyun | ShiroJyun | GokuJyun Alpha | Tamagohada | Face Wash | Lotion | Essence | Toner | Cleansing Oil | Face Mist | Moisturizer Shirojyun,skincare,positive,0.9995
8517255456,"Warna:cantik
Ketahanan:lama
Tekstur:lembut

Bagus banget, lembut banget, cocok banget, luar biasa banget, masya Allah. Aku suka bangetttttttt",5,[Omorfo] OMG OH MY GLAM Lip Series | OMG OH MY GLAM Matte Kiss Lip Cream | Oh My Glam Gloss Lip Finish Vinyl 2.7gr OMG Lip Gloss Lipgloss | Lip Tint | Glassy | OMG Lipcream | OMG Lip tint | OMG Glassy liptint,lip,positive,0.9995
5392726433,Alhamdulilah barang sudah sampai dengan selamat barangnya bagus.rekomended bgt buat kamu yg mau pesan ditoko ini harga murah tapi kualitas tidak mengecewakan.,5,[Omorfo] IMPLORA Eyebrow Pencil 2in1 Original BPOM | Pensil Alis Black Brown Dark Brown Grey Brown Plus Rautan Spoolia Brush,makeup,positive,0.9995
15650857421,"Kegunaan:eyebrow brush
Tekstur:batang
Kualitas:lumayan

Sudah tiba kak dengan aman.. terima ksih ya semoga tokonya laris manis terus. Aamiin",5,[Omorfo] Accessories Kuas Eyebrow pipih | Kuas alis mata | bulu pipih hitam makeup ultra thin Brush makeup bulu sintetis,aksesoris,positive,0.9995
15924755626,"Bagus lahh klu implora mahh.. pensilnya mantul... Murah, seller amanah",5,[Omorfo] IMPLORA Eyebrow Pencil 2in1 Original BPOM | Pensil Alis Black Brown Dark Brown Grey Brown Plus Rautan Spoolia Brush,makeup,positive,0.9995
9173187133,"Tekstur:lembut
Performa:bagus
Cocok Untuk:smua bibir

Senang sekali bisa belanja di toko ini, maaf bukan barangnya yang di foto, sekian kalinya order di sini",5,[Omorfo] OMG OH MY GLAM Lip Series | OMG OH MY GLAM Matte Kiss Lip Cream | Oh My Glam Gloss Lip Finish Vinyl 2.7gr OMG Lip Gloss Lipgloss | Lip Tint | Glassy | OMG Lipcream | OMG Lip tint | OMG Glassy liptint,lip,positive,0.9995
16041315019,"Tekstur:baik
Kegunaan:Sangat cocok digunakan untuk membentuk alis
Kondisi Pesanan:diterima dengan aman

Paket sampai dengan aman dan dikemas dengan baik, terima kasih.",5,[Omorfo] Accessories Kuas Eyebrow pipih | Kuas alis mata | bulu pipih hitam makeup ultra thin Brush makeup bulu sintetis,aksesoris,positive,0.9995
13177363347,"Produknya ori kurirnya juga rama, makasih seller",5,[Omorfo] IMPLORA Eyebrow Pencil 2in1 Original BPOM | Pensil Alis Black Brown Dark Brown Grey Brown Plus Rautan Spoolia Brush,makeup,positive,0.9995
16118600309,"Pesanan tidak sesuai dengan yang dipesan
Kecewa banget",2,[Omorfo] HADA LABO All Series | HADALABO Gokujyun | ShiroJyun | GokuJyun Alpha | Tamagohada | Face Wash | Lotion | Essence | Toner | Cleansing Oil | Face Mist | Moisturizer Shirojyun,skincare,negative,0.9994
4935670026,Barang nya sampai cepat terus aman juga,5,[Omorfo] HADA LABO All Series | HADALABO Gokujyun | ShiroJyun | GokuJyun Alpha | Tamagohada | Face Wash | Lotion | Essence | Toner | Cleansing Oil | Face Mist | Moisturizer Shirojyun,skincare,positive,0.9995
15590362273,"Tekstur:lembut
Cocok untuk:bibir
Warna:cantik

Sya suka banget🥰🥰
Maaf telat komentar nya",5,[Omorfo] OMG OH MY GLAM Lip Series | OMG OH MY GLAM Matte Kiss Lip Cream | Oh My Glam Gloss Lip Finish Vinyl 2.7gr OMG Lip Gloss Lipgloss | Lip Tint | Glassy | OMG Lipcream | OMG Lip tint | OMG Glassy liptint,lip,positive,0.9995
21184429829,"Tekstur:nyaman
Aroma:aroma yg harum
Keaslian:terjamin

""Produk madeo sangat berkualitas. Hasilnya memuaskan, cocok untuk kebutuhan saya. Pengiriman cepat dan layanan pelanggan ramah. Sangat direkomendasikan!""",5,[Omorfo] MADEO Deodorant Spray (BPOM)  | Penghilang Bau Badan Ampuh | Pemutih Ketiak | Solusi Bau Keringat,deodorant,positive,0.9996
10757394429,"Tekstur:good
Performa:good
Cocok Untuk:over all

Terima kasih, barang ng datang sesuai pesanan, fast packing, semoga bisa jadi langganan",5,[Omorfo] OMG OH MY GLAM Lip Series | OMG OH MY GLAM Matte Kiss Lip Cream | Oh My Glam Gloss Lip Finish Vinyl 2.7gr OMG Lip Gloss Lipgloss | Lip Tint | Glassy | OMG Lipcream | OMG Lip tint | OMG Glassy liptint,lip,positive,0.9995
7728541697,baguss....    blanja kosmetik dan skincare selalu d toko ini thebestt toko tervaforit😘❤,5,[Omorfo] IMPLORA Eyebrow Pencil 2in1 Original BPOM | Pensil Alis Black Brown Dark Brown Grey Brown Plus Rautan Spoolia Brush,makeup,positive,0.9995
35019276388,Pesan suncreen implora dtngnya hansui,2,[Omorfo] Accessories Kuas Eyebrow pipih | Kuas alis mata | bulu pipih hitam makeup ultra thin Brush makeup bulu sintetis,aksesoris,neutral,0.9997
15704934143,"Tekstur:bagus
Warna:sesuai pesanan
Kegunaan:untuk alis

Pensil alisnya masih segel loh keren.",5,[Omorfo] IMPLORA Eyebrow Pencil 2in1 Original BPOM | Pensil Alis Black Brown Dark Brown Grey Brown Plus Rautan Spoolia Brush,makeup,positive,0.9995
16026678335,Paketnya sudah sampai sesuai dg pesanan makasih ya...,5,[Omorfo] OMG OH MY GLAM Lip Series | OMG OH MY GLAM Matte Kiss Lip Cream | Oh My Glam Gloss Lip Finish Vinyl 2.7gr OMG Lip Gloss Lipgloss | Lip Tint | Glassy | OMG Lipcream | OMG Lip tint | OMG Glassy liptint,lip,positive,0.9995
12989167347,"Cocok Untuk:alis
Performa:bagus
Tekstur:halus

Pigment nya bagus, pengiriman cepat, seller ramah.",5,[Omorfo] IMPLORA Eyebrow Pencil 2in1 Original BPOM | Pensil Alis Black Brown Dark Brown Grey Brown Plus Rautan Spoolia Brush,makeup,positive,0.9995
74671536478,"Tekstur:cukup memuaskan dan sesuai dengan ekspektasi
Warna:menarik dan ceria
Cocok untuk:semua warna kulit

Pesanan datang  tepat waktu dan dalam kondisi baik. Packing sangat rapi dan aman, produknya pun sesuai deskripsi dengan kualitas yang memuaskan. Pokoknya suka banget deh belanja di toko ini, bikin puas banget! 😘☺️",5,[Omorfo] OMG OH MY GLAM Lip Series | OMG OH MY GLAM Matte Kiss Lip Cream | Oh My Glam Gloss Lip Finish Vinyl 2.7gr OMG Lip Gloss Lipgloss | Lip Tint | Glassy | OMG Lipcream | OMG Lip tint | OMG Glassy liptint,lip,positive,0.9996
12360465397,Warna bagus natural menyatu sama warna alis. Good lah pokoknya,5,[Omorfo] IMPLORA Eyebrow Pencil 2in1 Original BPOM | Pensil Alis Black Brown Dark Brown Grey Brown Plus Rautan Spoolia Brush,makeup,positive,0.9995
5552446438,"Warna:bagus bgt
Kenyamanan aplikator:gampang dipake
Ketahanan:lumayan

pensil alis terbaik dan termurah, warnanya paling pas yg dark brown",5,[Omorfo] IMPLORA Eyebrow Pencil 2in1 Original BPOM | Pensil Alis Black Brown Dark Brown Grey Brown Plus Rautan Spoolia Brush,makeup,positive,0.9995
47119132995,yeay udh dateng. packingnya super aman and of course barangnya aman jugaa hehe thankyouu kakk.,5,[Omorfo] HADA LABO All Series | HADALABO Gokujyun | ShiroJyun | GokuJyun Alpha | Tamagohada | Face Wash | Lotion | Essence | Toner | Cleansing Oil | Face Mist | Moisturizer Shirojyun,skincare,positive,0.9996
6725601887,"Warna:cantik
Kenyamanan aplikator:bagus
Ketahanan:mantap

Ini itu toko andalannya aku kalau mau beli langsung ke offlinenya sekarang pindah ke papua terpaksa lewat shopee 😔🥰",5,[Omorfo] IMPLORA Eyebrow Pencil 2in1 Original BPOM | Pensil Alis Black Brown Dark Brown Grey Brown Plus Rautan Spoolia Brush,makeup,positive,0.9995
15619497948,"Tekstur:ringan
Cocok untuk:bibir
Warna:latte dan scarlet

Pengiriman nya cepat dan lipcream nya juga bagus aku suka😙😍",5,[Omorfo] OMG OH MY GLAM Lip Series | OMG OH MY GLAM Matte Kiss Lip Cream | Oh My Glam Gloss Lip Finish Vinyl 2.7gr OMG Lip Gloss Lipgloss | Lip Tint | Glassy | OMG Lipcream | OMG Lip tint | OMG Glassy liptint,lip,positive,0.9995
17583790896,"Ini di baca ga si kak, lain yang di pesen lain yang dikirim. Pesen kuas tipisnya yang besar yang kecil  yang di kirim",1,[Omorfo] IMPLORA Eyebrow Pencil 2in1 Original BPOM | Pensil Alis Black Brown Dark Brown Grey Brown Plus Rautan Spoolia Brush,makeup,negative,0.9994
40567179715,"Tekstur:memiliki tekstur yang cair
Warna:sangat cerah dan menarik
Cocok untuk:wajaj

Produk bagus
Pengiriman cepat
Puas belanja disini!!
Sumpah bagus banget👍🤗",5,[Omorfo] OMG OH MY GLAM Lip Series | OMG OH MY GLAM Matte Kiss Lip Cream | Oh My Glam Gloss Lip Finish Vinyl 2.7gr OMG Lip Gloss Lipgloss | Lip Tint | Glassy | OMG Lipcream | OMG Lip tint | OMG Glassy liptint,lip,positive,0.9996
12289385923,"Selalu puas sama Omorfo luv-luv banget ma, pengiriman cefaaaaat juga tawwah no menye-menye lah pokoknya, Sering2 kasi diskon kakak owner❤️😚 luv juga sama Kurirnya top markotop🫡😁",5,[Omorfo] IMPLORA Eyebrow Pencil 2in1 Original BPOM | Pensil Alis Black Brown Dark Brown Grey Brown Plus Rautan Spoolia Brush,makeup,positive,0.9995
7442942393,"Ketahanan:Lama
Tekstur:seperti biasa
Warna:bagus

Pengirimann cepatt, pengeman cepat. Mantappp nih toko. InsyaaAllah langganan baru",5,[Omorfo] OMG OH MY GLAM Lip Series | OMG OH MY GLAM Matte Kiss Lip Cream | Oh My Glam Gloss Lip Finish Vinyl 2.7gr OMG Lip Gloss Lipgloss | Lip Tint | Glassy | OMG Lipcream | OMG Lip tint | OMG Glassy liptint,lip,positive,0.9995
7231747595,"Ketahanan:bagus
Warna:bagus
Kenyamanan aplikator:bagus

Pengirimanya sangat cepat produk aman lengkap, suka recommend. Produk original",5,[Omorfo] IMPLORA Eyebrow Pencil 2in1 Original BPOM | Pensil Alis Black Brown Dark Brown Grey Brown Plus Rautan Spoolia Brush,makeup,positive,0.9995
9461854295,"Tekstur:matte
Performa:good
Cocok Untuk:cool to neutral

Udah repurchase kesekian kali product OMG, ramah di kantong dan emang bagus banget apalagi dua ini kalo di ombre cantik banget hasilnya",5,[Omorfo] OMG OH MY GLAM Lip Series | OMG OH MY GLAM Matte Kiss Lip Cream | Oh My Glam Gloss Lip Finish Vinyl 2.7gr OMG Lip Gloss Lipgloss | Lip Tint | Glassy | OMG Lipcream | OMG Lip tint | OMG Glassy liptint,lip,positive,0.9995
11599767600,"Kemasan:baik
Efek:baik
Profil Kecantikan:baik

Barang sesuai pesanan, barang bagus, pengiriman standar.",5,[Omorfo] IMPLORA Eyebrow Pencil 2in1 Original BPOM | Pensil Alis Black Brown Dark Brown Grey Brown Plus Rautan Spoolia Brush,makeup,positive,0.9995
28928863616,"Tekstur:lembut
Cocok untuk:dry skin dan kombinasi
Keaslian:asli

Fw favorit.. Gak bikin kulit kering dan ketarik setelah pemkaian",5,[Omorfo] HADA LABO All Series | HADALABO Gokujyun | ShiroJyun | GokuJyun Alpha | Tamagohada | Face Wash | Lotion | Essence | Toner | Cleansing Oil | Face Mist | Moisturizer Shirojyun,skincare,positive,0.9996
29460608321,"Tdk sesuai pesanan , pesan yg kecil datang yg besar",3,[Omorfo] Accessories Kuas Eyebrow pipih | Kuas alis mata | bulu pipih hitam makeup ultra thin Brush makeup bulu sintetis,aksesoris,negative,0.9994
15465612537,"belum dicoba semoga cocok, ori, pengemasan pengiriman cepat toko langganan terlengkap termurah omorfo",5,[Omorfo] MADEO Deodorant Spray (BPOM)  | Penghilang Bau Badan Ampuh | Pemutih Ketiak | Solusi Bau Keringat,deodorant,positive,0.9995
12448111074,"Dateng nya 1hari sebelum 17 Agustus,,,dan aku happy banget karna bisa pakai pas 17an,,,terimakasih♥️♥️",5,[Omorfo] OMG OH MY GLAM Lip Series | OMG OH MY GLAM Matte Kiss Lip Cream | Oh My Glam Gloss Lip Finish Vinyl 2.7gr OMG Lip Gloss Lipgloss | Lip Tint | Glassy | OMG Lipcream | OMG Lip tint | OMG Glassy liptint,lip,positive,0.9995
79453639598,"Produk Djopee yang saya beli sangat bagus dan sesuai dengan deskripsi. Penjual juga sangat responsif dan cepat dalam menjawab pertanyaan saya. Pengiriman juga sangat cepat. Saya sangat puas dengan pembelian ini!""",5,[Omorfo] IMPLORA Eyebrow Pencil 2in1 Original BPOM | Pensil Alis Black Brown Dark Brown Grey Brown Plus Rautan Spoolia Brush,makeup,positive,0.9996
14122941751,"sukakk buatt aliss jadi rapihh maaciiii , pengiriman termasuk cepat",5,[Omorfo] IMPLORA Eyebrow Pencil 2in1 Original BPOM | Pensil Alis Black Brown Dark Brown Grey Brown Plus Rautan Spoolia Brush,makeup,positive,0.9995
13793748797,barang baguss sangat bagus terbaikk belanja disiniii!!!! sangat rekomended jangan ragu belanja disini,5,[Omorfo] OMG OH MY GLAM Lip Series | OMG OH MY GLAM Matte Kiss Lip Cream | Oh My Glam Gloss Lip Finish Vinyl 2.7gr OMG Lip Gloss Lipgloss | Lip Tint | Glassy | OMG Lipcream | OMG Lip tint | OMG Glassy liptint,lip,positive,0.9995
12580938929,Bgus smua.. Dan kurir ny jg ramah..,5,[Omorfo] OMG OH MY GLAM Lip Series | OMG OH MY GLAM Matte Kiss Lip Cream | Oh My Glam Gloss Lip Finish Vinyl 2.7gr OMG Lip Gloss Lipgloss | Lip Tint | Glassy | OMG Lipcream | OMG Lip tint | OMG Glassy liptint,lip,positive,0.9995
15410427665,Harga murah kualitas sangat baik dan oke. Pengiriman juga cepat,5,[Omorfo] OMG OH MY GLAM Lip Series | OMG OH MY GLAM Matte Kiss Lip Cream | Oh My Glam Gloss Lip Finish Vinyl 2.7gr OMG Lip Gloss Lipgloss | Lip Tint | Glassy | OMG Lipcream | OMG Lip tint | OMG Glassy liptint,lip,positive,0.9995
16024365410,Pesanan sesuai. Dan sangat puas banget karena tak ada yg kurang,5,[Omorfo] IMPLORA Eyebrow Pencil 2in1 Original BPOM | Pensil Alis Black Brown Dark Brown Grey Brown Plus Rautan Spoolia Brush,makeup,positive,0.9995
11478235868,"Pengalaman Penggunaan:sangat bagus
Kemasan:rapi

Parfumnyaa wangi sekali sesuai dengan yang ku mau, packingnya juga rapi pesanan lengkap",5,[Omorfo] IMPLORA Eyebrow Pencil 2in1 Original BPOM | Pensil Alis Black Brown Dark Brown Grey Brown Plus Rautan Spoolia Brush,makeup,positive,0.9995
15389469365,"Tekstur:lembut
Warna:coklat
Kegunaan:bingkai alis.

Murah, dan bagus. Walau nggak tahan air dan tahan lama. Pengiriman ok. Packing ok.",5,[Omorfo] IMPLORA Eyebrow Pencil 2in1 Original BPOM | Pensil Alis Black Brown Dark Brown Grey Brown Plus Rautan Spoolia Brush,makeup,positive,0.9995
11824669502,"UDH BERAPA KALI BELI DISINI EMG SEMUA SESUAI PESANAN DANNN DIPACKING AMANNN BANGETT, NYAMPE NYA JG CPET. JANGANNM RAGUUU BELI DISINI GUYS REKOMENDD BANGETTTT🩷🩷🩷🩷",5,[Omorfo] OMG OH MY GLAM Lip Series | OMG OH MY GLAM Matte Kiss Lip Cream | Oh My Glam Gloss Lip Finish Vinyl 2.7gr OMG Lip Gloss Lipgloss | Lip Tint | Glassy | OMG Lipcream | OMG Lip tint | OMG Glassy liptint,lip,positive,0.9995
15819128381,"Tekstur:tekstur cair

Udah dua kali belanja di tokoh ini, packingannua bagus bangattt",5,[Omorfo] IMPLORA Eyebrow Pencil 2in1 Original BPOM | Pensil Alis Black Brown Dark Brown Grey Brown Plus Rautan Spoolia Brush,makeup,positive,0.9995
13139853318,"Cocok Untuk:make up
Tekstur:bagus

Bagus , pekingannya juga bagus jadi sampai paket nya aman",5,[Omorfo] IMPLORA Eyebrow Pencil 2in1 Original BPOM | Pensil Alis Black Brown Dark Brown Grey Brown Plus Rautan Spoolia Brush,makeup,positive,0.9995
14282814699,"Warnanya cantik banget, cocok buat base ombre lama banget cari warna ini",5,[Omorfo] OMG OH MY GLAM Lip Series | OMG OH MY GLAM Matte Kiss Lip Cream | Oh My Glam Gloss Lip Finish Vinyl 2.7gr OMG Lip Gloss Lipgloss | Lip Tint | Glassy | OMG Lipcream | OMG Lip tint | OMG Glassy liptint,lip,positive,0.9996
9204090910,"Tekstur:lmbut

Alhamdulillah paket nya sudah sampai
Realpict, sukses selalu untuk tokoh ini🤲🏻",5,[Omorfo] OMG OH MY GLAM Lip Series | OMG OH MY GLAM Matte Kiss Lip Cream | Oh My Glam Gloss Lip Finish Vinyl 2.7gr OMG Lip Gloss Lipgloss | Lip Tint | Glassy | OMG Lipcream | OMG Lip tint | OMG Glassy liptint,lip,positive,0.9995
4688962604,"Warna:hitamnya bagus
Kenyamanan aplikator:mudah diaplikasikan
Ketahanan:bagus

Produknya bagus, original, suka😍",5,[Omorfo] IMPLORA Eyebrow Pencil 2in1 Original BPOM | Pensil Alis Black Brown Dark Brown Grey Brown Plus Rautan Spoolia Brush,makeup,positive,0.9995
15568310030,"Tekstur:ringan dan sangat nyaman dipakai
Cocok untuk:bibir
Warna:sangat bagus buat ombre lips",5,[Omorfo] OMG OH MY GLAM Lip Series | OMG OH MY GLAM Matte Kiss Lip Cream | Oh My Glam Gloss Lip Finish Vinyl 2.7gr OMG Lip Gloss Lipgloss | Lip Tint | Glassy | OMG Lipcream | OMG Lip tint | OMG Glassy liptint,lip,positive,0.9995
12219137834,"Ccok banget dijadiin ombre bagian dalamnya, aslii cantikkk",5,[Omorfo] OMG OH MY GLAM Lip Series | OMG OH MY GLAM Matte Kiss Lip Cream | Oh My Glam Gloss Lip Finish Vinyl 2.7gr OMG Lip Gloss Lipgloss | Lip Tint | Glassy | OMG Lipcream | OMG Lip tint | OMG Glassy liptint,lip,positive,0.9995
10121642820,"Tekstur:barang ga dikirim
Performa:jelek
Cocok Untuk:ga cocok

pesen yg warna item barangnya ga dikirim,percuma si pengiriman nya cepet kalau ga teliti,dichat ga direspon,dan 80 persen yang ngasi  bintang 1 itu pesanannya ga lengkap.apa mmng tokonya yg mau curang ya? curang ga bikin lo tmbh tajir mba",1,[Omorfo] IMPLORA Eyebrow Pencil 2in1 Original BPOM | Pensil Alis Black Brown Dark Brown Grey Brown Plus Rautan Spoolia Brush,makeup,negative,0.9994
13489384091,"Tekstur:bagusss
Cocok Untuk:semua jenis bibir
Performa:tekstur mudah di omree

Cakep polll lipstiknya semoga coutumerku sukaa, sukses trus tokonya",5,[Omorfo] OMG OH MY GLAM Lip Series | OMG OH MY GLAM Matte Kiss Lip Cream | Oh My Glam Gloss Lip Finish Vinyl 2.7gr OMG Lip Gloss Lipgloss | Lip Tint | Glassy | OMG Lipcream | OMG Lip tint | OMG Glassy liptint,lip,positive,0.9995
17134047916,"Tekstur:sangat lembut dan nyaman
Warna:warna sangat cantik dan menarik
Kegunaan:sangat cocok untuk digunakan menggambar alis",5,[Omorfo] IMPLORA Eyebrow Pencil 2in1 Original BPOM | Pensil Alis Black Brown Dark Brown Grey Brown Plus Rautan Spoolia Brush,makeup,positive,0.9996
75304593102,"Teksturnya lembut, bikin cerah kulit dan aman banget untuk kulit sensitif",5,[Omorfo] HADA LABO All Series | HADALABO Gokujyun | ShiroJyun | GokuJyun Alpha | Tamagohada | Face Wash | Lotion | Essence | Toner | Cleansing Oil | Face Mist | Moisturizer Shirojyun,skincare,positive,0.9996
42410277279,"Barangnya asli,kualitas bagus,pelayanan bagus dan pengiriman yang cepat",5,[Omorfo] HADA LABO All Series | HADALABO Gokujyun | ShiroJyun | GokuJyun Alpha | Tamagohada | Face Wash | Lotion | Essence | Toner | Cleansing Oil | Face Mist | Moisturizer Shirojyun,skincare,positive,0.9996
7086939294,Pesan brown yg dkirim hitam.komplen ditolak karna tdk ad video pdhal ada foto kok itupun masih dalam kemasan paket.di chat katnya dkirim dihari yg sama pdahal tidak..kecewa !!!,1,[Omorfo] IMPLORA Eyebrow Pencil 2in1 Original BPOM | Pensil Alis Black Brown Dark Brown Grey Brown Plus Rautan Spoolia Brush,makeup,negative,0.9994
7324704308,"Barang bagussss lengkap, packaging amann. Pengemasan cepat makasih yah",5,[Omorfo] IMPLORA Eyebrow Pencil 2in1 Original BPOM | Pensil Alis Black Brown Dark Brown Grey Brown Plus Rautan Spoolia Brush,makeup,positive,0.9996
15522269085,"Warna:hitam
Kegunaan:alis

bagus..harga murah kualitas tidak murahan.mantap",5,[Omorfo] IMPLORA Eyebrow Pencil 2in1 Original BPOM | Pensil Alis Black Brown Dark Brown Grey Brown Plus Rautan Spoolia Brush,makeup,positive,0.9995
15219685944,"Tekstur:cair
Cocok untuk:bibir
Warna:merah

Tahan , matte dibibiar , wrnanya cantik. Cocok utk dipake hari-hari atau kepesta. Baguss warnanya",5,[Omorfo] OMG OH MY GLAM Lip Series | OMG OH MY GLAM Matte Kiss Lip Cream | Oh My Glam Gloss Lip Finish Vinyl 2.7gr OMG Lip Gloss Lipgloss | Lip Tint | Glassy | OMG Lipcream | OMG Lip tint | OMG Glassy liptint,lip,positive,0.9995
15025821050,"Bagus sesuai pesanan
Pengemasan juga cepat, rapi dan aman",5,[Omorfo] IMPLORA Eyebrow Pencil 2in1 Original BPOM | Pensil Alis Black Brown Dark Brown Grey Brown Plus Rautan Spoolia Brush,makeup,positive,0.9995
6874037336,"Pengiriman cepat,barang lengkap sesuai pesanan selalu puas belanja di toko ini🥰",5,[Omorfo] OMG OH MY GLAM Lip Series | OMG OH MY GLAM Matte Kiss Lip Cream | Oh My Glam Gloss Lip Finish Vinyl 2.7gr OMG Lip Gloss Lipgloss | Lip Tint | Glassy | OMG Lipcream | OMG Lip tint | OMG Glassy liptint,lip,positive,0.9995
6504967021,Barang sudah sampai sesuai dengan pesanan pengemasan Aman,4,[Omorfo] OMG OH MY GLAM Lip Series | OMG OH MY GLAM Matte Kiss Lip Cream | Oh My Glam Gloss Lip Finish Vinyl 2.7gr OMG Lip Gloss Lipgloss | Lip Tint | Glassy | OMG Lipcream | OMG Lip tint | OMG Glassy liptint,lip,positive,0.9995
8404686548,Warnanya cantik banget,4,[Omorfo] OMG OH MY GLAM Lip Series | OMG OH MY GLAM Matte Kiss Lip Cream | Oh My Glam Gloss Lip Finish Vinyl 2.7gr OMG Lip Gloss Lipgloss | Lip Tint | Glassy | OMG Lipcream | OMG Lip tint | OMG Glassy liptint,lip,positive,0.9995
15941145293,"Tekstur:ringan
Cocok untuk:inner ombre
Warna:Merah tua

Suka banget sama warnanya, cocok untuk inner ombre",5,[Omorfo] OMG OH MY GLAM Lip Series | OMG OH MY GLAM Matte Kiss Lip Cream | Oh My Glam Gloss Lip Finish Vinyl 2.7gr OMG Lip Gloss Lipgloss | Lip Tint | Glassy | OMG Lipcream | OMG Lip tint | OMG Glassy liptint,lip,positive,0.9995
8691450991,Produk bagus masih tersegel. Kemasan lumayan. Semoga cocok. Untuk pengiriman cepat sekali. Heheheh. Semoga pas di muka saya.. terimakssih bnyak kaka,5,[Omorfo] IMPLORA Eyebrow Pencil 2in1 Original BPOM | Pensil Alis Black Brown Dark Brown Grey Brown Plus Rautan Spoolia Brush,makeup,positive,0.9995
15224427988,B aja,4,[Omorfo] IMPLORA Eyebrow Pencil 2in1 Original BPOM | Pensil Alis Black Brown Dark Brown Grey Brown Plus Rautan Spoolia Brush,makeup,negative,0.9994
7762839610,"Warna:oke
Ketahanan:oke
Tekstur:oke

Terima kasih seller, sangat suka belanja disini. Semua baik dan sudah sesuai dengan pesanan. Semoga sehat terus ya seller dan semua karyawannya. Jangan patah semangat ya. Sukses terus. Apapun yang terjadi 👍✨",5,[Omorfo] OMG OH MY GLAM Lip Series | OMG OH MY GLAM Matte Kiss Lip Cream | Oh My Glam Gloss Lip Finish Vinyl 2.7gr OMG Lip Gloss Lipgloss | Lip Tint | Glassy | OMG Lipcream | OMG Lip tint | OMG Glassy liptint,lip,positive,0.9996
15790064594,"Tekstur:lembut
Cocok untuk:santai
Warna:natural

Suka dengan warnanya . Next order warna lain",5,[Omorfo] OMG OH MY GLAM Lip Series | OMG OH MY GLAM Matte Kiss Lip Cream | Oh My Glam Gloss Lip Finish Vinyl 2.7gr OMG Lip Gloss Lipgloss | Lip Tint | Glassy | OMG Lipcream | OMG Lip tint | OMG Glassy liptint,lip,positive,0.9995
66832025167,"Suka banget belanja d toko ini, exp juga masih lama",5,[Omorfo] MADEO Deodorant Spray (BPOM)  | Penghilang Bau Badan Ampuh | Pemutih Ketiak | Solusi Bau Keringat,deodorant,positive,0.9996
35112191810,"Tekstur:ringan dan nyaman dipakai
Cocok untuk:digunakan saat ada acara dan jalan-jalan
Warna:menarik dan ceriah

Produk bagus, pengiriman cepat.
Puas belanja di sini!
Sumpah Bagus banget👍☺",5,[Omorfo] OMG OH MY GLAM Lip Series | OMG OH MY GLAM Matte Kiss Lip Cream | Oh My Glam Gloss Lip Finish Vinyl 2.7gr OMG Lip Gloss Lipgloss | Lip Tint | Glassy | OMG Lipcream | OMG Lip tint | OMG Glassy liptint,lip,positive,0.9996
15190292047,"sukaa banget belanja di sini, suer sat set bgtt😖💜💜💜💜💜",5,[Omorfo] HADA LABO All Series | HADALABO Gokujyun | ShiroJyun | GokuJyun Alpha | Tamagohada | Face Wash | Lotion | Essence | Toner | Cleansing Oil | Face Mist | Moisturizer Shirojyun,skincare,positive,0.9996
14210291351,"Cocok Untuk:alis

Bagus murah warnanya gak gelap banget. Suka banget banget banget",5,[Omorfo] IMPLORA Eyebrow Pencil 2in1 Original BPOM | Pensil Alis Black Brown Dark Brown Grey Brown Plus Rautan Spoolia Brush,makeup,positive,0.9995
7632607817,"Ketahanan:tidak mudah luntur
Warna:hitam
Kenyamanan aplikator:nyaman dan ada runcing pensil

Pertama kali belanja di toko ini dan barang dtg sesuai pesanan. Original. Semoga bisa berlangganan disini 👌😍",5,[Omorfo] IMPLORA Eyebrow Pencil 2in1 Original BPOM | Pensil Alis Black Brown Dark Brown Grey Brown Plus Rautan Spoolia Brush,makeup,positive,0.9995
17695537569,"Kecewa sih, pertama kali beli di toko ini sudah begini, tidak sesuai keinginan . Saya pesan sabun batang 3 tidak ada di kirim. Pensil alisnya saya minta yang warna hitam mala di kirim warna lain. 😔 Klo begini 1 kali kita beli nantinya tdk mau beli di tokoh ini
. tokohnya tdk amanah , tidak berkah Klo begini😖 harganya tdk seberapa sih tapi kan saya sudah beli. Baru barangnya tdk ada 😔",1,[Omorfo] IMPLORA Eyebrow Pencil 2in1 Original BPOM | Pensil Alis Black Brown Dark Brown Grey Brown Plus Rautan Spoolia Brush,makeup,negative,0.9994
13678152710,"Cocok Untuk:bibir

Paling senang belanja d toko inii, respon cepatt, pengemasan pengiriman cepatt..
Walau hanya pesan 2 tetap d respon cepat. Sukses selalu
Sya slalu recommended ke teman untuk belanja alat kosmetik disini, respon cepat Paling utama, setiap ada keperluan kecantikan belanja d toko ini aja..",5,[Omorfo] OMG OH MY GLAM Lip Series | OMG OH MY GLAM Matte Kiss Lip Cream | Oh My Glam Gloss Lip Finish Vinyl 2.7gr OMG Lip Gloss Lipgloss | Lip Tint | Glassy | OMG Lipcream | OMG Lip tint | OMG Glassy liptint,lip,positive,0.9995
19671682035,"Yg dipesan apa, yg dtg apa, tdk lagi mau belanja disini, sbnarnya tdk mau terima, tpi malas tukarnya, tidak rekom dan tdk amanah, yg dipesan harga 25k, yg dtg harga 15k, hahaha iyuh👎👎",1,[Omorfo] MADEO Deodorant Spray (BPOM)  | Penghilang Bau Badan Ampuh | Pemutih Ketiak | Solusi Bau Keringat,deodorant,negative,0.9994
9358609721,"Tekstur:bagus
Performa:bagus
Cocok Untuk:sehari hari

Produknya bagus dan pengirimannya lancar. Produk sesuai pesanan",5,[Omorfo] IMPLORA Eyebrow Pencil 2in1 Original BPOM | Pensil Alis Black Brown Dark Brown Grey Brown Plus Rautan Spoolia Brush,makeup,positive,0.9995
13704755512,"Bagus sekali barangnya dengan harga yang murah aja dan pengiriman yang cepat, jadi puas belanja disini",5,[Omorfo] OMG OH MY GLAM Lip Series | OMG OH MY GLAM Matte Kiss Lip Cream | Oh My Glam Gloss Lip Finish Vinyl 2.7gr OMG Lip Gloss Lipgloss | Lip Tint | Glassy | OMG Lipcream | OMG Lip tint | OMG Glassy liptint,lip,positive,0.9995
16156064171,"Aroma:harum dan tahan lama
Tekstur:cair
Keaslian:terjamin asli

Paket diterima..barangnya sesuai dengan pesanan..produknya original.packing oke pengantarannya sangat cepat..pokoknya maaaaantaaappp",5,[Omorfo] MADEO Deodorant Spray (BPOM)  | Penghilang Bau Badan Ampuh | Pemutih Ketiak | Solusi Bau Keringat,deodorant,positive,0.9995
5642144021,"Warna:bagus 
Kenyamanan aplikator:bagus
Ketahanan:bagus

Bagus bangetttt sukaaa sekaliii..............",5,[Omorfo] IMPLORA Eyebrow Pencil 2in1 Original BPOM | Pensil Alis Black Brown Dark Brown Grey Brown Plus Rautan Spoolia Brush,makeup,positive,0.9995
15934634403,"Tekstur:lembut
Cocok untuk:bibir
Warna:menarik dan ceria

cocok banget untuk ombre nyaa, sukaa pengirimannya juga cepat",5,[Omorfo] OMG OH MY GLAM Lip Series | OMG OH MY GLAM Matte Kiss Lip Cream | Oh My Glam Gloss Lip Finish Vinyl 2.7gr OMG Lip Gloss Lipgloss | Lip Tint | Glassy | OMG Lipcream | OMG Lip tint | OMG Glassy liptint,lip,positive,0.9995
5694603413,"pengemasan sangat cepat, it only took them a few hours since i placed my order. Thank you yaa",5,[Omorfo] HADA LABO All Series | HADALABO Gokujyun | ShiroJyun | GokuJyun Alpha | Tamagohada | Face Wash | Lotion | Essence | Toner | Cleansing Oil | Face Mist | Moisturizer Shirojyun,skincare,positive,0.9995
14152795069,Pengirimannya lama padahal 1 kota saja,5,[Omorfo] IMPLORA Eyebrow Pencil 2in1 Original BPOM | Pensil Alis Black Brown Dark Brown Grey Brown Plus Rautan Spoolia Brush,makeup,negative,0.9994
13509787959,"Performa:bagus, original
Tekstur:baik
Cocok Untuk:hari2

Warna hitam yg natural, mudah di aplikasikan, pengiriman cepat,",5,[Omorfo] IMPLORA Eyebrow Pencil 2in1 Original BPOM | Pensil Alis Black Brown Dark Brown Grey Brown Plus Rautan Spoolia Brush,makeup,positive,0.9995
81897918381,"Tekstur:cairan
Aroma:harum
Keaslian:original

Jangan ragu belanja di toko ini krn toko ini sangat amanah saya sudah kesekian kalinya belanja ditoko ini selalu puas dengan produknya",5,[Omorfo] MADEO Deodorant Spray (BPOM)  | Penghilang Bau Badan Ampuh | Pemutih Ketiak | Solusi Bau Keringat,deodorant,positive,0.9996
15624366418,"Paketnya sampai sesuai dengan pesanan, kualitasnya juga bagus",5,[Omorfo] Accessories Kuas Eyebrow pipih | Kuas alis mata | bulu pipih hitam makeup ultra thin Brush makeup bulu sintetis,aksesoris,positive,0.9995
52433021310,"Tekstur:padat dan tahan lama
Warna:warna sangat cantik dan menarik
Kegunaan:sangat cocok untuk pemakaian sehari hari

Belum di buka semoga barangnya bagus, dan awet 😊",5,[Omorfo] IMPLORA Eyebrow Pencil 2in1 Original BPOM | Pensil Alis Black Brown Dark Brown Grey Brown Plus Rautan Spoolia Brush,makeup,positive,0.9996
5279617713,Barang bagus...sesuai pesanan👍,5,[Omorfo] IMPLORA Eyebrow Pencil 2in1 Original BPOM | Pensil Alis Black Brown Dark Brown Grey Brown Plus Rautan Spoolia Brush,makeup,positive,0.9995
12029412658,"Cocok Untuk:bibir
Tekstur:sangat ringan

Pertama kali pakai Lip matte merk ini ternyata bagus dan ringan skali di bibir,harganya juga sangat murah,06 Spurkle menurutku cantik skali warnanya.😍",5,[Omorfo] OMG OH MY GLAM Lip Series | OMG OH MY GLAM Matte Kiss Lip Cream | Oh My Glam Gloss Lip Finish Vinyl 2.7gr OMG Lip Gloss Lipgloss | Lip Tint | Glassy | OMG Lipcream | OMG Lip tint | OMG Glassy liptint,lip,positive,0.9995
11665224826,Barang tidak sesuai dengan pesan yang di pesan 2 yang datang cuma 1.,4,[Omorfo] OMG OH MY GLAM Lip Series | OMG OH MY GLAM Matte Kiss Lip Cream | Oh My Glam Gloss Lip Finish Vinyl 2.7gr OMG Lip Gloss Lipgloss | Lip Tint | Glassy | OMG Lipcream | OMG Lip tint | OMG Glassy liptint,lip,negative,0.9994
53315390750,"Tekstur:belum tau
Cocok untuk:kulit sensitif
Keaslian:oke

Penjual sangat fast respond dan melayani customer dengan sangat baik. Pengiriman cepat dan aman. Makasih yahhh",5,[Omorfo] HADA LABO All Series | HADALABO Gokujyun | ShiroJyun | GokuJyun Alpha | Tamagohada | Face Wash | Lotion | Essence | Toner | Cleansing Oil | Face Mist | Moisturizer Shirojyun,skincare,positive,0.9996
16083256070,Produk aman tersegel box nya dan pesanan sesuai request an👍🏻,5,[Omorfo] OMG OH MY GLAM Lip Series | OMG OH MY GLAM Matte Kiss Lip Cream | Oh My Glam Gloss Lip Finish Vinyl 2.7gr OMG Lip Gloss Lipgloss | Lip Tint | Glassy | OMG Lipcream | OMG Lip tint | OMG Glassy liptint,lip,positive,0.9995
80607541697,"Produk Djopee yang saya beli sangat bagus dan sesuai dengan deskripsi. Penjual juga sangat responsif dan cepat dalam menjawab pertanyaan saya. Pengiriman juga sangat cepat. Saya sangat puas dengan pembelian ini!""",5,[Omorfo] MADEO Deodorant Spray (BPOM)  | Penghilang Bau Badan Ampuh | Pemutih Ketiak | Solusi Bau Keringat,deodorant,positive,0.9996
8550331276,"Ketahanan:okelah
Tekstur:baguss
Warna:suka bangett

Suka banget warnanya next order lagi",5,[Omorfo] OMG OH MY GLAM Lip Series | OMG OH MY GLAM Matte Kiss Lip Cream | Oh My Glam Gloss Lip Finish Vinyl 2.7gr OMG Lip Gloss Lipgloss | Lip Tint | Glassy | OMG Lipcream | OMG Lip tint | OMG Glassy liptint,lip,positive,0.9995
9697724143,"Tekstur:lembut
Performa:bagus diaplikasikan di alis
Cocok Untuk:sehari hari

Sangat murah, terimakasih diskonnya😊😊😊😊😊😊😊😊😊😊😊😊😊😊😊",5,[Omorfo] IMPLORA Eyebrow Pencil 2in1 Original BPOM | Pensil Alis Black Brown Dark Brown Grey Brown Plus Rautan Spoolia Brush,makeup,positive,0.9995
12308399506,"Performa:Paling gercep omorfoShop, and ID express paling keren soal packingan, jd aman deh paket kita nyampai nya 😬
Cocok Untuk:semua warna kulit
Tekstur:lipcream matte",5,[Omorfo] IMPLORA Eyebrow Pencil 2in1 Original BPOM | Pensil Alis Black Brown Dark Brown Grey Brown Plus Rautan Spoolia Brush,makeup,positive,0.9995
13836105257,"Manfaat:untuk alis.

Pesanannya cepat banget sampainya. Terimakasih seller. Semoga jadi langganan",5,[Omorfo] IMPLORA Eyebrow Pencil 2in1 Original BPOM | Pensil Alis Black Brown Dark Brown Grey Brown Plus Rautan Spoolia Brush,makeup,positive,0.9995
13781156410,"pembelian pertama, pengemasan baik pengiriman aman cepat",5,[Omorfo] HADA LABO All Series | HADALABO Gokujyun | ShiroJyun | GokuJyun Alpha | Tamagohada | Face Wash | Lotion | Essence | Toner | Cleansing Oil | Face Mist | Moisturizer Shirojyun,skincare,positive,0.9995
15354816780,"Tekstur:cair
Cocok untuk:sangat bgus
Warna:bagus untuk lipstik natural",5,[Omorfo] OMG OH MY GLAM Lip Series | OMG OH MY GLAM Matte Kiss Lip Cream | Oh My Glam Gloss Lip Finish Vinyl 2.7gr OMG Lip Gloss Lipgloss | Lip Tint | Glassy | OMG Lipcream | OMG Lip tint | OMG Glassy liptint,lip,positive,0.9995
15911183288,"Tekstur:lembut dan nyaman
Cocok untuk:bibir
Warna:baguss

cantikk bangett warnanya di ombre gitu ,btw kemasan produknya udh terbaru ya mkin bgus aja,udh kesekian kalinya beli disini soalnya murah trus bnyk voc jga ,cpet jga pengirimannya❤️‍🔥❤️‍🔥😘",5,[Omorfo] OMG OH MY GLAM Lip Series | OMG OH MY GLAM Matte Kiss Lip Cream | Oh My Glam Gloss Lip Finish Vinyl 2.7gr OMG Lip Gloss Lipgloss | Lip Tint | Glassy | OMG Lipcream | OMG Lip tint | OMG Glassy liptint,lip,positive,0.9995
15945557470,Produk sesuai dengan gambar. Produk original. Sesuai lah yah,4,[Omorfo] Accessories Kuas Eyebrow pipih | Kuas alis mata | bulu pipih hitam makeup ultra thin Brush makeup bulu sintetis,aksesoris,positive,0.9995
13463450133,"Tekstur:lembut, creami
Performa:bagus
Cocok Untuk:bibir kering

Bagus",5,[Omorfo] OMG OH MY GLAM Lip Series | OMG OH MY GLAM Matte Kiss Lip Cream | Oh My Glam Gloss Lip Finish Vinyl 2.7gr OMG Lip Gloss Lipgloss | Lip Tint | Glassy | OMG Lipcream | OMG Lip tint | OMG Glassy liptint,lip,positive,0.9995
83242521643,"Produk Djopee yang saya beli sangat bagus dan sesuai dengan deskripsi. Penjual juga sangat responsif dan cepat dalam menjawab pertanyaan saya. Pengiriman juga sangat cepat. Saya sangat puas dengan pembelian ini!""",5,[Omorfo] MADEO Deodorant Spray (BPOM)  | Penghilang Bau Badan Ampuh | Pemutih Ketiak | Solusi Bau Keringat,deodorant,positive,0.9996
13808821106,"Baru pertama kali pesan di toko ini,produknya sangat sesuai dan gak ada lecet sama sekali🥰",5,[Omorfo] OMG OH MY GLAM Lip Series | OMG OH MY GLAM Matte Kiss Lip Cream | Oh My Glam Gloss Lip Finish Vinyl 2.7gr OMG Lip Gloss Lipgloss | Lip Tint | Glassy | OMG Lipcream | OMG Lip tint | OMG Glassy liptint,lip,positive,0.9995
11354313114,"Thanks banget kakak(⁠●⁠♡⁠∀⁠♡⁠) harga murah, barangnya juga cakep, ori, love banget pokoknya",5,[Omorfo] IMPLORA Eyebrow Pencil 2in1 Original BPOM | Pensil Alis Black Brown Dark Brown Grey Brown Plus Rautan Spoolia Brush,makeup,positive,0.9995
16209261119,"Pesanan sesuai, packingan barangnya juga aman. Pengiriman barangnya juga cepat.",5,[Omorfo] HADA LABO All Series | HADALABO Gokujyun | ShiroJyun | GokuJyun Alpha | Tamagohada | Face Wash | Lotion | Essence | Toner | Cleansing Oil | Face Mist | Moisturizer Shirojyun,skincare,positive,0.9995
11106725150,"Pengiriman cepat, pengemasan baik, produk murah
Sudah langganan belanja dsini",5,[Omorfo] OMG OH MY GLAM Lip Series | OMG OH MY GLAM Matte Kiss Lip Cream | Oh My Glam Gloss Lip Finish Vinyl 2.7gr OMG Lip Gloss Lipgloss | Lip Tint | Glassy | OMG Lipcream | OMG Lip tint | OMG Glassy liptint,lip,positive,0.9995
91500692091,"barangnya dijamin ori semua, pengirimannya jg secepat kilat, thank u seller 👍🏻",5,[Omorfo] OMG OH MY GLAM Lip Series | OMG OH MY GLAM Matte Kiss Lip Cream | Oh My Glam Gloss Lip Finish Vinyl 2.7gr OMG Lip Gloss Lipgloss | Lip Tint | Glassy | OMG Lipcream | OMG Lip tint | OMG Glassy liptint,lip,positive,0.9996
16246797673,pengirimannya cepat dan pesanan juga di packing dengan aman,5,[Omorfo] MADEO Deodorant Spray (BPOM)  | Penghilang Bau Badan Ampuh | Pemutih Ketiak | Solusi Bau Keringat,deodorant,positive,0.9995
13552542018,"Tekstur:matte
Cocok Untuk:bibir

Pemesanan ke 2 sesuai gambar. Packing rapi. Pengiriman juga cepat",5,[Omorfo] OMG OH MY GLAM Lip Series | OMG OH MY GLAM Matte Kiss Lip Cream | Oh My Glam Gloss Lip Finish Vinyl 2.7gr OMG Lip Gloss Lipgloss | Lip Tint | Glassy | OMG Lipcream | OMG Lip tint | OMG Glassy liptint,lip,positive,0.9995
13503940083,Pensil alisnya gak dikirim,1,[Omorfo] IMPLORA Eyebrow Pencil 2in1 Original BPOM | Pensil Alis Black Brown Dark Brown Grey Brown Plus Rautan Spoolia Brush,makeup,negative,0.9994
15714699112,bagus dan ngg bikin ketarik. sllu langganan beli skincare apapun disni,5,[Omorfo] HADA LABO All Series | HADALABO Gokujyun | ShiroJyun | GokuJyun Alpha | Tamagohada | Face Wash | Lotion | Essence | Toner | Cleansing Oil | Face Mist | Moisturizer Shirojyun,skincare,positive,0.9995
13572523262,"Performa:baik
Tekstur:meresap
Cocok Untuk:semua bibir

bagus dan saya suka, saran kalau mau pakai ombrean ini mending pakai pelembab bibir dulu 🤗",5,[Omorfo] OMG OH MY GLAM Lip Series | OMG OH MY GLAM Matte Kiss Lip Cream | Oh My Glam Gloss Lip Finish Vinyl 2.7gr OMG Lip Gloss Lipgloss | Lip Tint | Glassy | OMG Lipcream | OMG Lip tint | OMG Glassy liptint,lip,positive,0.9995
15436191149,"Tekstur:Cair
Kualitas:Tahan lama

Co kedua kalinya produk ini karena memang mantul atasi bau badan plus mencerahkan ketiak, harganya juga terjangkau, pengiriman cepat, seller dan kurirnya amanah",5,[Omorfo] MADEO Deodorant Spray (BPOM)  | Penghilang Bau Badan Ampuh | Pemutih Ketiak | Solusi Bau Keringat,deodorant,positive,0.9995
13639572077,"Tekstur:baik
Cocok Untuk:acaraaa apapun

sukaa sama yang wrna inii,krnaa cocok dan gampang dibentuk",5,[Omorfo] IMPLORA Eyebrow Pencil 2in1 Original BPOM | Pensil Alis Black Brown Dark Brown Grey Brown Plus Rautan Spoolia Brush,makeup,positive,0.9995
15949876986,"Tekstur:lip mate yang sangat elegan
Warna:sangat cantik dan menarik, bgus untuk menutupi bibir yang hitam",5,[Omorfo] OMG OH MY GLAM Lip Series | OMG OH MY GLAM Matte Kiss Lip Cream | Oh My Glam Gloss Lip Finish Vinyl 2.7gr OMG Lip Gloss Lipgloss | Lip Tint | Glassy | OMG Lipcream | OMG Lip tint | OMG Glassy liptint,lip,positive,0.9995
15054785395,"Barang diterima sesuai pesanan, tidak ada cacat bagus dehh",5,[Omorfo] IMPLORA Eyebrow Pencil 2in1 Original BPOM | Pensil Alis Black Brown Dark Brown Grey Brown Plus Rautan Spoolia Brush,makeup,positive,0.9995
75452212039,"Tekstur:kental agak padat
Cocok untuk:melembabkan di aku

Suka banget belanja di toko ini SUPER GERCEP nggak ada semenit habis co udah dipick up aja",5,[Omorfo] HADA LABO All Series | HADALABO Gokujyun | ShiroJyun | GokuJyun Alpha | Tamagohada | Face Wash | Lotion | Essence | Toner | Cleansing Oil | Face Mist | Moisturizer Shirojyun,skincare,positive,0.9996
8463404023,Mendarat mulus. Paket lengkap👍🏼,5,[Omorfo] IMPLORA Eyebrow Pencil 2in1 Original BPOM | Pensil Alis Black Brown Dark Brown Grey Brown Plus Rautan Spoolia Brush,makeup,positive,0.9995
13982527710,"Tekstur:ringan
Performa:bagus
Cocok Untuk:bibir

warna kesukaanku,cocok sekali dibibirku.",5,[Omorfo] OMG OH MY GLAM Lip Series | OMG OH MY GLAM Matte Kiss Lip Cream | Oh My Glam Gloss Lip Finish Vinyl 2.7gr OMG Lip Gloss Lipgloss | Lip Tint | Glassy | OMG Lipcream | OMG Lip tint | OMG Glassy liptint,lip,positive,0.9995
31997872678,"tidak sesuai pesanan. yg dipesan moisturizer, yang datang malah facial wash",3,[Omorfo] HADA LABO All Series | HADALABO Gokujyun | ShiroJyun | GokuJyun Alpha | Tamagohada | Face Wash | Lotion | Essence | Toner | Cleansing Oil | Face Mist | Moisturizer Shirojyun,skincare,negative,0.9995
36212369411,Tidak amanah!!!,1,[Omorfo] Accessories Kuas Eyebrow pipih | Kuas alis mata | bulu pipih hitam makeup ultra thin Brush makeup bulu sintetis,aksesoris,negative,0.9994
30561383777,Sumpahhh ini katanya dibantu tapi pas di chat ga ada tuh membantu samsek sampai pesanan diterima sendiri. Barangnya ada yg kurang katanya jangan dlu klik pesan diterima tapi minta bantu pengembaliannya aja pelayanan lama. Pesanan sudah diterima sendiri baru dibalas. P MAKSUD?! SEBEL WALAUPUN NGGAK SEBERAPA TAPI INI GA AMANAH.,1,[Omorfo] OMG OH MY GLAM Lip Series | OMG OH MY GLAM Matte Kiss Lip Cream | Oh My Glam Gloss Lip Finish Vinyl 2.7gr OMG Lip Gloss Lipgloss | Lip Tint | Glassy | OMG Lipcream | OMG Lip tint | OMG Glassy liptint,lip,negative,0.9994
16278387742,"akhirnya sampai juga, suka banget belanja disini harganha terjangkau dan selalu ada diskon tiap live",5,[Omorfo] HADA LABO All Series | HADALABO Gokujyun | ShiroJyun | GokuJyun Alpha | Tamagohada | Face Wash | Lotion | Essence | Toner | Cleansing Oil | Face Mist | Moisturizer Shirojyun,skincare,positive,0.9995
11789210842,"Pengiriman cepat banget. Ada barang yg kosong, langsung di hubungi. Proses refund juga cepat banget. Admin nya baik juga dongg. 🥰😎",5,[Omorfo] OMG OH MY GLAM Lip Series | OMG OH MY GLAM Matte Kiss Lip Cream | Oh My Glam Gloss Lip Finish Vinyl 2.7gr OMG Lip Gloss Lipgloss | Lip Tint | Glassy | OMG Lipcream | OMG Lip tint | OMG Glassy liptint,lip,positive,0.9995
14125336805,"Pengalaman Penggunaan:bagus,suka",5,[Omorfo] IMPLORA Eyebrow Pencil 2in1 Original BPOM | Pensil Alis Black Brown Dark Brown Grey Brown Plus Rautan Spoolia Brush,makeup,positive,0.9995
7271345699,"paketnya udah sampai, pengiriman cepat, barang yang datang aman dan sesuai pesanan",5,[Omorfo] IMPLORA Eyebrow Pencil 2in1 Original BPOM | Pensil Alis Black Brown Dark Brown Grey Brown Plus Rautan Spoolia Brush,makeup,positive,0.9995
3465138651,"Ini recommended bangettt sih, sesuai pesanan dan gambar harganyaa murah dari seller seller yang laenn beli di seller lain gakk semurah ini kualitasnya juaraa deh pengiriman cepet, pengemasan amannn, rapi, puasss pokoknya👍🏻👍🏻👍🏻",5,[Omorfo] IMPLORA Eyebrow Pencil 2in1 Original BPOM | Pensil Alis Black Brown Dark Brown Grey Brown Plus Rautan Spoolia Brush,makeup,positive,0.9995
9243223061,"Tekstur:bagus
Performa:bagus
Cocok Untuk:mascara sama pensil alisnya sdh sy coba ternyata bagus, kalau yg serumnya belum sy coba semoga cocok

Paketnya sdh sya Terima dan semua sesuai pesanan yahh, terus pengirimannya juga cepat banget... Respon penjual jg bagus. Terus kurir yg antar jg sll tepat waktu👍👍👍👍👍in syaah Allah next order. Toko ini recommended bnget lohh, d pertahanin yahhh sist👍👍👍👍😊",5,[Omorfo] IMPLORA Eyebrow Pencil 2in1 Original BPOM | Pensil Alis Black Brown Dark Brown Grey Brown Plus Rautan Spoolia Brush,makeup,positive,0.9995
12598157130,"Tekstur:.
Cocok Untuk:.
Performa:.

Moisnya ori pengirimannya jugaa cepaatt pensil alisnya sukaaa jugaa",5,[Omorfo] IMPLORA Eyebrow Pencil 2in1 Original BPOM | Pensil Alis Black Brown Dark Brown Grey Brown Plus Rautan Spoolia Brush,makeup,positive,0.9995
11789210839,"Pengiriman cepat banget. Ada barang yg kosong, langsung di hubungi. Proses refund juga cepat banget. Admin nya baik juga dongg. 🥰😎",5,[Omorfo] IMPLORA Eyebrow Pencil 2in1 Original BPOM | Pensil Alis Black Brown Dark Brown Grey Brown Plus Rautan Spoolia Brush,makeup,positive,0.9995
77420013238,"Tekstur:terasa padat dan kokoh
Warna:warna sangat cantik dan menarik
Cocok untuk:berbagai jenis kulit",5,[Omorfo] OMG OH MY GLAM Lip Series | OMG OH MY GLAM Matte Kiss Lip Cream | Oh My Glam Gloss Lip Finish Vinyl 2.7gr OMG Lip Gloss Lipgloss | Lip Tint | Glassy | OMG Lipcream | OMG Lip tint | OMG Glassy liptint,lip,positive,0.9996
79453639610,"Produk Djopee yang saya beli sangat bagus dan sesuai dengan deskripsi. Penjual juga sangat responsif dan cepat dalam menjawab pertanyaan saya. Pengiriman juga sangat cepat. Saya sangat puas dengan pembelian ini!""",5,[Omorfo] Accessories Kuas Eyebrow pipih | Kuas alis mata | bulu pipih hitam makeup ultra thin Brush makeup bulu sintetis,aksesoris,positive,0.9996
15295899521,"Aroma:Harum dan tahan lama
Kualitas:Memuaskan
Pengalaman Penggunaan:Nyaman dan ga lengket

Deodorant dengan wangi vanila. Tahan 48 jam. Tidak lengket. Harga terjangkau. Pemakaian bisa sampai 3 bulanan.",5,[Omorfo] MADEO Deodorant Spray (BPOM)  | Penghilang Bau Badan Ampuh | Pemutih Ketiak | Solusi Bau Keringat,deodorant,positive,0.9995
11415258028,Profil Kecantikan:bgus,5,[Omorfo] Accessories Kuas Eyebrow pipih | Kuas alis mata | bulu pipih hitam makeup ultra thin Brush makeup bulu sintetis,aksesoris,positive,0.9995
16038506279,"Tekstur:bagus
Cocok untuk:semua jenis kulit
Keaslian:asli

Beli ini karena banyak rivew bagusnya di tiktok, pertama kali coba dan semoga cocok di kulitku. Thanks",5,[Omorfo] HADA LABO All Series | HADALABO Gokujyun | ShiroJyun | GokuJyun Alpha | Tamagohada | Face Wash | Lotion | Essence | Toner | Cleansing Oil | Face Mist | Moisturizer Shirojyun,skincare,positive,0.9995
15996476042,"Tekstur:tekstur ringan
Warna:coklat
Kegunaan:sangat cocok digunakan untuk makeup sehari hari",5,[Omorfo] IMPLORA Eyebrow Pencil 2in1 Original BPOM | Pensil Alis Black Brown Dark Brown Grey Brown Plus Rautan Spoolia Brush,makeup,positive,0.9995
87029843332,Saya sangat suka produk ini krna cocok di muka saya. Sangat nyaman dan halus,5,[Omorfo] HADA LABO All Series | HADALABO Gokujyun | ShiroJyun | GokuJyun Alpha | Tamagohada | Face Wash | Lotion | Essence | Toner | Cleansing Oil | Face Mist | Moisturizer Shirojyun,skincare,positive,0.9996
13477440892,"Tekstur:baguss
Performa:bagussss
Cocok Untuk:bibir

Bagus bangettt apalagi di ombre, top deh",5,[Omorfo] OMG OH MY GLAM Lip Series | OMG OH MY GLAM Matte Kiss Lip Cream | Oh My Glam Gloss Lip Finish Vinyl 2.7gr OMG Lip Gloss Lipgloss | Lip Tint | Glassy | OMG Lipcream | OMG Lip tint | OMG Glassy liptint,lip,positive,0.9995
16094510273,"Aroma:harum
Tekstur:cair
Keaslian:autentik

Bagus banget",5,[Omorfo] MADEO Deodorant Spray (BPOM)  | Penghilang Bau Badan Ampuh | Pemutih Ketiak | Solusi Bau Keringat,deodorant,positive,0.9995
71853064323,"warnanya sangat menarik, cocok digunakan untuk membentuk alis👍🏻",5,[Omorfo] IMPLORA Eyebrow Pencil 2in1 Original BPOM | Pensil Alis Black Brown Dark Brown Grey Brown Plus Rautan Spoolia Brush,makeup,positive,0.9996
15651092468,"Tekstur:ringan
Keaslian:original

facial wash langganan aku ga pernah ganti lagi dari 2 tahun yang lalu ga bikin kering kulit wajah, harganya juga lumayan terjangkau",5,[Omorfo] HADA LABO All Series | HADALABO Gokujyun | ShiroJyun | GokuJyun Alpha | Tamagohada | Face Wash | Lotion | Essence | Toner | Cleansing Oil | Face Mist | Moisturizer Shirojyun,skincare,positive,0.9995
14395682099,"Cocok Untuk:alis
Tekstur:ok
Performa:ok

Barang sudah sampai terbungkus dgn rapi dan barang sesuai pesananan",5,[Omorfo] IMPLORA Eyebrow Pencil 2in1 Original BPOM | Pensil Alis Black Brown Dark Brown Grey Brown Plus Rautan Spoolia Brush,makeup,positive,0.9995
97767796333,"Tekstur:cair ke kental
Kenyamanan:mantul

sampainya cepat, packing aman dan amanah. thank you seller. lancar rezekinya",5,[Omorfo] HADA LABO All Series | HADALABO Gokujyun | ShiroJyun | GokuJyun Alpha | Tamagohada | Face Wash | Lotion | Essence | Toner | Cleansing Oil | Face Mist | Moisturizer Shirojyun,skincare,positive,0.9996
15855455600,pesanan tidak dikirim,2,[Omorfo] OMG OH MY GLAM Lip Series | OMG OH MY GLAM Matte Kiss Lip Cream | Oh My Glam Gloss Lip Finish Vinyl 2.7gr OMG Lip Gloss Lipgloss | Lip Tint | Glassy | OMG Lipcream | OMG Lip tint | OMG Glassy liptint,lip,negative,0.9994
15879928520,"Mantap, barang sampai dengan selamat, paket lengkap tidak ada yg kurang. Selalu puas belanja disini, pokoknya jadi langganan kalau mau belanja skincare di mkssr",5,[Omorfo] IMPLORA Eyebrow Pencil 2in1 Original BPOM | Pensil Alis Black Brown Dark Brown Grey Brown Plus Rautan Spoolia Brush,makeup,positive,0.9996
16248368317,"Tidak dikirim,disuruh ajukan pengembalian tp ribet banget.hati2 aja klo mau beli ditoko ini,mereka cenderung tdk terlalu memperhatikan pesanan cs krn yg sy lihat sdh bnyk yg complain ttg barangnya yg kurang, toko ini harusnya lebih teliti lg krn sdh di complain gitu,ataukah mmg sengaja barangnya gak dikirim.alih2 nyuruh ajukan pengembalian,mmgnya mngajukan itu gak ribet.
Tokonya jg asal kirim, sy jg pesan jedai tp yg dikirim model lain.
Kok bisa gitu yah?
Asal ngirim pesanan orang,gak mungkin hilaf sih,",1,[Omorfo] IMPLORA Eyebrow Pencil 2in1 Original BPOM | Pensil Alis Black Brown Dark Brown Grey Brown Plus Rautan Spoolia Brush,makeup,negative,0.9994
18386576009,"Tekstur:memiliki tekstur yang bagus dan tahan lama
Cocok untuk:cocok untuk semua
Warna:warnanya soft cantik dan sesuai orderan

Saya suka belanja ditoko ini krna selalu amanah dan harganya terjangkau",5,[Omorfo] OMG OH MY GLAM Lip Series | OMG OH MY GLAM Matte Kiss Lip Cream | Oh My Glam Gloss Lip Finish Vinyl 2.7gr OMG Lip Gloss Lipgloss | Lip Tint | Glassy | OMG Lipcream | OMG Lip tint | OMG Glassy liptint,lip,positive,0.9996
13428734940,"Performa:bagus
Tekstur:padat
Cocok Untuk:alis

bagus bangett, pengirimannya juga cepettt
packingan jg baguss tebell,topp dehhh belanja di sini
bakal mampir lagi sihh👍🏻👍🏻",5,[Omorfo] IMPLORA Eyebrow Pencil 2in1 Original BPOM | Pensil Alis Black Brown Dark Brown Grey Brown Plus Rautan Spoolia Brush,makeup,positive,0.9995
41375309190,"hadalabo selain ramah di kantong pelajar juga ramah di all skin type jadi suka banget, apalagi di omorfo juga harga terjangkau",5,[Omorfo] HADA LABO All Series | HADALABO Gokujyun | ShiroJyun | GokuJyun Alpha | Tamagohada | Face Wash | Lotion | Essence | Toner | Cleansing Oil | Face Mist | Moisturizer Shirojyun,skincare,positive,0.9996
12168541763,"Pengirimannya sangat cepat, kurirnya baik dan informatif",5,[Omorfo] OMG OH MY GLAM Lip Series | OMG OH MY GLAM Matte Kiss Lip Cream | Oh My Glam Gloss Lip Finish Vinyl 2.7gr OMG Lip Gloss Lipgloss | Lip Tint | Glassy | OMG Lipcream | OMG Lip tint | OMG Glassy liptint,lip,positive,0.9995
8726435578,"Kualitas produk sangat baik, kecepatan pengiriman sangat baik",5,[Omorfo] OMG OH MY GLAM Lip Series | OMG OH MY GLAM Matte Kiss Lip Cream | Oh My Glam Gloss Lip Finish Vinyl 2.7gr OMG Lip Gloss Lipgloss | Lip Tint | Glassy | OMG Lipcream | OMG Lip tint | OMG Glassy liptint,lip,positive,0.9995
15892165898,Pesanan sesuai. Seller fast respon. Pengiriman cepat.,5,[Omorfo] IMPLORA Eyebrow Pencil 2in1 Original BPOM | Pensil Alis Black Brown Dark Brown Grey Brown Plus Rautan Spoolia Brush,makeup,positive,0.9995
6874037338,"Pengiriman cepat,barang lengkap sesuai pesanan selalu puas belanja di toko ini🥰",5,[Omorfo] IMPLORA Eyebrow Pencil 2in1 Original BPOM | Pensil Alis Black Brown Dark Brown Grey Brown Plus Rautan Spoolia Brush,makeup,positive,0.9995
8049222575,"Cangtip banget warnanya. Cepat ngeset dan hasilnya matte. Btw paket mendarat aman, packingan rapi dan tebal. Makasih seller!",5,[Omorfo] OMG OH MY GLAM Lip Series | OMG OH MY GLAM Matte Kiss Lip Cream | Oh My Glam Gloss Lip Finish Vinyl 2.7gr OMG Lip Gloss Lipgloss | Lip Tint | Glassy | OMG Lipcream | OMG Lip tint | OMG Glassy liptint,lip,positive,0.9996
13853040801,"Barangnya semua ori, bagus, kecepatan pengiriman oke, respon penjual juga sangat ramah. Aku udah beberapa kali beli disini🫶",5,[Omorfo] IMPLORA Eyebrow Pencil 2in1 Original BPOM | Pensil Alis Black Brown Dark Brown Grey Brown Plus Rautan Spoolia Brush,makeup,positive,0.9996
12455137134,"pengiriman cepat, packing rapi, harga terjangkau. terimakasih seller 🤍",5,[Omorfo] IMPLORA Eyebrow Pencil 2in1 Original BPOM | Pensil Alis Black Brown Dark Brown Grey Brown Plus Rautan Spoolia Brush,makeup,positive,0.9996
7938905745,"Ketahanan:baik
Warna:baik
Kenyamanan aplikator:baik

Pokoknya bagus.. Barang tiba dengan selamat.",5,[Omorfo] IMPLORA Eyebrow Pencil 2in1 Original BPOM | Pensil Alis Black Brown Dark Brown Grey Brown Plus Rautan Spoolia Brush,makeup,positive,0.9995
5217638230,"Warna:baik
Kenyamanan aplikator:baik
Ketahanan:baik

paketnya sudah sampai, produk baik, packingan juga rapih suka dehh belanja di sini ..Terimakasih",5,[Omorfo] IMPLORA Eyebrow Pencil 2in1 Original BPOM | Pensil Alis Black Brown Dark Brown Grey Brown Plus Rautan Spoolia Brush,makeup,positive,0.9995
16016573231,"Warna:warnanya cantik

Paketnya datang lengkap, sesuai pesanan saya suka kak",5,[Omorfo] OMG OH MY GLAM Lip Series | OMG OH MY GLAM Matte Kiss Lip Cream | Oh My Glam Gloss Lip Finish Vinyl 2.7gr OMG Lip Gloss Lipgloss | Lip Tint | Glassy | OMG Lipcream | OMG Lip tint | OMG Glassy liptint,lip,positive,0.9995
15068473554,"Tekstur:ringan
Cocok untuk:semua jenis bibir
Warna:nude

Pesananya telah sampai,suka juga terimah kasih",5,[Omorfo] OMG OH MY GLAM Lip Series | OMG OH MY GLAM Matte Kiss Lip Cream | Oh My Glam Gloss Lip Finish Vinyl 2.7gr OMG Lip Gloss Lipgloss | Lip Tint | Glassy | OMG Lipcream | OMG Lip tint | OMG Glassy liptint,lip,positive,0.9995
11287497015,"Ok amanah dan selalu setia belanja disini , pengiriman hanya sehari mantaplah",5,[Omorfo] OMG OH MY GLAM Lip Series | OMG OH MY GLAM Matte Kiss Lip Cream | Oh My Glam Gloss Lip Finish Vinyl 2.7gr OMG Lip Gloss Lipgloss | Lip Tint | Glassy | OMG Lipcream | OMG Lip tint | OMG Glassy liptint,lip,positive,0.9995
52395382873,Dari dulu udah langganan banget sama toko ini buat beli skincare. Skincare yang dijual pun banyak dan lengkap dan yg pasti bpom dan original,5,[Omorfo] HADA LABO All Series | HADALABO Gokujyun | ShiroJyun | GokuJyun Alpha | Tamagohada | Face Wash | Lotion | Essence | Toner | Cleansing Oil | Face Mist | Moisturizer Shirojyun,skincare,positive,0.9996
16257844983,"Tekstur:sangat lembut dan nyaman
Kegunaan:sangat cocok digunakan untuk membentuk alis
Kondisi Pesanan:diterima dengan baik

Brushnya bagus banget, cock digunakan buat konsiler alis, brushnya murah tapi kualitas nggak murahan",5,[Omorfo] Accessories Kuas Eyebrow pipih | Kuas alis mata | bulu pipih hitam makeup ultra thin Brush makeup bulu sintetis,aksesoris,positive,0.9996
12064221279,"Alhamdulillah pesanan sdh sampai barang yang dikirim sesuai dengan pesanan, admin nya fast respon, pengemas cepat dan pengiriman juga cepat Terimakasih shopee.",5,[Omorfo] OMG OH MY GLAM Lip Series | OMG OH MY GLAM Matte Kiss Lip Cream | Oh My Glam Gloss Lip Finish Vinyl 2.7gr OMG Lip Gloss Lipgloss | Lip Tint | Glassy | OMG Lipcream | OMG Lip tint | OMG Glassy liptint,lip,positive,0.9995
31998009110,Saya beli latte malah dikirim cappucino toko tidak amanah👎👎,1,[Omorfo] OMG OH MY GLAM Lip Series | OMG OH MY GLAM Matte Kiss Lip Cream | Oh My Glam Gloss Lip Finish Vinyl 2.7gr OMG Lip Gloss Lipgloss | Lip Tint | Glassy | OMG Lipcream | OMG Lip tint | OMG Glassy liptint,lip,negative,0.9994
15752954893,"Tekstur:cream
Warna:coklat cerah
Kegunaan:sangat cocok digunakan membentuk alis

Alhamdulillah paket sdh dtng dan sesuai pesanan, packingan rapi pengiriman cepat, trimakasih seller dan shopee.",5,[Omorfo] IMPLORA Eyebrow Pencil 2in1 Original BPOM | Pensil Alis Black Brown Dark Brown Grey Brown Plus Rautan Spoolia Brush,makeup,positive,0.9995
8438835256,"Ketahanan:baik
Tekstur:cream
Warna:bagus, natural

Produknya cream ringan juga dipakai dibibir. Nyaman tdk lengket. Kurirnya juga ramah. Pengantarannya cepat.
Terimakasih",4,[Omorfo] OMG OH MY GLAM Lip Series | OMG OH MY GLAM Matte Kiss Lip Cream | Oh My Glam Gloss Lip Finish Vinyl 2.7gr OMG Lip Gloss Lipgloss | Lip Tint | Glassy | OMG Lipcream | OMG Lip tint | OMG Glassy liptint,lip,positive,0.9995
15740909701,"Sangat senang belanja di toko ini selalu amanah..pengiriman cepat..barang selalu sesuai pesanan dan packingan.y juga rapi
Recomended banget dechh pokok.y dengan toko ini
Smoga toko.y makin sukses yaaa",5,[Omorfo] IMPLORA Eyebrow Pencil 2in1 Original BPOM | Pensil Alis Black Brown Dark Brown Grey Brown Plus Rautan Spoolia Brush,makeup,positive,0.9996
33562947256,make over b11 new rules dupenya OMG no 15 experesso,5,[Omorfo] OMG OH MY GLAM Lip Series | OMG OH MY GLAM Matte Kiss Lip Cream | Oh My Glam Gloss Lip Finish Vinyl 2.7gr OMG Lip Gloss Lipgloss | Lip Tint | Glassy | OMG Lipcream | OMG Lip tint | OMG Glassy liptint,lip,neutral,0.9993
16262460838,"Tekstur:sangat lembut dan nyaman
Cocok untuk:bibir
Warna:bagus natural

Cocok untuk semua jenis kulit",5,[Omorfo] OMG OH MY GLAM Lip Series | OMG OH MY GLAM Matte Kiss Lip Cream | Oh My Glam Gloss Lip Finish Vinyl 2.7gr OMG Lip Gloss Lipgloss | Lip Tint | Glassy | OMG Lipcream | OMG Lip tint | OMG Glassy liptint,lip,positive,0.9995
10352506918,"Tekstur:creamy
Performa:bagus
Cocok Untuk:semua

Makasih barangnya tiba dg selamat 🥰... Packing nya aman dan lengkap.. warna nya cantik barangnya ORI.. makasih reseller dan shopee 🥰",5,[Omorfo] OMG OH MY GLAM Lip Series | OMG OH MY GLAM Matte Kiss Lip Cream | Oh My Glam Gloss Lip Finish Vinyl 2.7gr OMG Lip Gloss Lipgloss | Lip Tint | Glassy | OMG Lipcream | OMG Lip tint | OMG Glassy liptint,lip,positive,0.9995
13425457861,Dapat harga promo lipcream omg. Pengiriman dan pengemasan oke,5,[Omorfo] OMG OH MY GLAM Lip Series | OMG OH MY GLAM Matte Kiss Lip Cream | Oh My Glam Gloss Lip Finish Vinyl 2.7gr OMG Lip Gloss Lipgloss | Lip Tint | Glassy | OMG Lipcream | OMG Lip tint | OMG Glassy liptint,lip,positive,0.9995
12561893624,"Teksturnya bagus, cocok untuk sehari hari dan warnanya juga gak terlalu terang",5,[Omorfo] OMG OH MY GLAM Lip Series | OMG OH MY GLAM Matte Kiss Lip Cream | Oh My Glam Gloss Lip Finish Vinyl 2.7gr OMG Lip Gloss Lipgloss | Lip Tint | Glassy | OMG Lipcream | OMG Lip tint | OMG Glassy liptint,lip,positive,0.9995
16099547171,"cepat sampai, kualitas produk baik, tidak ada cacat produk. terimakasih min:)",5,[Omorfo] HADA LABO All Series | HADALABO Gokujyun | ShiroJyun | GokuJyun Alpha | Tamagohada | Face Wash | Lotion | Essence | Toner | Cleansing Oil | Face Mist | Moisturizer Shirojyun,skincare,positive,0.9995
5613798119,"Warna:bagus
Kenyamanan aplikator:bagus
Ketahanan:bagus

Kualitas sangat Baik, produk original, Harga murah.",5,[Omorfo] IMPLORA Eyebrow Pencil 2in1 Original BPOM | Pensil Alis Black Brown Dark Brown Grey Brown Plus Rautan Spoolia Brush,makeup,positive,0.9996
12583715919,"Cocok buat yg baru belajar make up,baguss poll
Pengiriman aman dan cepat",5,[Omorfo] IMPLORA Eyebrow Pencil 2in1 Original BPOM | Pensil Alis Black Brown Dark Brown Grey Brown Plus Rautan Spoolia Brush,makeup,positive,0.9995
15194628440,"Pelayanan jelek, produk yang dtg kurang 1 (eyeliner pinkflash). Katanya soldout dan pengembalian di selip di paket tapi pas di buka pengembaliannya tidak ada. Sudah 2 hari konfirmasi dan tanyakan solusi tapi tidak di respon terlalu banyak alasan. Pokoknya kecewa belanja disini 👎👎👎👎👎👎👎👎👎👎👎👎👎👎👎👎👎👎👎👎👎👎👎👎👎👎👎👎👎👎👎👎👎👎👎👎👎👎👎",1,[Omorfo] MADEO Deodorant Spray (BPOM)  | Penghilang Bau Badan Ampuh | Pemutih Ketiak | Solusi Bau Keringat,deodorant,negative,0.9994
62369479430,Belanja yg kesekian kalinya..mantappppp👍👍👍,5,[Omorfo] MADEO Deodorant Spray (BPOM)  | Penghilang Bau Badan Ampuh | Pemutih Ketiak | Solusi Bau Keringat,deodorant,positive,0.9996
11534021029,"Barangnya sudah sesuai dengan pesanan, dan cepat sampainya,",5,[Omorfo] OMG OH MY GLAM Lip Series | OMG OH MY GLAM Matte Kiss Lip Cream | Oh My Glam Gloss Lip Finish Vinyl 2.7gr OMG Lip Gloss Lipgloss | Lip Tint | Glassy | OMG Lipcream | OMG Lip tint | OMG Glassy liptint,lip,positive,0.9995
16278928901,"MENGECEWAKAN uang refund saya tidak dikirim kirim sudah satu minggu, sangat tidak profesional",1,[Omorfo] HADA LABO All Series | HADALABO Gokujyun | ShiroJyun | GokuJyun Alpha | Tamagohada | Face Wash | Lotion | Essence | Toner | Cleansing Oil | Face Mist | Moisturizer Shirojyun,skincare,negative,0.9995
10837429083,"Tekstur:bagus
Performa:bagus
Cocok Untuk:bagus

Bagus, sdh berapa kali order",5,[Omorfo] IMPLORA Eyebrow Pencil 2in1 Original BPOM | Pensil Alis Black Brown Dark Brown Grey Brown Plus Rautan Spoolia Brush,makeup,positive,0.9995
7977661323,"Ketahanan:lumayan
Warna:hitam
Kenyamanan aplikator:bagus bgt

Suka pakenya, paket komplit ada peruncingnya jg.",5,[Omorfo] IMPLORA Eyebrow Pencil 2in1 Original BPOM | Pensil Alis Black Brown Dark Brown Grey Brown Plus Rautan Spoolia Brush,makeup,positive,0.9995
56179287170,Pesanan sudah sampai sesuai orderan .. kemasan rapi kualitas bagus .. mantap,5,[Omorfo] IMPLORA Eyebrow Pencil 2in1 Original BPOM | Pensil Alis Black Brown Dark Brown Grey Brown Plus Rautan Spoolia Brush,makeup,positive,0.9996
13576398442,"Cocok Untuk:bibir
Tekstur:matte
Performa:bagus

warnax cantik skali di bibir aku. tahan lama juga .. thanks seller",5,[Omorfo] OMG OH MY GLAM Lip Series | OMG OH MY GLAM Matte Kiss Lip Cream | Oh My Glam Gloss Lip Finish Vinyl 2.7gr OMG Lip Gloss Lipgloss | Lip Tint | Glassy | OMG Lipcream | OMG Lip tint | OMG Glassy liptint,lip,positive,0.9995
10926435384,"Tekstur:ringan

Bagus banget. Harga murah tp kualitas oke",5,[Omorfo] OMG OH MY GLAM Lip Series | OMG OH MY GLAM Matte Kiss Lip Cream | Oh My Glam Gloss Lip Finish Vinyl 2.7gr OMG Lip Gloss Lipgloss | Lip Tint | Glassy | OMG Lipcream | OMG Lip tint | OMG Glassy liptint,lip,positive,0.9995
17314967041,"Tekstur:lembut nyaman
Aroma:sangat harum.. suka banget

Bgus . Nyaman di pakai dan  harum",4,[Omorfo] MADEO Deodorant Spray (BPOM)  | Penghilang Bau Badan Ampuh | Pemutih Ketiak | Solusi Bau Keringat,deodorant,positive,0.9996
16104838937,"Pngirman cpt dan kurirx ramah ,brangx murah lgi,puas bnget deh",5,[Omorfo] MADEO Deodorant Spray (BPOM)  | Penghilang Bau Badan Ampuh | Pemutih Ketiak | Solusi Bau Keringat,deodorant,positive,0.9996
13589163053,"real pict dan saya sangatt puasss,toko ini sudah sangat jadi langganan saya haha makasi kak😻😻",5,[Omorfo] OMG OH MY GLAM Lip Series | OMG OH MY GLAM Matte Kiss Lip Cream | Oh My Glam Gloss Lip Finish Vinyl 2.7gr OMG Lip Gloss Lipgloss | Lip Tint | Glassy | OMG Lipcream | OMG Lip tint | OMG Glassy liptint,lip,positive,0.9996
12866272302,"Tekstur:padat
Cocok Untuk:sehari-hari
Performa:bagus

Worth it sekali harganya pengirimannya juga sangat cepat dan sudah langganan sekalima sama toko ini makasih yaa",5,[Omorfo] IMPLORA Eyebrow Pencil 2in1 Original BPOM | Pensil Alis Black Brown Dark Brown Grey Brown Plus Rautan Spoolia Brush,makeup,positive,0.9995
14411025186,"Tekstur:kya pencil
Cocok Untuk:semua orang
Performa:ok bnget

Pencil alis andalan ku banget , murah meriah tp bagusss",5,[Omorfo] IMPLORA Eyebrow Pencil 2in1 Original BPOM | Pensil Alis Black Brown Dark Brown Grey Brown Plus Rautan Spoolia Brush,makeup,positive,0.9995
9535837796,"lipstikx bagus banget,apalagi nmor 12 bagus di ombre ama hanasui no.7",5,[Omorfo] OMG OH MY GLAM Lip Series | OMG OH MY GLAM Matte Kiss Lip Cream | Oh My Glam Gloss Lip Finish Vinyl 2.7gr OMG Lip Gloss Lipgloss | Lip Tint | Glassy | OMG Lipcream | OMG Lip tint | OMG Glassy liptint,lip,positive,0.9995
13578760644,ini yg bkin kecewa skali.. baru kali ini mau coba..tpi tidak sesuai ekpektasi. 100gr tpi isinya hmm mngkin bukan kecewa ke pnjualnya. ini lebih ke produknya sja😿😿😿😿,3,[Omorfo] HADA LABO All Series | HADALABO Gokujyun | ShiroJyun | GokuJyun Alpha | Tamagohada | Face Wash | Lotion | Essence | Toner | Cleansing Oil | Face Mist | Moisturizer Shirojyun,skincare,negative,0.9994
12390031430,Sudah tidak diragukan lagi ditoko ini.. sudah berapa kali pesan ditoko ini .. puass banget 🙏💖💓,5,[Omorfo] OMG OH MY GLAM Lip Series | OMG OH MY GLAM Matte Kiss Lip Cream | Oh My Glam Gloss Lip Finish Vinyl 2.7gr OMG Lip Gloss Lipgloss | Lip Tint | Glassy | OMG Lipcream | OMG Lip tint | OMG Glassy liptint,lip,positive,0.9996
16301379221,"Tekstur:smagat lembut dan nayaman
Cocok untuk:berbagai jenis kulit
Warna:warna produk sesaui dengan ekspetasi

Suka banget dengan lipstik OMG",5,[Omorfo] OMG OH MY GLAM Lip Series | OMG OH MY GLAM Matte Kiss Lip Cream | Oh My Glam Gloss Lip Finish Vinyl 2.7gr OMG Lip Gloss Lipgloss | Lip Tint | Glassy | OMG Lipcream | OMG Lip tint | OMG Glassy liptint,lip,positive,0.9995
11696016055,"Kemasan:rapih, Aman

Nice pengiriman super cepat",5,[Omorfo] IMPLORA Eyebrow Pencil 2in1 Original BPOM | Pensil Alis Black Brown Dark Brown Grey Brown Plus Rautan Spoolia Brush,makeup,positive,0.9995
12822921873,"Performa:sangat lembut
Cocok Untuk:keluar rumah
Tekstur:sangat lembut

Semoga cocok, Next order lagi",5,[Omorfo] OMG OH MY GLAM Lip Series | OMG OH MY GLAM Matte Kiss Lip Cream | Oh My Glam Gloss Lip Finish Vinyl 2.7gr OMG Lip Gloss Lipgloss | Lip Tint | Glassy | OMG Lipcream | OMG Lip tint | OMG Glassy liptint,lip,positive,0.9995
13514510697,"Tekstur:padat
Performa:baik
Cocok Untuk:-

Ini udah pembelian kesekian kalinya. Respond admin cepat apalagi co pas live😍. Udah langganan sih rekomended dah",5,[Omorfo] IMPLORA Eyebrow Pencil 2in1 Original BPOM | Pensil Alis Black Brown Dark Brown Grey Brown Plus Rautan Spoolia Brush,makeup,positive,0.9995
7188072786,"Ketahanan:sukak banget., tahan lama",5,[Omorfo] OMG OH MY GLAM Lip Series | OMG OH MY GLAM Matte Kiss Lip Cream | Oh My Glam Gloss Lip Finish Vinyl 2.7gr OMG Lip Gloss Lipgloss | Lip Tint | Glassy | OMG Lipcream | OMG Lip tint | OMG Glassy liptint,lip,positive,0.9995
9332802212,"SANGAT KECEWA. PESAN IMPLORA, YANG DATANG XIU XIU",1,[Omorfo] IMPLORA Eyebrow Pencil 2in1 Original BPOM | Pensil Alis Black Brown Dark Brown Grey Brown Plus Rautan Spoolia Brush,makeup,negative,0.9995
4321006579,"Kedua kalinya beli produk ini, alhamdulillah cocok. Produk lainnya jg pasti beli disini",5,[Omorfo] IMPLORA Eyebrow Pencil 2in1 Original BPOM | Pensil Alis Black Brown Dark Brown Grey Brown Plus Rautan Spoolia Brush,makeup,positive,0.9995
17700203727,"Tekstur:bagus
Cocok untuk:orang dewasa
Warna:lembut

Akhirnya sampai juga, suka bangett pokoknya✨✨
Warnanya cantik pool, harga murah meriahh, lumayan tahan lama, ringan, sangat nyaman dipakai sehari-hari. Apalagi kemarin dapat harga diskonn uhh senengnya langsung stok beberapa 🤭",5,[Omorfo] OMG OH MY GLAM Lip Series | OMG OH MY GLAM Matte Kiss Lip Cream | Oh My Glam Gloss Lip Finish Vinyl 2.7gr OMG Lip Gloss Lipgloss | Lip Tint | Glassy | OMG Lipcream | OMG Lip tint | OMG Glassy liptint,lip,positive,0.9996
3333634895,"Produk bagus, pengiriman juga cepat sampai cmn sehari saja",5,[Omorfo] IMPLORA Eyebrow Pencil 2in1 Original BPOM | Pensil Alis Black Brown Dark Brown Grey Brown Plus Rautan Spoolia Brush,makeup,positive,0.9995
90973366379,Oke sip mantap. Produk aman sampe di tujuan. Ga usah ragu buat beli. Ini toner bagus banget buat kulit kering,5,[Omorfo] HADA LABO All Series | HADALABO Gokujyun | ShiroJyun | GokuJyun Alpha | Tamagohada | Face Wash | Lotion | Essence | Toner | Cleansing Oil | Face Mist | Moisturizer Shirojyun,skincare,positive,0.9996
28614345571,"Lain yg d pesan lain yg dtng !! Pesan yg pomade bkn yg pensil !!!! 
Toko model apa ini !!!",1,[Omorfo] Accessories Kuas Eyebrow pipih | Kuas alis mata | bulu pipih hitam makeup ultra thin Brush makeup bulu sintetis,aksesoris,negative,0.9994
7665244196,"Pengiriman cepatt. Respon penjual baik, paling suka belanja disini",5,[Omorfo] IMPLORA Eyebrow Pencil 2in1 Original BPOM | Pensil Alis Black Brown Dark Brown Grey Brown Plus Rautan Spoolia Brush,makeup,positive,0.9996
14403224546,bedaknya bagus...,5,[Omorfo] IMPLORA Eyebrow Pencil 2in1 Original BPOM | Pensil Alis Black Brown Dark Brown Grey Brown Plus Rautan Spoolia Brush,makeup,positive,0.9995
16438353816,"Warna:tidak sesuai dengan yang dipesan

yang dipesan shade 22&13 yg dikirim 13&25😭 padahal excited bgt mau cpba shade 22💔",2,[Omorfo] OMG OH MY GLAM Lip Series | OMG OH MY GLAM Matte Kiss Lip Cream | Oh My Glam Gloss Lip Finish Vinyl 2.7gr OMG Lip Gloss Lipgloss | Lip Tint | Glassy | OMG Lipcream | OMG Lip tint | OMG Glassy liptint,lip,negative,0.9994
18067839503,"Tekstur:cair
Cocok untuk:kering
Keaslian:asli

“Produk sangat bagus, sesuai deskripsi!”

“Kualitas mantap, pengiriman cepat.”

“Sangat puas dengan belanja di sini.”

“Barang oke, recommended seller.”

“Produk berkualitas tinggi, sangat puas.”

“Harga terjangkau, kualitas luar biasa.”

“Layanan ramah, barang sesuai harapan.”

“Kualitas produk oke, pengiriman cepat.”

“Barang sampai dengan aman, puas.”

“Produk sesuai ekspektasi, mantap!”

“Belanja di sini selalu memuaskan.”

“Barang berkualitas, pelayanan cepat.”

“Kualitas top, harga terjangkau.”

“Puas dengan produk ini, recommended!”

“Barang bagus, sesuai deskripsi.”

“Pengiriman cepat, barang berkualitas.”

“Kualitas produk sangat memuaskan.”

“Harga oke, kualitas mantap.”

“Produk sesuai deskripsi, pengiriman cepat.”

“Belanja di sini sangat menyenangkan.”

“Barang berkualitas, harga bersahabat.”

“Produk memuaskan, recommended seller.”

“Layanan cepat, barang sesuai harapan.”

“Kualitas produk sangat baik, puas.”

“Harga murah, kualitas oke.”

“Pengiriman cepat, barang bagus.”

“Barang sampai dengan aman dan cepat.”

“Produk oke, sesuai ekspektasi.”

“Kualitas top, pengiriman cepat.”

“Sangat puas dengan kualitas produk.”

“Harga terjangkau, barang berkualitas.”

“Pelayanan ramah, produk sesuai.”

“Kualitas produk memuaskan.”

“Barang sampai cepat, sesuai deskripsi.”

“Produk bagus, harga terjangkau.”

“Barang sesuai ekspektasi, recommended.”

“Pengiriman cepat, kualitas oke.”

“Kualitas produk luar biasa.”

“Harga murah, kualitas bagus.”

“Produk memuaskan, recommended!”

“Barang berkualitas, pengiriman cepat.”

“Pelayanan cepat, barang sesuai.”

“Harga terjangkau, kualitas bagus.”

“Barang sampai dengan cepat.”

“Produk sesuai deskripsi, puas.”

“Kualitas oke, pengiriman cepat.”

“Harga murah, barang bagus.”

“Layanan cepat, produk sesuai.”

“Produk berkualitas, harga oke.”

“Barang sesuai deskripsi, mantap.”

“Pengiriman cepat, barang memuaskan.”

“Kualitas top, harga bersahabat.”

“Barang bagus, recommended!”

“Produk oke, sesuai harapan.”

“Harga terjangkau, kualitas top.”

“Pengiriman cepat, barang oke.”

“Produk berkualitas, sangat puas.”

“Harga oke, pengiriman cepat.”

“Barang sesuai deskripsi, bagus.”

“Kualitas produk memuaskan, recommended",5,[Omorfo] HADA LABO All Series | HADALABO Gokujyun | ShiroJyun | GokuJyun Alpha | Tamagohada | Face Wash | Lotion | Essence | Toner | Cleansing Oil | Face Mist | Moisturizer Shirojyun,skincare,positive,0.9996
13795782776,"barang cepatt dtg, baguss banget buat semua jenis kulit dan ga ketarik abis pakenya",5,[Omorfo] HADA LABO All Series | HADALABO Gokujyun | ShiroJyun | GokuJyun Alpha | Tamagohada | Face Wash | Lotion | Essence | Toner | Cleansing Oil | Face Mist | Moisturizer Shirojyun,skincare,positive,0.9995
8089516774,"Ketahanan:ok
Warna:ok
Kenyamanan aplikator:ok

Kualitas produk baik,dengan harga segitu,produk.original ,harga produk baik, admin fast respon dan ramah, senang belanja.di toko ini smoga bs ke depannya jadi langganan, produknya rekomendid dan memuaskan, kecepatan pengiriman baik, oke dan puas belanja di sini, terima kasih seller dan kurirnya...👍",5,[Omorfo] IMPLORA Eyebrow Pencil 2in1 Original BPOM | Pensil Alis Black Brown Dark Brown Grey Brown Plus Rautan Spoolia Brush,makeup,positive,0.9996
6869732122,"Warna:Bagus
Tekstur:Oke
Ketahanan:Baik

Produk original, pngiriman sngat cpat, produk bgus, oke deh",5,[Omorfo] OMG OH MY GLAM Lip Series | OMG OH MY GLAM Matte Kiss Lip Cream | Oh My Glam Gloss Lip Finish Vinyl 2.7gr OMG Lip Gloss Lipgloss | Lip Tint | Glassy | OMG Lipcream | OMG Lip tint | OMG Glassy liptint,lip,positive,0.9995
15643045399,"produk dikirim dengan sangat cepat, semua sesuai dengan deskripsi, sellernya bagus anti ribet, jadi aman transaksi sat set. terima kasih kak.",5,[Omorfo] MADEO Deodorant Spray (BPOM)  | Penghilang Bau Badan Ampuh | Pemutih Ketiak | Solusi Bau Keringat,deodorant,positive,0.9996
15772378537,"Tekstur:creamiy
Cocok untuk:daily
Warna:cocok untuk bibir gelap

Super mantull.. Udh jatcin sm lips OMG",5,[Omorfo] OMG OH MY GLAM Lip Series | OMG OH MY GLAM Matte Kiss Lip Cream | Oh My Glam Gloss Lip Finish Vinyl 2.7gr OMG Lip Gloss Lipgloss | Lip Tint | Glassy | OMG Lipcream | OMG Lip tint | OMG Glassy liptint,lip,positive,0.9995
17646370249,"Pesan masker putih, yg dtng hitam😭",4,[Omorfo] OMG OH MY GLAM Lip Series | OMG OH MY GLAM Matte Kiss Lip Cream | Oh My Glam Gloss Lip Finish Vinyl 2.7gr OMG Lip Gloss Lipgloss | Lip Tint | Glassy | OMG Lipcream | OMG Lip tint | OMG Glassy liptint,lip,negative,0.9994
16041083963,"Tekstur:ringan dan nyaman dipake
Cocok untuk:berbagai jenis kulit
Keaslian:terevikasi

Makasih seller dan Shopee. Utk kesekian kaliannya pesan ditoko ini. Selalunya memuaskan.  Recommend.",5,[Omorfo] HADA LABO All Series | HADALABO Gokujyun | ShiroJyun | GokuJyun Alpha | Tamagohada | Face Wash | Lotion | Essence | Toner | Cleansing Oil | Face Mist | Moisturizer Shirojyun,skincare,positive,0.9995
11043383930,"Bau kopi wkwkwk enakkk,cocok buat ombre tahan lama, Murmer",5,[Omorfo] OMG OH MY GLAM Lip Series | OMG OH MY GLAM Matte Kiss Lip Cream | Oh My Glam Gloss Lip Finish Vinyl 2.7gr OMG Lip Gloss Lipgloss | Lip Tint | Glassy | OMG Lipcream | OMG Lip tint | OMG Glassy liptint,lip,positive,0.9995
13394635455,Kesekian kalinya belanja disini. Pengiriman cepat dan sesuai pesanan.,5,[Omorfo] IMPLORA Eyebrow Pencil 2in1 Original BPOM | Pensil Alis Black Brown Dark Brown Grey Brown Plus Rautan Spoolia Brush,makeup,positive,0.9995
52227695372,Pelayanan buruk,1,[Omorfo] OMG OH MY GLAM Lip Series | OMG OH MY GLAM Matte Kiss Lip Cream | Oh My Glam Gloss Lip Finish Vinyl 2.7gr OMG Lip Gloss Lipgloss | Lip Tint | Glassy | OMG Lipcream | OMG Lip tint | OMG Glassy liptint,lip,negative,0.9995
18392758572,Kurirnya sangat tidak sopan,4,[Omorfo] IMPLORA Eyebrow Pencil 2in1 Original BPOM | Pensil Alis Black Brown Dark Brown Grey Brown Plus Rautan Spoolia Brush,makeup,negative,0.9995
15018969784,"Seller amanah barangnya diterima dgn baik Barangnya bagus, packingnya aman.",5,[Omorfo] HADA LABO All Series | HADALABO Gokujyun | ShiroJyun | GokuJyun Alpha | Tamagohada | Face Wash | Lotion | Essence | Toner | Cleansing Oil | Face Mist | Moisturizer Shirojyun,skincare,positive,0.9995
11889092471,"Bagusss sesuai dengan pesanan Peking nya juga aman harga terjangkau dan pengiriman cepat, kurir juga baik.",5,[Omorfo] OMG OH MY GLAM Lip Series | OMG OH MY GLAM Matte Kiss Lip Cream | Oh My Glam Gloss Lip Finish Vinyl 2.7gr OMG Lip Gloss Lipgloss | Lip Tint | Glassy | OMG Lipcream | OMG Lip tint | OMG Glassy liptint,lip,positive,0.9995
10504137157,"Performa:bagus
Cocok Untuk:bibir
Tekstur:cream

Respon sangat baik, packing Aman n pengiriman jg cepat 2hri sdah sampai. Terimakasih",5,[Omorfo] OMG OH MY GLAM Lip Series | OMG OH MY GLAM Matte Kiss Lip Cream | Oh My Glam Gloss Lip Finish Vinyl 2.7gr OMG Lip Gloss Lipgloss | Lip Tint | Glassy | OMG Lipcream | OMG Lip tint | OMG Glassy liptint,lip,positive,0.9995
10814799665,"Tekstur:lembut
Performa:bagus
Cocok Untuk:untuk alis

barang.a bagus memudahkan qt membuat alis  dan bulu.a lembut tp dan cocok.",5,[Omorfo] Accessories Kuas Eyebrow pipih | Kuas alis mata | bulu pipih hitam makeup ultra thin Brush makeup bulu sintetis,aksesoris,positive,0.9995
13660954283,"Cocok Untuk:kecantikan

PELAYANAN DAN KEAMANANNYA TOP BANGET 🤍",5,[Omorfo] OMG OH MY GLAM Lip Series | OMG OH MY GLAM Matte Kiss Lip Cream | Oh My Glam Gloss Lip Finish Vinyl 2.7gr OMG Lip Gloss Lipgloss | Lip Tint | Glassy | OMG Lipcream | OMG Lip tint | OMG Glassy liptint,lip,positive,0.9995
16178975721,"Barang TDK sesuai,sy pesan madeo spray 3 yg DTG cmn 1.truss Kanton dlmx SDH robek.pdahal sy SDH 2x belanja ditokoh ini.knp begini 😬",4,[Omorfo] MADEO Deodorant Spray (BPOM)  | Penghilang Bau Badan Ampuh | Pemutih Ketiak | Solusi Bau Keringat,deodorant,negative,0.9994
12484943130,"kualitas produk sangat baik, harga produk sangat baik, kecepatan pengiriman baik",5,[Omorfo] IMPLORA Eyebrow Pencil 2in1 Original BPOM | Pensil Alis Black Brown Dark Brown Grey Brown Plus Rautan Spoolia Brush,makeup,positive,0.9995
43346131172,Produk tidak sesuai pesanan atau produk tidak lengkap dan tidak mengembalikan dana😑,2,[Omorfo] OMG OH MY GLAM Lip Series | OMG OH MY GLAM Matte Kiss Lip Cream | Oh My Glam Gloss Lip Finish Vinyl 2.7gr OMG Lip Gloss Lipgloss | Lip Tint | Glassy | OMG Lipcream | OMG Lip tint | OMG Glassy liptint,lip,negative,0.9994
36212369368,Ga amanah!!,3,[Omorfo] OMG OH MY GLAM Lip Series | OMG OH MY GLAM Matte Kiss Lip Cream | Oh My Glam Gloss Lip Finish Vinyl 2.7gr OMG Lip Gloss Lipgloss | Lip Tint | Glassy | OMG Lipcream | OMG Lip tint | OMG Glassy liptint,lip,negative,0.9994
13830169255,Produknya bagusss bgtt.thankss yaa.,5,[Omorfo] OMG OH MY GLAM Lip Series | OMG OH MY GLAM Matte Kiss Lip Cream | Oh My Glam Gloss Lip Finish Vinyl 2.7gr OMG Lip Gloss Lipgloss | Lip Tint | Glassy | OMG Lipcream | OMG Lip tint | OMG Glassy liptint,lip,positive,0.9995
15309200520,"Tekstur:bagus
Cocok untuk:cocok

Bagus dan bisa di pake sehari-haru serta teksturnya ringan",4,[Omorfo] OMG OH MY GLAM Lip Series | OMG OH MY GLAM Matte Kiss Lip Cream | Oh My Glam Gloss Lip Finish Vinyl 2.7gr OMG Lip Gloss Lipgloss | Lip Tint | Glassy | OMG Lipcream | OMG Lip tint | OMG Glassy liptint,lip,positive,0.9995
12904767838,"Produkbssh sampai terimakasih, kurirnya jg baik dan ramah",5,[Omorfo] IMPLORA Eyebrow Pencil 2in1 Original BPOM | Pensil Alis Black Brown Dark Brown Grey Brown Plus Rautan Spoolia Brush,makeup,positive,0.9995
9581135283,"Tekstur:bgs
Cocok Untuk:bgs

Bagus sihh , lumayan. Cmn lama pengemasan",4,[Omorfo] IMPLORA Eyebrow Pencil 2in1 Original BPOM | Pensil Alis Black Brown Dark Brown Grey Brown Plus Rautan Spoolia Brush,makeup,positive,0.9995
7060317465,"kualitas produk sangat baikk
kualitas produk sangat baikk",5,[Omorfo] OMG OH MY GLAM Lip Series | OMG OH MY GLAM Matte Kiss Lip Cream | Oh My Glam Gloss Lip Finish Vinyl 2.7gr OMG Lip Gloss Lipgloss | Lip Tint | Glassy | OMG Lipcream | OMG Lip tint | OMG Glassy liptint,lip,positive,0.9995
15822839484,"barang sampai tanpa lecet, pengiriman juga cepat, suka belanja di omorfo, karena harganya terjangkau, sukseskii",5,[Omorfo] HADA LABO All Series | HADALABO Gokujyun | ShiroJyun | GokuJyun Alpha | Tamagohada | Face Wash | Lotion | Essence | Toner | Cleansing Oil | Face Mist | Moisturizer Shirojyun,skincare,positive,0.9996
11089936388,Pengiriman cepat dan barang lengkap. Terima kasih!,5,[Omorfo] OMG OH MY GLAM Lip Series | OMG OH MY GLAM Matte Kiss Lip Cream | Oh My Glam Gloss Lip Finish Vinyl 2.7gr OMG Lip Gloss Lipgloss | Lip Tint | Glassy | OMG Lipcream | OMG Lip tint | OMG Glassy liptint,lip,positive,0.9995
16026678337,Paketnya sudah sampai sesuai dg pesanan makasih ya...,5,[Omorfo] Accessories Kuas Eyebrow pipih | Kuas alis mata | bulu pipih hitam makeup ultra thin Brush makeup bulu sintetis,aksesoris,positive,0.9995
8826006333,Warnanya udah cocokdan sesuai.. Udah langganan beli disini. Dan gak pernah mengecewakan.👍👍👍,5,[Omorfo] OMG OH MY GLAM Lip Series | OMG OH MY GLAM Matte Kiss Lip Cream | Oh My Glam Gloss Lip Finish Vinyl 2.7gr OMG Lip Gloss Lipgloss | Lip Tint | Glassy | OMG Lipcream | OMG Lip tint | OMG Glassy liptint,lip,positive,0.9995
14084723321,"Cocok Untuk:Bibir
Performa:👍🏻
Tekstur:🥰

Cinta bgt sma produk omg sukak❤️",4,[Omorfo] OMG OH MY GLAM Lip Series | OMG OH MY GLAM Matte Kiss Lip Cream | Oh My Glam Gloss Lip Finish Vinyl 2.7gr OMG Lip Gloss Lipgloss | Lip Tint | Glassy | OMG Lipcream | OMG Lip tint | OMG Glassy liptint,lip,positive,0.9995
12719778634,"Barang ny sesuai pesanan, puas bnget",5,[Omorfo] IMPLORA Eyebrow Pencil 2in1 Original BPOM | Pensil Alis Black Brown Dark Brown Grey Brown Plus Rautan Spoolia Brush,makeup,positive,0.9995
70620572431,"Warnanya bagus, ringan dan nyaman saat dipakai, cocok digunakan saat make up",5,[Omorfo] IMPLORA Eyebrow Pencil 2in1 Original BPOM | Pensil Alis Black Brown Dark Brown Grey Brown Plus Rautan Spoolia Brush,makeup,positive,0.9996
16304980472,"Aroma:harum menyeramkan
Tekstur:baguss

Wangi, kecintaanku, nyaman dipakai, semprotan aman",5,[Omorfo] MADEO Deodorant Spray (BPOM)  | Penghilang Bau Badan Ampuh | Pemutih Ketiak | Solusi Bau Keringat,deodorant,positive,0.9996
15924466630,"Paketku sudah sampai, pengirimannya cepat cuma satu hari, semuanya aman tidak ada yang hancur, terimakasih",5,[Omorfo] IMPLORA Eyebrow Pencil 2in1 Original BPOM | Pensil Alis Black Brown Dark Brown Grey Brown Plus Rautan Spoolia Brush,makeup,positive,0.9995
3564873665,Toko ini emang the best lahh klo soal produknya dan keasliannya juga ome banget...hdjsjlawhjdkdjlwavhhhjsba,5,[Omorfo] IMPLORA Eyebrow Pencil 2in1 Original BPOM | Pensil Alis Black Brown Dark Brown Grey Brown Plus Rautan Spoolia Brush,makeup,positive,0.9996
11282663499,"Kemasan:12.07

Parah sih wrn yg no 7. Beda banget..",5,[Omorfo] OMG OH MY GLAM Lip Series | OMG OH MY GLAM Matte Kiss Lip Cream | Oh My Glam Gloss Lip Finish Vinyl 2.7gr OMG Lip Gloss Lipgloss | Lip Tint | Glassy | OMG Lipcream | OMG Lip tint | OMG Glassy liptint,lip,negative,0.9994
30568152728,"pas mau CO stok barangnya masih ada, tp ketika udh CO stok barangnya ternyata udah abis. mengecewakan. admin nya jg ga jelas bgt sumpah, udh konfirmasi utk ganti varian malah ngirim kertas ribet yg hrs melalu s-pay",1,[Omorfo] HADA LABO All Series | HADALABO Gokujyun | ShiroJyun | GokuJyun Alpha | Tamagohada | Face Wash | Lotion | Essence | Toner | Cleansing Oil | Face Mist | Moisturizer Shirojyun,skincare,negative,0.9994
16223169741,"selalu puas belanja di omorfo, respon penjualnya jg cepat😍😍",5,[Omorfo] OMG OH MY GLAM Lip Series | OMG OH MY GLAM Matte Kiss Lip Cream | Oh My Glam Gloss Lip Finish Vinyl 2.7gr OMG Lip Gloss Lipgloss | Lip Tint | Glassy | OMG Lipcream | OMG Lip tint | OMG Glassy liptint,lip,positive,0.9996
16217342897,"Aroma:wangi dan tahan lama
Tekstur:cair
Keaslian:asli, berkali kali sdh beli disini sgt worth it

mantap bagus skl",5,[Omorfo] MADEO Deodorant Spray (BPOM)  | Penghilang Bau Badan Ampuh | Pemutih Ketiak | Solusi Bau Keringat,deodorant,positive,0.9995
32176958421,Repeat orderan untuk yang kesekian kalinyaa.. Pokoknya the best deh 👍,5,[Omorfo] IMPLORA Eyebrow Pencil 2in1 Original BPOM | Pensil Alis Black Brown Dark Brown Grey Brown Plus Rautan Spoolia Brush,makeup,positive,0.9996
10341498571,Barang bagus banget... Pokonya the bestlah,5,[Omorfo] OMG OH MY GLAM Lip Series | OMG OH MY GLAM Matte Kiss Lip Cream | Oh My Glam Gloss Lip Finish Vinyl 2.7gr OMG Lip Gloss Lipgloss | Lip Tint | Glassy | OMG Lipcream | OMG Lip tint | OMG Glassy liptint,lip,positive,0.9995
13841549269,Pengiriman cepat. Packaging aman. Seller ramah dan amanah. Rekomen,5,[Omorfo] IMPLORA Eyebrow Pencil 2in1 Original BPOM | Pensil Alis Black Brown Dark Brown Grey Brown Plus Rautan Spoolia Brush,makeup,positive,0.9996
12844011377,"Performa:j
Tekstur:v
Cocok Untuk:h

good,fine,firtue, Very good,excellent,remarkable ,exceptional,exemplary, Wonderful,Superb, Great, Fantastic,Awesome, Perfect,flawless, ideal, faultless, best. Very well, Amazing,better,Adorable, Spectacular, Fantastic, Irresistible, Splendid, Alluring,

Dazzling, Fascinating, Lovely, Staggering",5,[Omorfo] IMPLORA Eyebrow Pencil 2in1 Original BPOM | Pensil Alis Black Brown Dark Brown Grey Brown Plus Rautan Spoolia Brush,makeup,positive,0.9995
12137536313,Kurirnya gak ramah!,5,[Omorfo] OMG OH MY GLAM Lip Series | OMG OH MY GLAM Matte Kiss Lip Cream | Oh My Glam Gloss Lip Finish Vinyl 2.7gr OMG Lip Gloss Lipgloss | Lip Tint | Glassy | OMG Lipcream | OMG Lip tint | OMG Glassy liptint,lip,negative,0.9995
15602037225,"Tekstur:Lembut dan nyaman
Cocok untuk:Bibir
Warna:Sesuai ekspektasi

Baru pertama kali mencoba shade yg ini sih warna bagus untuk ombre......",4,[Omorfo] OMG OH MY GLAM Lip Series | OMG OH MY GLAM Matte Kiss Lip Cream | Oh My Glam Gloss Lip Finish Vinyl 2.7gr OMG Lip Gloss Lipgloss | Lip Tint | Glassy | OMG Lipcream | OMG Lip tint | OMG Glassy liptint,lip,positive,0.9995
46418858278,"Tekstur:smooth
Warna:nude
Cocok untuk:bibir

Bagus banget, murah, dan toko dapat di percaya!!",5,[Omorfo] OMG OH MY GLAM Lip Series | OMG OH MY GLAM Matte Kiss Lip Cream | Oh My Glam Gloss Lip Finish Vinyl 2.7gr OMG Lip Gloss Lipgloss | Lip Tint | Glassy | OMG Lipcream | OMG Lip tint | OMG Glassy liptint,lip,positive,0.9996
15051985688,Pengiriman sangat cepat dan pengemasan sangat baik barang tiba dengan selamat dan tidak lecet,5,[Omorfo] OMG OH MY GLAM Lip Series | OMG OH MY GLAM Matte Kiss Lip Cream | Oh My Glam Gloss Lip Finish Vinyl 2.7gr OMG Lip Gloss Lipgloss | Lip Tint | Glassy | OMG Lipcream | OMG Lip tint | OMG Glassy liptint,lip,positive,0.9995
19386038198,"Tekstur:salah kirim produk
Cocok untuk:salah kirim produk
Keaslian:salah kirim produk

Tolong bagian packing kalau kirim produk diperhatikan, saya tidak unboxingkan karena memori HP saya full. Pesan produk A dikirimnya beda, mana harga produknya jauhnya beda lagi.
Makan dah itu uang anak yatim-piatu yg dikumpulin sedikit-sedikit.",1,[Omorfo] HADA LABO All Series | HADALABO Gokujyun | ShiroJyun | GokuJyun Alpha | Tamagohada | Face Wash | Lotion | Essence | Toner | Cleansing Oil | Face Mist | Moisturizer Shirojyun,skincare,negative,0.9994
16289955153,"Produk original, sesuai pesanan.. pengiriman cepat dan amanah",4,[Omorfo] Accessories Kuas Eyebrow pipih | Kuas alis mata | bulu pipih hitam makeup ultra thin Brush makeup bulu sintetis,aksesoris,positive,0.9996
15180222117,"produkk sangat sesuaii pesanann, kualitasnya okee, bagus",5,[Omorfo] MADEO Deodorant Spray (BPOM)  | Penghilang Bau Badan Ampuh | Pemutih Ketiak | Solusi Bau Keringat,deodorant,positive,0.9995
12846389711,warna pensil alisnya bagus banget❤️ pensil alis implora emang bagus.,5,[Omorfo] IMPLORA Eyebrow Pencil 2in1 Original BPOM | Pensil Alis Black Brown Dark Brown Grey Brown Plus Rautan Spoolia Brush,makeup,positive,0.9995
12112450023,Tips Pengguna:barang nya bagus banget,5,[Omorfo] OMG OH MY GLAM Lip Series | OMG OH MY GLAM Matte Kiss Lip Cream | Oh My Glam Gloss Lip Finish Vinyl 2.7gr OMG Lip Gloss Lipgloss | Lip Tint | Glassy | OMG Lipcream | OMG Lip tint | OMG Glassy liptint,lip,positive,0.9995
8050361267,"Ketahanan:bagus
Warna:cocok
Kenyamanan aplikator:nyaman, lembut

Bagus warnanya cocok di aku, cantik jadinya natural, lengkap krna udah ada rautan dan sisir alisnya",5,[Omorfo] IMPLORA Eyebrow Pencil 2in1 Original BPOM | Pensil Alis Black Brown Dark Brown Grey Brown Plus Rautan Spoolia Brush,makeup,positive,0.9996
14242261224,"Pesanan sudah sampai, terimakasih seller",5,[Omorfo] IMPLORA Eyebrow Pencil 2in1 Original BPOM | Pensil Alis Black Brown Dark Brown Grey Brown Plus Rautan Spoolia Brush,makeup,positive,0.9995
42256819119,"Pengiriman cepat, barang sesuai deskripsi. Penjual responsif dan ramah. Sangat puas belanja di sini!",5,[Omorfo] MADEO Deodorant Spray (BPOM)  | Penghilang Bau Badan Ampuh | Pemutih Ketiak | Solusi Bau Keringat,deodorant,positive,0.9996
15911190672,Suka dengan lipcremnya❤️.pakcingnya aman dan pengirimannya cepat,5,[Omorfo] OMG OH MY GLAM Lip Series | OMG OH MY GLAM Matte Kiss Lip Cream | Oh My Glam Gloss Lip Finish Vinyl 2.7gr OMG Lip Gloss Lipgloss | Lip Tint | Glassy | OMG Lipcream | OMG Lip tint | OMG Glassy liptint,lip,positive,0.9995
13016271581,"Barang diterima dengan baik, terima akasih seller, mantap bangettt warnanya",5,[Omorfo] OMG OH MY GLAM Lip Series | OMG OH MY GLAM Matte Kiss Lip Cream | Oh My Glam Gloss Lip Finish Vinyl 2.7gr OMG Lip Gloss Lipgloss | Lip Tint | Glassy | OMG Lipcream | OMG Lip tint | OMG Glassy liptint,lip,positive,0.9995
7502793125,"Ketahanan:tahan lama banget,makan juga tetap awet
Tekstur:teksturnya lembut banget,ngga bikin bibir jadi kering
Warna:warnanya cantik banget",5,[Omorfo] OMG OH MY GLAM Lip Series | OMG OH MY GLAM Matte Kiss Lip Cream | Oh My Glam Gloss Lip Finish Vinyl 2.7gr OMG Lip Gloss Lipgloss | Lip Tint | Glassy | OMG Lipcream | OMG Lip tint | OMG Glassy liptint,lip,positive,0.9995
14434999709,"Manfaat:Bikin ga pucet
Pengalaman Penggunaan:Belum pernah
Tips Pengguna:ombre

BAGUSSS WAJIB NYOBAIN, SUKA BANGET",5,[Omorfo] OMG OH MY GLAM Lip Series | OMG OH MY GLAM Matte Kiss Lip Cream | Oh My Glam Gloss Lip Finish Vinyl 2.7gr OMG Lip Gloss Lipgloss | Lip Tint | Glassy | OMG Lipcream | OMG Lip tint | OMG Glassy liptint,lip,positive,0.9995
17587827873,tolong balas pesan saya kak,1,[Omorfo] HADA LABO All Series | HADALABO Gokujyun | ShiroJyun | GokuJyun Alpha | Tamagohada | Face Wash | Lotion | Essence | Toner | Cleansing Oil | Face Mist | Moisturizer Shirojyun,skincare,neutral,0.9997
3196592444,Barang sudah datang... terima kasih banyak. pensil alisnya mantap dan semoga tamanu oilnya cocok. soalnya baru mau mencoba,5,[Omorfo] IMPLORA Eyebrow Pencil 2in1 Original BPOM | Pensil Alis Black Brown Dark Brown Grey Brown Plus Rautan Spoolia Brush,makeup,positive,0.9995
13975474347,"Semua produk nya ori, dan murahh. Alhamdulillah ya semoga cocok dengan semua produk nya. Tengkyu seller",5,[Omorfo] HADA LABO All Series | HADALABO Gokujyun | ShiroJyun | GokuJyun Alpha | Tamagohada | Face Wash | Lotion | Essence | Toner | Cleansing Oil | Face Mist | Moisturizer Shirojyun,skincare,positive,0.9995
30097105735,barang kosong pengembalian 1minggun + tidak sesuai yang di kembalikan. 😭 malah saya yg di potongi padahal si tokonya yang salah stoknya yg kosong malah uangku di potong. sumpah demi allah sampai kapan pun tidak ikhlasi. bukan soal nominalnya. tpi TANGUNG JAWAB.,1,[Omorfo] MADEO Deodorant Spray (BPOM)  | Penghilang Bau Badan Ampuh | Pemutih Ketiak | Solusi Bau Keringat,deodorant,negative,0.9994
14283387849,"Cocok Untuk:Alis tebal dan tipis
Performa:Bagus
Tekstur:Pekat dan ringan

Terimakasih seller, pengiriman cepat dan packingan sangat aman. Kali pertama order disini alhamdulillah tidak diragukan 👍🏻
Pensil alisnya sangat worth it, biasanya di pasaran sampai 10rb/pcs. Ini dapat yang sangat2 murce….",5,[Omorfo] IMPLORA Eyebrow Pencil 2in1 Original BPOM | Pensil Alis Black Brown Dark Brown Grey Brown Plus Rautan Spoolia Brush,makeup,positive,0.9995
12211432456,"Tekstur:lembut
Performa:pigmentik
Cocok Untuk:alis

Warna andalan ku,,. Grey brown.. bagus sekali",5,[Omorfo] IMPLORA Eyebrow Pencil 2in1 Original BPOM | Pensil Alis Black Brown Dark Brown Grey Brown Plus Rautan Spoolia Brush,makeup,positive,0.9995
16600866728,"Tekstur:aromanya wangi,sesuka itu SMA produk deodorant MA🥹🤍
Aroma:harumm,

MasyaAllah packingannya rapi betull🥹🤍suka bangett cara penjualannya ..brgnya cpt banget datang cuma2hri 🤍gak rugi psan deodorant Disni🤍🤍luvvv",5,[Omorfo] MADEO Deodorant Spray (BPOM)  | Penghilang Bau Badan Ampuh | Pemutih Ketiak | Solusi Bau Keringat,deodorant,positive,0.9996
15554773868,"Tekstur:padat
Warna:menarik
Kegunaan:cocok untuk alis

Baru pertama kali mencoba jadi belum bisa menilai banyak dan belum dipakai, semoga bagus di alis menjadi cantik",5,[Omorfo] IMPLORA Eyebrow Pencil 2in1 Original BPOM | Pensil Alis Black Brown Dark Brown Grey Brown Plus Rautan Spoolia Brush,makeup,positive,0.9995
16235304767,"kuasnya sangat bagus digunakan, mudah digunakan dalam membentuk alis.",5,[Omorfo] Accessories Kuas Eyebrow pipih | Kuas alis mata | bulu pipih hitam makeup ultra thin Brush makeup bulu sintetis,aksesoris,positive,0.9996
16141587565,Salah shade. Pesan omg yg dikirim implora,3,[Omorfo] OMG OH MY GLAM Lip Series | OMG OH MY GLAM Matte Kiss Lip Cream | Oh My Glam Gloss Lip Finish Vinyl 2.7gr OMG Lip Gloss Lipgloss | Lip Tint | Glassy | OMG Lipcream | OMG Lip tint | OMG Glassy liptint,lip,negative,0.9994
8338072201,"Ketahanan:awet
Warna:coklat muda
Kenyamanan aplikator:empuk

Murah tapi kualitasnya juara bangettt,awet juga dipakai dan gampang dicari.sellernya ramah dan fast respon",5,[Omorfo] IMPLORA Eyebrow Pencil 2in1 Original BPOM | Pensil Alis Black Brown Dark Brown Grey Brown Plus Rautan Spoolia Brush,makeup,positive,0.9995
13537919166,pensil alis tidak sesuai yang datang,4,[Omorfo] IMPLORA Eyebrow Pencil 2in1 Original BPOM | Pensil Alis Black Brown Dark Brown Grey Brown Plus Rautan Spoolia Brush,makeup,negative,0.9994
8802469754,Kualitas produk baik. Pengemasan dan pengiriman cepat. Warna cantik.,5,[Omorfo] IMPLORA Eyebrow Pencil 2in1 Original BPOM | Pensil Alis Black Brown Dark Brown Grey Brown Plus Rautan Spoolia Brush,makeup,positive,0.9995
18386595780,Untuk ukuran dalam kota termasuk lama pengirimannya sampai 3 hari  🙏🏻,4,[Omorfo] Accessories Kuas Eyebrow pipih | Kuas alis mata | bulu pipih hitam makeup ultra thin Brush makeup bulu sintetis,aksesoris,neutral,0.9995
8730643429,"Performa:Matte, cepat ngeset, sangat ringan tp tetap lembab
Tekstur:Creamy

Andalan banget lah yg no. 11. Thanks, seller! 👍🏼",5,[Omorfo] OMG OH MY GLAM Lip Series | OMG OH MY GLAM Matte Kiss Lip Cream | Oh My Glam Gloss Lip Finish Vinyl 2.7gr OMG Lip Gloss Lipgloss | Lip Tint | Glassy | OMG Lipcream | OMG Lip tint | OMG Glassy liptint,lip,positive,0.9995
7793237527,pkoknya barangnya bagusssss jdbwjsjbeja thank you seller.,5,[Omorfo] OMG OH MY GLAM Lip Series | OMG OH MY GLAM Matte Kiss Lip Cream | Oh My Glam Gloss Lip Finish Vinyl 2.7gr OMG Lip Gloss Lipgloss | Lip Tint | Glassy | OMG Lipcream | OMG Lip tint | OMG Glassy liptint,lip,positive,0.9995
16941609387,"Tekstur:nyaman dan halus
Kegunaan:mudah banget untuk membentuk alis
Keaslian:gak tau karna gak ada mereknya

bagus banget di gunakan untuk membentuk alis. sukaa.",5,[Omorfo] Accessories Kuas Eyebrow pipih | Kuas alis mata | bulu pipih hitam makeup ultra thin Brush makeup bulu sintetis,aksesoris,positive,0.9996
16108497253,"Tekstur:sangat lembut dan nyaman
Cocok untuk:berbagai jenis kulit
Warna:sangat cerah dan menarik",4,[Omorfo] OMG OH MY GLAM Lip Series | OMG OH MY GLAM Matte Kiss Lip Cream | Oh My Glam Gloss Lip Finish Vinyl 2.7gr OMG Lip Gloss Lipgloss | Lip Tint | Glassy | OMG Lipcream | OMG Lip tint | OMG Glassy liptint,lip,positive,0.9996
15146645075,Cara packingnya rapi dan cepat sampai..,5,[Omorfo] IMPLORA Eyebrow Pencil 2in1 Original BPOM | Pensil Alis Black Brown Dark Brown Grey Brown Plus Rautan Spoolia Brush,makeup,positive,0.9995
11889092470,"Bagusss sesuai dengan pesanan Peking nya juga aman harga terjangkau dan pengiriman cepat, kurir juga baik.",5,[Omorfo] IMPLORA Eyebrow Pencil 2in1 Original BPOM | Pensil Alis Black Brown Dark Brown Grey Brown Plus Rautan Spoolia Brush,makeup,positive,0.9995
12550675912,"Performa:mantap dan yahudd
Cocok Untuk:cocok untuk pemula

Pengiriman sangat cepatt",5,[Omorfo] IMPLORA Eyebrow Pencil 2in1 Original BPOM | Pensil Alis Black Brown Dark Brown Grey Brown Plus Rautan Spoolia Brush,makeup,positive,0.9995
11249174022,"Tips Pengguna:jgn terlalu runcing
Profil Kecantikan:kiyowo
Pengalaman Penggunaan:bagus, suka, mata shining shimmering splendid

Gercep bgt pengirimannya, barang pesanan lengkap, sesuai ekspektasi, dan bagus bgt. Sukaaaa.
Daerah ga jauh dari rumah jdi enak klo pengiriman instant💕👉🏻👈🏻",5,[Omorfo] IMPLORA Eyebrow Pencil 2in1 Original BPOM | Pensil Alis Black Brown Dark Brown Grey Brown Plus Rautan Spoolia Brush,makeup,positive,0.9996
14153491142,"Tekstur:creamy
Cocok Untuk:base
Performa:nice

Untuk base ombre...murah t0 oke...paling suka",5,[Omorfo] OMG OH MY GLAM Lip Series | OMG OH MY GLAM Matte Kiss Lip Cream | Oh My Glam Gloss Lip Finish Vinyl 2.7gr OMG Lip Gloss Lipgloss | Lip Tint | Glassy | OMG Lipcream | OMG Lip tint | OMG Glassy liptint,lip,positive,0.9995
16210700319,"Sy kecewa dgn pengirimannya, pesannya instant sy kira 1 jam dikirim setelah co tp ternyata jam 10 malam padahal co sekitar jam12 siang.",5,[Omorfo] IMPLORA Eyebrow Pencil 2in1 Original BPOM | Pensil Alis Black Brown Dark Brown Grey Brown Plus Rautan Spoolia Brush,makeup,negative,0.9994
7022355355,"Warna:bagus
Ketahanan:-
Tekstur:creamy",5,[Omorfo] OMG OH MY GLAM Lip Series | OMG OH MY GLAM Matte Kiss Lip Cream | Oh My Glam Gloss Lip Finish Vinyl 2.7gr OMG Lip Gloss Lipgloss | Lip Tint | Glassy | OMG Lipcream | OMG Lip tint | OMG Glassy liptint,lip,positive,0.9995
13348891581,"Cocok Untuk:ombre
Performa:bagus

barang sesuai, pengemasan dan pengiriman juga cepat, mantap",5,[Omorfo] OMG OH MY GLAM Lip Series | OMG OH MY GLAM Matte Kiss Lip Cream | Oh My Glam Gloss Lip Finish Vinyl 2.7gr OMG Lip Gloss Lipgloss | Lip Tint | Glassy | OMG Lipcream | OMG Lip tint | OMG Glassy liptint,lip,positive,0.9995
13392674166,Sakit hati banget beli produk cacat. Dikirim ga ada kuasnya. Sisanya jg bolong2. Ga amanah banget. Pdhl udah ditulis di catatan mohon teliti! Pengemasannya jg lamaaaa banget. Tiga2nya cacat semua!,1,[Omorfo] Accessories Kuas Eyebrow pipih | Kuas alis mata | bulu pipih hitam makeup ultra thin Brush makeup bulu sintetis,aksesoris,negative,0.9994
8901850118,"produk terdebest sihh yng prnh kucoba, warnanyaa bgus, aromanya coffee bgt, cukup long lasting, ringan klo dipkee kek ga berasa pke lipcream. Worth it",5,[Omorfo] OMG OH MY GLAM Lip Series | OMG OH MY GLAM Matte Kiss Lip Cream | Oh My Glam Gloss Lip Finish Vinyl 2.7gr OMG Lip Gloss Lipgloss | Lip Tint | Glassy | OMG Lipcream | OMG Lip tint | OMG Glassy liptint,lip,positive,0.9995
15908715343,"Tekstur:kental
Cocok untuk:dewasa
Warna:passion

Recommended utk produk omg
Dan untuk toko omorfo termurah ORI",5,[Omorfo] OMG OH MY GLAM Lip Series | OMG OH MY GLAM Matte Kiss Lip Cream | Oh My Glam Gloss Lip Finish Vinyl 2.7gr OMG Lip Gloss Lipgloss | Lip Tint | Glassy | OMG Lipcream | OMG Lip tint | OMG Glassy liptint,lip,positive,0.9995
13582579186,"Barang lengkap sesuai pesanan, semua barang ori",5,[Omorfo] OMG OH MY GLAM Lip Series | OMG OH MY GLAM Matte Kiss Lip Cream | Oh My Glam Gloss Lip Finish Vinyl 2.7gr OMG Lip Gloss Lipgloss | Lip Tint | Glassy | OMG Lipcream | OMG Lip tint | OMG Glassy liptint,lip,positive,0.9995
16129238577,Lipstiknya bagus sekali.,5,[Omorfo] OMG OH MY GLAM Lip Series | OMG OH MY GLAM Matte Kiss Lip Cream | Oh My Glam Gloss Lip Finish Vinyl 2.7gr OMG Lip Gloss Lipgloss | Lip Tint | Glassy | OMG Lipcream | OMG Lip tint | OMG Glassy liptint,lip,positive,0.9995
15087961379,"Warna:grey brown
Kegunaan:pensil alis

Packing aman, expired masih lama, murah banget",5,[Omorfo] IMPLORA Eyebrow Pencil 2in1 Original BPOM | Pensil Alis Black Brown Dark Brown Grey Brown Plus Rautan Spoolia Brush,makeup,positive,0.9995
12590739170,"Cocok Untuk:semua jenis bibir
Tekstur:lembut, ringan di bibir

Pelayanan sangat cepat, Saya pesan 2 tapi walaupun yang 1 stoknya kosong tetap di kembliin uangnya. Pelayanan sangat The best makasih kakak🤩🤩",5,[Omorfo] OMG OH MY GLAM Lip Series | OMG OH MY GLAM Matte Kiss Lip Cream | Oh My Glam Gloss Lip Finish Vinyl 2.7gr OMG Lip Gloss Lipgloss | Lip Tint | Glassy | OMG Lipcream | OMG Lip tint | OMG Glassy liptint,lip,positive,0.9995
14003979859,"Tekstur:lembut
Cocok Untuk:kening

Pensil alisnya bgus udh murah cocok dikening",5,[Omorfo] IMPLORA Eyebrow Pencil 2in1 Original BPOM | Pensil Alis Black Brown Dark Brown Grey Brown Plus Rautan Spoolia Brush,makeup,positive,0.9995
6364228014,"Warna:terang
Kenyamanan aplikator:good

Baguss, warnanya terang, gampang dihapus",5,[Omorfo] IMPLORA Eyebrow Pencil 2in1 Original BPOM | Pensil Alis Black Brown Dark Brown Grey Brown Plus Rautan Spoolia Brush,makeup,positive,0.9995
96205631247,"Paket sampai dengan sangat cepat, suka banget sama warna dan kuaitas deodorant nya, insya Allah mau pesan lagi💋🥰",5,[Omorfo] MADEO Deodorant Spray (BPOM)  | Penghilang Bau Badan Ampuh | Pemutih Ketiak | Solusi Bau Keringat,deodorant,positive,0.9996
6679424594,"Warna:cantik
Tekstur:creamy
Ketahanan:bagus banget",5,[Omorfo] OMG OH MY GLAM Lip Series | OMG OH MY GLAM Matte Kiss Lip Cream | Oh My Glam Gloss Lip Finish Vinyl 2.7gr OMG Lip Gloss Lipgloss | Lip Tint | Glassy | OMG Lipcream | OMG Lip tint | OMG Glassy liptint,lip,positive,0.9995
15507008568,"Alhamdulillah pesanan sudah sampai... Mantul, toko amanah.. the best",5,[Omorfo] IMPLORA Eyebrow Pencil 2in1 Original BPOM | Pensil Alis Black Brown Dark Brown Grey Brown Plus Rautan Spoolia Brush,makeup,positive,0.9995
61243568581,"Pesanan datang dengan cepat, pengemasan sangat rapi dan aman, jadi barang sampai dalam kondisi baik tanpa cacat. Produknya sesuai dengan deskripsi dan foto yang ada di toko, bahkan lebih bagus dari yang saya bayangkan. Kualitas juga oke, cocok dengan harga yang ditawarkan. Saya sudah coba dan sejauh ini berfungsi dengan baik, tidak ada masalah.

Penjual juga responsif, ramah, dan informatif saat saya tanya-tanya sebelum beli. Pokoknya pelayanan dari toko ini memuaskan. Saya sangat merekomendasikan toko ini dan kemungkinan besar akan order lagi di masa depan. Terima kasih banyak seller!",5,[Omorfo] MADEO Deodorant Spray (BPOM)  | Penghilang Bau Badan Ampuh | Pemutih Ketiak | Solusi Bau Keringat,deodorant,positive,0.9996
15680890069,"Tekstur:lembut
Cocok untuk:warna kulit sawo matang
Warna:cappuccino

Warnanya cantik bgt plisss",5,[Omorfo] OMG OH MY GLAM Lip Series | OMG OH MY GLAM Matte Kiss Lip Cream | Oh My Glam Gloss Lip Finish Vinyl 2.7gr OMG Lip Gloss Lipgloss | Lip Tint | Glassy | OMG Lipcream | OMG Lip tint | OMG Glassy liptint,lip,positive,0.9995
41813066222,"Tekstur:lembut dan nyaman
Kegunaan:cocok untuk membentuk alis
Keaslian:terjamin asli

Walaupun barangnya kurang satu tapi sellernya sangat bertanggung jawab, thankyou seller🙏🥰
sangat puas dengan pelayanannya next order di toko ini lagii",5,[Omorfo] Accessories Kuas Eyebrow pipih | Kuas alis mata | bulu pipih hitam makeup ultra thin Brush makeup bulu sintetis,aksesoris,positive,0.9996
16189129552,Kapok beli di toko ini,1,[Omorfo] HADA LABO All Series | HADALABO Gokujyun | ShiroJyun | GokuJyun Alpha | Tamagohada | Face Wash | Lotion | Essence | Toner | Cleansing Oil | Face Mist | Moisturizer Shirojyun,skincare,negative,0.9994
14504382758,"Tekstur:agak kering yaaa
Cocok Untuk:kondangan
Performa:baguss

Aku suka kamu suka klo gitu kita jadian aja......krik..krik...krik... Jangkrik bossss bismillah dapet mobil",5,[Omorfo] OMG OH MY GLAM Lip Series | OMG OH MY GLAM Matte Kiss Lip Cream | Oh My Glam Gloss Lip Finish Vinyl 2.7gr OMG Lip Gloss Lipgloss | Lip Tint | Glassy | OMG Lipcream | OMG Lip tint | OMG Glassy liptint,lip,positive,0.9995
10903466672,Produknya sangat bagus,5,[Omorfo] OMG OH MY GLAM Lip Series | OMG OH MY GLAM Matte Kiss Lip Cream | Oh My Glam Gloss Lip Finish Vinyl 2.7gr OMG Lip Gloss Lipgloss | Lip Tint | Glassy | OMG Lipcream | OMG Lip tint | OMG Glassy liptint,lip,positive,0.9995
17486955997,pesanan saya tidak dikirim,5,[Omorfo] HADA LABO All Series | HADALABO Gokujyun | ShiroJyun | GokuJyun Alpha | Tamagohada | Face Wash | Lotion | Essence | Toner | Cleansing Oil | Face Mist | Moisturizer Shirojyun,skincare,negative,0.9994
79453639618,"Produk Djopee yang saya beli sangat bagus dan sesuai dengan deskripsi. Penjual juga sangat responsif dan cepat dalam menjawab pertanyaan saya. Pengiriman juga sangat cepat. Saya sangat puas dengan pembelian ini!""",5,[Omorfo] MADEO Deodorant Spray (BPOM)  | Penghilang Bau Badan Ampuh | Pemutih Ketiak | Solusi Bau Keringat,deodorant,positive,0.9996
13057278877,Belinya lip cream yang datang lip tint:(,3,[Omorfo] OMG OH MY GLAM Lip Series | OMG OH MY GLAM Matte Kiss Lip Cream | Oh My Glam Gloss Lip Finish Vinyl 2.7gr OMG Lip Gloss Lipgloss | Lip Tint | Glassy | OMG Lipcream | OMG Lip tint | OMG Glassy liptint,lip,neutral,0.9988
11218453152,Recommended ombre yg sempurna,5,[Omorfo] OMG OH MY GLAM Lip Series | OMG OH MY GLAM Matte Kiss Lip Cream | Oh My Glam Gloss Lip Finish Vinyl 2.7gr OMG Lip Gloss Lipgloss | Lip Tint | Glassy | OMG Lipcream | OMG Lip tint | OMG Glassy liptint,lip,positive,0.9996
8764663342,Paketnya sudah sampai  packingnya juga bagus jadi barangnya aman dan gak ada yang rusak,5,[Omorfo] OMG OH MY GLAM Lip Series | OMG OH MY GLAM Matte Kiss Lip Cream | Oh My Glam Gloss Lip Finish Vinyl 2.7gr OMG Lip Gloss Lipgloss | Lip Tint | Glassy | OMG Lipcream | OMG Lip tint | OMG Glassy liptint,lip,positive,0.9995
25829964980,"Warna:black
Kegunaan:baguss

Sesuai dan packing nya aman bngett sukaa😁",5,[Omorfo] IMPLORA Eyebrow Pencil 2in1 Original BPOM | Pensil Alis Black Brown Dark Brown Grey Brown Plus Rautan Spoolia Brush,makeup,positive,0.9996
71487896605,"Suka banget lipglossnya. Beli karena keracunan tiktok. Haha. Ini bagus serius deh, aromanya mirip sirup melon",5,[Omorfo] OMG OH MY GLAM Lip Series | OMG OH MY GLAM Matte Kiss Lip Cream | Oh My Glam Gloss Lip Finish Vinyl 2.7gr OMG Lip Gloss Lipgloss | Lip Tint | Glassy | OMG Lipcream | OMG Lip tint | OMG Glassy liptint,lip,positive,0.9996
12931182378,"Tekstur:ok
Performa:ok
Cocok Untuk:di pakai ke acara

Barang nya sudah smpai , aman smpai dengan selamat , makasih sukses terus tokonya",5,[Omorfo] OMG OH MY GLAM Lip Series | OMG OH MY GLAM Matte Kiss Lip Cream | Oh My Glam Gloss Lip Finish Vinyl 2.7gr OMG Lip Gloss Lipgloss | Lip Tint | Glassy | OMG Lipcream | OMG Lip tint | OMG Glassy liptint,lip,positive,0.9995
15263566717,Bagus untuk base ombre. Ketahanannya juga lumayan kalau sudah ngeset di bibir. Cocok buat undertone warm,5,[Omorfo] OMG OH MY GLAM Lip Series | OMG OH MY GLAM Matte Kiss Lip Cream | Oh My Glam Gloss Lip Finish Vinyl 2.7gr OMG Lip Gloss Lipgloss | Lip Tint | Glassy | OMG Lipcream | OMG Lip tint | OMG Glassy liptint,lip,positive,0.9995
6927000330,Salah kirim dong tapi nga papa,2,[Omorfo] OMG OH MY GLAM Lip Series | OMG OH MY GLAM Matte Kiss Lip Cream | Oh My Glam Gloss Lip Finish Vinyl 2.7gr OMG Lip Gloss Lipgloss | Lip Tint | Glassy | OMG Lipcream | OMG Lip tint | OMG Glassy liptint,lip,negative,0.9994
66259704719,"""Produk Djopee yang saya beli sangat bagus dan sesuai dengan deskripsi. Penjual juga sangat responsif dan cepat dalam menjawab pertanyaan saya. Pengiriman juga sangat cepat. Saya sangat puas dengan pembelian ini",5,[Omorfo] MADEO Deodorant Spray (BPOM)  | Penghilang Bau Badan Ampuh | Pemutih Ketiak | Solusi Bau Keringat,deodorant,positive,0.9996
