review_id,review_text,rating,product_name,product_category,date_review
30083360010,"aduhh aku pesan spray madeo, malah yang lain dikirim.
stan hp juga saya pesan warna pink tapi hitam yang dikirim
MOHON UNTUK TELITI LAGI YAH KAK KALAU PACKING BARANG😇😇🙏🙏",1,[Omorfo] MADEO Deodorant Spray (BPOM)  | Penghilang Bau Badan Ampuh | Pemutih Ketiak | Solusi Bau Keringat,deodorant,2025-02-04
16314410992,Saya sangat kecewa..12pcs saya pesan yang turun hanya 10 pcs,1,[Omorfo] MADEO Deodorant Spray (BPOM)  | Penghilang Bau Badan Ampuh | Pemutih Ketiak | Solusi Bau Keringat,deodorant,2024-08-27
19671682035,"Yg dipesan apa, yg dtg apa, tdk lagi mau belanja disini, sbnarnya tdk mau terima, tpi malas tukarnya, tidak rekom dan tdk amanah, yg dipesan harga 25k, yg dtg harga 15k, hahaha iyuh👎👎",1,[Omorfo] MADEO Deodorant Spray (BPOM)  | Penghilang Bau Badan Ampuh | Pemutih Ketiak | Solusi Bau Keringat,deodorant,2024-11-26
30097105735,barang kosong pengembalian 1minggun + tidak sesuai yang di kembalikan. 😭 malah saya yg di potongi padahal si tokonya yang salah stoknya yg kosong malah uangku di potong. sumpah demi allah sampai kapan pun tidak ikhlasi. bukan soal nominalnya. tpi TANGUNG JAWAB.,1,[Omorfo] MADEO Deodorant Spray (BPOM)  | Penghilang Bau Badan Ampuh | Pemutih Ketiak | Solusi Bau Keringat,deodorant,2025-02-05
15194628440,"Pelayanan jelek, produk yang dtg kurang 1 (eyeliner pinkflash). Katanya soldout dan pengembalian di selip di paket tapi pas di buka pengembaliannya tidak ada. Sudah 2 hari konfirmasi dan tanyakan solusi tapi tidak di respon terlalu banyak alasan. Pokoknya kecewa belanja disini 👎👎👎👎👎👎👎👎👎👎👎👎👎👎👎👎👎👎👎👎👎👎👎👎👎👎👎👎👎👎👎👎👎👎👎👎👎👎👎",1,[Omorfo] MADEO Deodorant Spray (BPOM)  | Penghilang Bau Badan Ampuh | Pemutih Ketiak | Solusi Bau Keringat,deodorant,2024-05-15
16193769526,"Aroma:gatau salah kiirm tokonya
Tekstur:gatau
Keaslian:gatau

CO ini tapi yg di kirim sariayu fash wash, udah salah shade, salah kirim pulak hmm. lebih teliti lagi. pas live aku liat ada yg complain jg soal salah kirim. berarti bukan cuman aku doang",1,[Omorfo] MADEO Deodorant Spray (BPOM)  | Penghilang Bau Badan Ampuh | Pemutih Ketiak | Solusi Bau Keringat,deodorant,2024-08-15
98236040221,Wewangian:barang yang sampai bukan yg di pesan mau di retur tapi tdk bisa prg ke tempat expedisi krn tempatnya tdk dekat dari rumah .,1,[Omorfo] MADEO Deodorant Spray (BPOM)  | Penghilang Bau Badan Ampuh | Pemutih Ketiak | Solusi Bau Keringat,deodorant,2026-05-15
16526223271,kecewa bngt pesan 2 di kirim 1 produk adminnya di cht tdk na respon ki weee dri kemarin saya konfirmasi tpi tdk di respon sama sekali,1,[Omorfo] MADEO Deodorant Spray (BPOM)  | Penghilang Bau Badan Ampuh | Pemutih Ketiak | Solusi Bau Keringat,deodorant,2024-09-11
17972525710,"Sangat mengecewakan nggak bertanggungjawab banget, ada barang yang nggak dikirim di chat nggak ada respon",1,[Omorfo] MADEO Deodorant Spray (BPOM)  | Penghilang Bau Badan Ampuh | Pemutih Ketiak | Solusi Bau Keringat,deodorant,2024-11-06
16228610822,Barang yang dikirim kurang.. saran saja sama dengan orang yg ingin beli disini.. kalau beli online apalagi di toko ini jangan lupa untuk video unboxing,1,[Omorfo] MADEO Deodorant Spray (BPOM)  | Penghilang Bau Badan Ampuh | Pemutih Ketiak | Solusi Bau Keringat,deodorant,2024-08-19
15727480763,Tidak ramah bintanh 1,1,[Omorfo] MADEO Deodorant Spray (BPOM)  | Penghilang Bau Badan Ampuh | Pemutih Ketiak | Solusi Bau Keringat,deodorant,2024-07-05
16261963755,Bagusnya tidak usah diganti dengan produk lain.,1,[Omorfo] MADEO Deodorant Spray (BPOM)  | Penghilang Bau Badan Ampuh | Pemutih Ketiak | Solusi Bau Keringat,deodorant,2024-08-22
16914725388,Tekstur:tidak ada barangnya,1,[Omorfo] MADEO Deodorant Spray (BPOM)  | Penghilang Bau Badan Ampuh | Pemutih Ketiak | Solusi Bau Keringat,deodorant,2024-10-02
16312454171,Tidak di kirim,1,[Omorfo] MADEO Deodorant Spray (BPOM)  | Penghilang Bau Badan Ampuh | Pemutih Ketiak | Solusi Bau Keringat,deodorant,2024-08-27
36910318821,"Tekstur:gjls
Aroma:gj
Keaslian:gj

sumpahhh mlss bngtt yg di pesan apa yang dikirim apaa,mana d chat tdk d blsbls lgi,kecewa bnget deh, pelayanannya jga 0. nggaa lagi belanja online d sini,,yg ad kita yg rugii bukan tokonya. bintang mines 1 sih ini toko!!!!!!!!!
hua bukan hanya sekali bgini",1,[Omorfo] MADEO Deodorant Spray (BPOM)  | Penghilang Bau Badan Ampuh | Pemutih Ketiak | Solusi Bau Keringat,deodorant,2025-04-12
16475867743,"Aroma:bagus
Tekstur:tidak lengket
Keaslian:asli

Belinya 2 yang datang cuma 1",2,[Omorfo] MADEO Deodorant Spray (BPOM)  | Penghilang Bau Badan Ampuh | Pemutih Ketiak | Solusi Bau Keringat,deodorant,2024-09-06
99087495612,Tekstur:aromanya menyengat,2,[Omorfo] MADEO Deodorant Spray (BPOM)  | Penghilang Bau Badan Ampuh | Pemutih Ketiak | Solusi Bau Keringat,deodorant,2026-05-25
70688275809,Ga bisa di semprot,2,[Omorfo] MADEO Deodorant Spray (BPOM)  | Penghilang Bau Badan Ampuh | Pemutih Ketiak | Solusi Bau Keringat,deodorant,2025-08-30
16701008822,Beli 3 koq datangnya 2...,2,[Omorfo] MADEO Deodorant Spray (BPOM)  | Penghilang Bau Badan Ampuh | Pemutih Ketiak | Solusi Bau Keringat,deodorant,2024-09-24
16373226084,"Aroma:wangi
Tekstur:tdk lengket
Keaslian:asli

bagus barangnya datang sesui pesanan",3,[Omorfo] MADEO Deodorant Spray (BPOM)  | Penghilang Bau Badan Ampuh | Pemutih Ketiak | Solusi Bau Keringat,deodorant,2024-09-01
16608711265,Makasih untuk tokohnya semoga selalu amanah berpka.kali sudah pesan ngak pernah kecewa,3,[Omorfo] MADEO Deodorant Spray (BPOM)  | Penghilang Bau Badan Ampuh | Pemutih Ketiak | Solusi Bau Keringat,deodorant,2024-09-16
16310632592,"Barang sih ok ok aja,tapi sayang pengiriman nya lamaaa bangetttttttt,seller nya juga gak ramah..",3,[Omorfo] MADEO Deodorant Spray (BPOM)  | Penghilang Bau Badan Ampuh | Pemutih Ketiak | Solusi Bau Keringat,deodorant,2024-08-26
89920131451,"adminnya malas melayani dan terlalu lama kirim barang, konfirmasi tdk ada stok ulang2",3,[Omorfo] MADEO Deodorant Spray (BPOM)  | Penghilang Bau Badan Ampuh | Pemutih Ketiak | Solusi Bau Keringat,deodorant,2026-02-25
16798050831,Kalau yang ini barangnya ada,3,[Omorfo] MADEO Deodorant Spray (BPOM)  | Penghilang Bau Badan Ampuh | Pemutih Ketiak | Solusi Bau Keringat,deodorant,2024-09-28
16295454949,"Aroma:bgus
Tekstur:ok
Keaslian:100%",3,[Omorfo] MADEO Deodorant Spray (BPOM)  | Penghilang Bau Badan Ampuh | Pemutih Ketiak | Solusi Bau Keringat,deodorant,2024-08-25
16372750585,Baik,3,[Omorfo] MADEO Deodorant Spray (BPOM)  | Penghilang Bau Badan Ampuh | Pemutih Ketiak | Solusi Bau Keringat,deodorant,2024-09-01
15588405279,Kukira dapat 2pcs. Ternyata 1 aja,3,[Omorfo] MADEO Deodorant Spray (BPOM)  | Penghilang Bau Badan Ampuh | Pemutih Ketiak | Solusi Bau Keringat,deodorant,2024-06-21
16586533036,Slow respon,3,[Omorfo] MADEO Deodorant Spray (BPOM)  | Penghilang Bau Badan Ampuh | Pemutih Ketiak | Solusi Bau Keringat,deodorant,2024-09-15
16333354983,"Wangi:wangi
Pengalaman Penggunaan:menahan bau badan

Pengemasan rapi, dan diskonnya besar""an banget",4,[Omorfo] MADEO Deodorant Spray (BPOM)  | Penghilang Bau Badan Ampuh | Pemutih Ketiak | Solusi Bau Keringat,deodorant,2024-08-28
16423706590,"Aroma:harum n tahan lama wanginya
Tekstur:lembut
Keaslian:ori insyaAllah

Pokokx mantul deh belanja di sini respon penjual cepat bgt kurir jg lancar semoga terap amanah thanks",4,[Omorfo] MADEO Deodorant Spray (BPOM)  | Penghilang Bau Badan Ampuh | Pemutih Ketiak | Solusi Bau Keringat,deodorant,2024-09-04
16164146370,"Aroma:harum menyenangkan
Tekstur:tekstur cair

Tahan lama tdk bikin bau badan",4,[Omorfo] MADEO Deodorant Spray (BPOM)  | Penghilang Bau Badan Ampuh | Pemutih Ketiak | Solusi Bau Keringat,deodorant,2024-08-13
16331807172,"May deonya enak di pakainya dan tahan lama, tidak bau di saat di pakai",4,[Omorfo] MADEO Deodorant Spray (BPOM)  | Penghilang Bau Badan Ampuh | Pemutih Ketiak | Solusi Bau Keringat,deodorant,2024-08-28
16902544454,"Tekstur:nyaman
Aroma:menyegarkan
Keaslian:ori

Pokokx produk ini sangat bagus, nyaman di pakai, n tahan lama,teksturx juga lembut ,mudah di pakai",4,[Omorfo] MADEO Deodorant Spray (BPOM)  | Penghilang Bau Badan Ampuh | Pemutih Ketiak | Solusi Bau Keringat,deodorant,2024-10-02
16178975721,"Barang TDK sesuai,sy pesan madeo spray 3 yg DTG cmn 1.truss Kanton dlmx SDH robek.pdahal sy SDH 2x belanja ditokoh ini.knp begini 😬",4,[Omorfo] MADEO Deodorant Spray (BPOM)  | Penghilang Bau Badan Ampuh | Pemutih Ketiak | Solusi Bau Keringat,deodorant,2024-08-14
16171658276,"Aroma:wangi
Tekstur:cair
Keaslian:asli

ini finish nya kalau udh meresap, matte powdery gitu. nggak begitu tahan keringat sama bau sih, tp okelah",4,[Omorfo] MADEO Deodorant Spray (BPOM)  | Penghilang Bau Badan Ampuh | Pemutih Ketiak | Solusi Bau Keringat,deodorant,2024-08-13
16436896198,"Aroma:harum dan tahan lama
Tekstur:lembut
Keaslian:produk autentik

Sudah lama Sy gunakan produk ini,beneran bsa menghilangkan bau keti dan TDK bikin keti jdi hitam",4,[Omorfo] MADEO Deodorant Spray (BPOM)  | Penghilang Bau Badan Ampuh | Pemutih Ketiak | Solusi Bau Keringat,deodorant,2024-09-05
16094078532,"Aroma:..
Tekstur:..
Keaslian:..

bagaimana ini kak knpa barang yang saya terimah  tidak cukup padahal yang saya pesan 5 knpa yang tiba 1 ji saja",4,[Omorfo] MADEO Deodorant Spray (BPOM)  | Penghilang Bau Badan Ampuh | Pemutih Ketiak | Solusi Bau Keringat,deodorant,2024-08-07
25454075193,"Tekstur:nyaman dan halus
Aroma:memiliki wangi yang enak dan swgar
Keaslian:asli mah ini",4,[Omorfo] MADEO Deodorant Spray (BPOM)  | Penghilang Bau Badan Ampuh | Pemutih Ketiak | Solusi Bau Keringat,deodorant,2024-12-27
16614617925,"Tekstur:sangat lembut dan nyaman
Aroma:sangat harum
Keaslian:terjamin asli

Dapat mengurangi keringat dan bau badan",4,[Omorfo] MADEO Deodorant Spray (BPOM)  | Penghilang Bau Badan Ampuh | Pemutih Ketiak | Solusi Bau Keringat,deodorant,2024-09-17
72861457878,"Tekstur:cairan sangat ringan seperti air
Aroma:sangat harum
Keaslian:produk sesuai deskripsi",4,[Omorfo] MADEO Deodorant Spray (BPOM)  | Penghilang Bau Badan Ampuh | Pemutih Ketiak | Solusi Bau Keringat,deodorant,2025-09-12
87539550465,"Tekstur:cair
Aroma:netral
Keaslian:barang original

Alhamdulillah toko langganan buat beli skincare",4,[Omorfo] MADEO Deodorant Spray (BPOM)  | Penghilang Bau Badan Ampuh | Pemutih Ketiak | Solusi Bau Keringat,deodorant,2026-02-04
16615495595,"Barang udah sampai dari kemarin tgl 15 tapi baru kasih ulasan hari ini. Barang sesuai pesanan, lengkap, packingan lumayan. Tokoh amanah",4,[Omorfo] MADEO Deodorant Spray (BPOM)  | Penghilang Bau Badan Ampuh | Pemutih Ketiak | Solusi Bau Keringat,deodorant,2024-09-17
16678692867,"Tekstur:cair
Aroma:memiliki wangi dan aroma yang menyenangkan
Keaslian:terjamin asli",4,[Omorfo] MADEO Deodorant Spray (BPOM)  | Penghilang Bau Badan Ampuh | Pemutih Ketiak | Solusi Bau Keringat,deodorant,2024-09-22
16532515999,"Aroma:wanginya manis
Tekstur:teksturnya tidak lengket
Keaslian:produknya ori!!!",4,[Omorfo] MADEO Deodorant Spray (BPOM)  | Penghilang Bau Badan Ampuh | Pemutih Ketiak | Solusi Bau Keringat,deodorant,2024-09-11
16388820968,Alhamdulillah pesanan telah di terima dgn keadaan baik dan sesuai..sehari sdh sampai ...thanks utk tokonya dan shopee..,4,[Omorfo] MADEO Deodorant Spray (BPOM)  | Penghilang Bau Badan Ampuh | Pemutih Ketiak | Solusi Bau Keringat,deodorant,2024-09-02
16468747753,"Aroma:harum
Tekstur:cair

Pertama kali beli deodorant spray....
Semoga cocok",4,[Omorfo] MADEO Deodorant Spray (BPOM)  | Penghilang Bau Badan Ampuh | Pemutih Ketiak | Solusi Bau Keringat,deodorant,2024-09-06
16639329328,"Tekstur:menyenangkan dan sesuai harapan
Aroma:wangina enak banget
Keaslian:okesih",4,[Omorfo] MADEO Deodorant Spray (BPOM)  | Penghilang Bau Badan Ampuh | Pemutih Ketiak | Solusi Bau Keringat,deodorant,2024-09-19
16613914550,Brang sampai sesuai harapan. Expired masih lama 2026,4,[Omorfo] MADEO Deodorant Spray (BPOM)  | Penghilang Bau Badan Ampuh | Pemutih Ketiak | Solusi Bau Keringat,deodorant,2024-09-17
19963935411,"Tekstur:cair
Aroma:wangi
Keaslian:asli

Bagus banget deodoran madeo , cpt kering dan TDK bikin bau ketek",4,[Omorfo] MADEO Deodorant Spray (BPOM)  | Penghilang Bau Badan Ampuh | Pemutih Ketiak | Solusi Bau Keringat,deodorant,2024-11-30
16957077294,"Tekstur:cair

Harga termurah dri toko lain",4,[Omorfo] MADEO Deodorant Spray (BPOM)  | Penghilang Bau Badan Ampuh | Pemutih Ketiak | Solusi Bau Keringat,deodorant,2024-10-05
16149541622,"Aroma:harus
Keaslian:terjami asli

Bagus bngat dengan harga murah tapi barangnya tidak mengecewakan packingan rapi juga",4,[Omorfo] MADEO Deodorant Spray (BPOM)  | Penghilang Bau Badan Ampuh | Pemutih Ketiak | Solusi Bau Keringat,deodorant,2024-08-11
16240592599,Alhamdulillah paket tiba dengan sangat baik tanpa ada kurang satupun.,4,[Omorfo] MADEO Deodorant Spray (BPOM)  | Penghilang Bau Badan Ampuh | Pemutih Ketiak | Solusi Bau Keringat,deodorant,2024-08-20
16608667751,"Tekstur:menyengangkan
Aroma:wangi yang manis
Keaslian:asli

Cocok buat ketiak dan wangi",4,[Omorfo] MADEO Deodorant Spray (BPOM)  | Penghilang Bau Badan Ampuh | Pemutih Ketiak | Solusi Bau Keringat,deodorant,2024-09-16
17314967041,"Tekstur:lembut nyaman
Aroma:sangat harum.. suka banget

Bgus . Nyaman di pakai dan  harum",4,[Omorfo] MADEO Deodorant Spray (BPOM)  | Penghilang Bau Badan Ampuh | Pemutih Ketiak | Solusi Bau Keringat,deodorant,2024-10-23
16291974319,"Walaupun barangnya tdk ada tapi sudah ada pertanggungjawaban dari tokonya berupa pengembalian dana. Lain kali kalau ada kejadian seperti ini lagi langsung ditindak yah min, jangan suka PHP konsumen.
Terima kasih admin.
Semoga jadi pembelajaran kedepannya yah.",4,[Omorfo] MADEO Deodorant Spray (BPOM)  | Penghilang Bau Badan Ampuh | Pemutih Ketiak | Solusi Bau Keringat,deodorant,2024-08-25
16314090354,"Pengiriman lambat,suka sebenarnya sama ini toko tapi sayang pengiriman nya lama padahal sekota,,,semoga kedepannya bisa lebih cepat lagi biar bisa jadi langganan🥹",4,[Omorfo] MADEO Deodorant Spray (BPOM)  | Penghilang Bau Badan Ampuh | Pemutih Ketiak | Solusi Bau Keringat,deodorant,2024-08-27
17179317329,"Dipakai malam sebelum tidur, bikin ga bau beberapa hari meski ga pake deodorant",4,[Omorfo] MADEO Deodorant Spray (BPOM)  | Penghilang Bau Badan Ampuh | Pemutih Ketiak | Solusi Bau Keringat,deodorant,2024-10-15
99023491017,saya kira dapat 2 😭😭😭,4,[Omorfo] MADEO Deodorant Spray (BPOM)  | Penghilang Bau Badan Ampuh | Pemutih Ketiak | Solusi Bau Keringat,deodorant,2026-05-22
16154941352,Alhamdulillah paketnya udah sampai dari kemarin cuman baru hari ini baru sempet kasih ulasan,4,[Omorfo] MADEO Deodorant Spray (BPOM)  | Penghilang Bau Badan Ampuh | Pemutih Ketiak | Solusi Bau Keringat,deodorant,2024-08-12
27953012000,"Selalu saja paket sy di kirim di malam hari. Jam tidur kyrir tlp2.. Payment dari siang, paket di kirim di malam hari. Tolonh perbaiki cara kerja anda.",4,[Omorfo] MADEO Deodorant Spray (BPOM)  | Penghilang Bau Badan Ampuh | Pemutih Ketiak | Solusi Bau Keringat,deodorant,2025-01-12
21347873330,Pesanya madeo yg datang haideo🙂‍↔️,4,[Omorfo] MADEO Deodorant Spray (BPOM)  | Penghilang Bau Badan Ampuh | Pemutih Ketiak | Solusi Bau Keringat,deodorant,2024-12-09
32438397435,Ini pembelian yg ke 2 kalinya dan tdk prnah mengecewakan,4,[Omorfo] MADEO Deodorant Spray (BPOM)  | Penghilang Bau Badan Ampuh | Pemutih Ketiak | Solusi Bau Keringat,deodorant,2025-03-08
16563950305,"Aroma:harum vanilla
Tekstur:cair
Keaslian:terivikasi

Alhamdulillah,
Pesanan sudah diterima",4,[Omorfo] MADEO Deodorant Spray (BPOM)  | Penghilang Bau Badan Ampuh | Pemutih Ketiak | Solusi Bau Keringat,deodorant,2024-09-13
17614486127,"Tekstur:nyaman
Aroma:menyegarkan
Keaslian:terverifikasi",4,[Omorfo] MADEO Deodorant Spray (BPOM)  | Penghilang Bau Badan Ampuh | Pemutih Ketiak | Solusi Bau Keringat,deodorant,2024-10-30
16637581669,"Tekstur:lembut
Aroma:mnyenangkan
Keaslian:asli

Bagus",4,[Omorfo] MADEO Deodorant Spray (BPOM)  | Penghilang Bau Badan Ampuh | Pemutih Ketiak | Solusi Bau Keringat,deodorant,2024-09-19
16676945550,Bagus,4,[Omorfo] MADEO Deodorant Spray (BPOM)  | Penghilang Bau Badan Ampuh | Pemutih Ketiak | Solusi Bau Keringat,deodorant,2024-09-22
16914598018,Kurang tahan lama sih menurutku,4,[Omorfo] MADEO Deodorant Spray (BPOM)  | Penghilang Bau Badan Ampuh | Pemutih Ketiak | Solusi Bau Keringat,deodorant,2024-10-02
22916628514,Bagus yah,4,[Omorfo] MADEO Deodorant Spray (BPOM)  | Penghilang Bau Badan Ampuh | Pemutih Ketiak | Solusi Bau Keringat,deodorant,2024-12-16
16348366522,"Aroma:harum
Tekstur:nyaman",4,[Omorfo] MADEO Deodorant Spray (BPOM)  | Penghilang Bau Badan Ampuh | Pemutih Ketiak | Solusi Bau Keringat,deodorant,2024-08-30
26515157196,Sesuai,4,[Omorfo] MADEO Deodorant Spray (BPOM)  | Penghilang Bau Badan Ampuh | Pemutih Ketiak | Solusi Bau Keringat,deodorant,2025-01-06
16303250775,"Aroma:bagus
Tekstur:cair",4,[Omorfo] MADEO Deodorant Spray (BPOM)  | Penghilang Bau Badan Ampuh | Pemutih Ketiak | Solusi Bau Keringat,deodorant,2024-08-26
34165572663,"Tekstur:bagus
Aroma:wangi
Keaslian:tahan",4,[Omorfo] MADEO Deodorant Spray (BPOM)  | Penghilang Bau Badan Ampuh | Pemutih Ketiak | Solusi Bau Keringat,deodorant,2025-03-26
68928166080,Suka bngt sama wanginya❤❤❤,4,[Omorfo] MADEO Deodorant Spray (BPOM)  | Penghilang Bau Badan Ampuh | Pemutih Ketiak | Solusi Bau Keringat,deodorant,2025-08-20
16245538727,Belum di coba,4,[Omorfo] MADEO Deodorant Spray (BPOM)  | Penghilang Bau Badan Ampuh | Pemutih Ketiak | Solusi Bau Keringat,deodorant,2024-08-20
16776452841,"Tekstur:lembut dan tidak. menimbulkan rasa lengket
Aroma:memiliki wangi yang eank dan mnyegrkan
Keaslian:produk autentik

saya udah sering pakai.. enak bagt di pkainya hempas baubadan taha  di pakai seharian",4,[Omorfo] MADEO Deodorant Spray (BPOM)  | Penghilang Bau Badan Ampuh | Pemutih Ketiak | Solusi Bau Keringat,deodorant,2024-09-27
16707131498,sangat bagus sangat baik. terimakasih seller ramah semoga amanah dan tidak menjual produk palsu ya,4,[Omorfo] MADEO Deodorant Spray (BPOM)  | Penghilang Bau Badan Ampuh | Pemutih Ketiak | Solusi Bau Keringat,deodorant,2024-09-24
16782542730,seperti biasa bagus cukup baik semoga ori agar seller dapat berkah nya juga,4,[Omorfo] MADEO Deodorant Spray (BPOM)  | Penghilang Bau Badan Ampuh | Pemutih Ketiak | Solusi Bau Keringat,deodorant,2024-09-27
16723982301,"Tekstur:cair
Aroma:mengatasi keringat dan wangi
Keaslian:terverifikasi

bru pertma kali pakai wanginya enak smoga cocok ..........",4,[Omorfo] MADEO Deodorant Spray (BPOM)  | Penghilang Bau Badan Ampuh | Pemutih Ketiak | Solusi Bau Keringat,deodorant,2024-09-26
16181455279,"Aroma:harum dan tahan lama

Cocok digunakan aktivitas olahraga dan bau keringat tidak ada",4,[Omorfo] MADEO Deodorant Spray (BPOM)  | Penghilang Bau Badan Ampuh | Pemutih Ketiak | Solusi Bau Keringat,deodorant,2024-08-14
75356206941,Tekstur:bagus,4,[Omorfo] MADEO Deodorant Spray (BPOM)  | Penghilang Bau Badan Ampuh | Pemutih Ketiak | Solusi Bau Keringat,deodorant,2025-09-30
16698897787,"Tekstur:baik
Aroma:baik
Keaslian:original",4,[Omorfo] MADEO Deodorant Spray (BPOM)  | Penghilang Bau Badan Ampuh | Pemutih Ketiak | Solusi Bau Keringat,deodorant,2024-09-24
15162326478,Bagus,4,[Omorfo] MADEO Deodorant Spray (BPOM)  | Penghilang Bau Badan Ampuh | Pemutih Ketiak | Solusi Bau Keringat,deodorant,2024-05-11
96082460401,Produknya oke tapi packing nya astagafirullah cuman pakai plastik ngak di plaster tandanya jadi bocor ngak lagi beli di sini pertama dan terakhir,1,[Omorfo] HADA LABO All Series | HADALABO Gokujyun | ShiroJyun | GokuJyun Alpha | Tamagohada | Face Wash | Lotion | Essence | Toner | Cleansing Oil | Face Mist | Moisturizer Shirojyun,skincare,2026-04-17
13811226610,Adminnya di chat ga respon* padahal mau tanya soal produknya aja wkwk ga good bgt. Hadalabo face wash disini beda teksturnya yg bisanya saya pake teksturnya creamy tapi hadalabo disini bertekstur dan ada bulir*nya terus padat bikin mukaku kusam. Saya komplain di chat bertanya tapi adminnya slow ress bgt.,1,[Omorfo] HADA LABO All Series | HADALABO Gokujyun | ShiroJyun | GokuJyun Alpha | Tamagohada | Face Wash | Lotion | Essence | Toner | Cleansing Oil | Face Mist | Moisturizer Shirojyun,skincare,2024-01-08
62732328807,"kemarin pas check out barang masih tersedia. setelah barangnya mau dikirim, stock nya habis jadi nya di ganti facial wash nya ke ukuran lain dari 100ml ke 50ml, dan minta pengembalian sisa dana. pihak toko nya setuju, eh tapi sampai sekarang belum ada dana nya dikembaliin dari tgl 10, sudah lelah nungguin nya. semoga ini bisa jadi bahan evaluasi bagi pihak toko nya, karena sangat merugikan orang lain.",1,[Omorfo] HADA LABO All Series | HADALABO Gokujyun | ShiroJyun | GokuJyun Alpha | Tamagohada | Face Wash | Lotion | Essence | Toner | Cleansing Oil | Face Mist | Moisturizer Shirojyun,skincare,2025-07-23
16895233274,"Tekstur:ga sesuai
Keaslian:ga sesuai

Yang dioesan kain yg datang juga lainn, yg dioesan moustutizer yg datang malah face wash",1,[Omorfo] HADA LABO All Series | HADALABO Gokujyun | ShiroJyun | GokuJyun Alpha | Tamagohada | Face Wash | Lotion | Essence | Toner | Cleansing Oil | Face Mist | Moisturizer Shirojyun,skincare,2024-10-02
16139660002,"sangat buruk, barang yang dipesan ada 4 item api yang datang cuma 2 item (2 barang yang dilingkari dalam foto resi tidak ada). saya tidak punya video unboxing krn selama berbelanja di Shopee selalu aman saja tp sekarang malah ditipu sama olshop ini. jelas jelas di resi yang saya foto cuma ada dua barang yang di ceklis, dua lainnya dilingkarin. 
saranku jangan belanja di toko ini!!! dari pada kalian rugi",1,[Omorfo] HADA LABO All Series | HADALABO Gokujyun | ShiroJyun | GokuJyun Alpha | Tamagohada | Face Wash | Lotion | Essence | Toner | Cleansing Oil | Face Mist | Moisturizer Shirojyun,skincare,2024-08-11
16423428798,Produknya udah sesuai TAPI pengiriman nya lama banget untuk yg 1 kota yang biasanya pesan hari ini besok dah sampai,1,[Omorfo] HADA LABO All Series | HADALABO Gokujyun | ShiroJyun | GokuJyun Alpha | Tamagohada | Face Wash | Lotion | Essence | Toner | Cleansing Oil | Face Mist | Moisturizer Shirojyun,skincare,2024-09-04
86114680065,"Tekstur:seperti biasq

IH SUMPAHH AKU  NYESEL BGTT BELI DISINIIII AKHHHH MASA MOIST NYA BAUUU SIHH???? EMANG GAK KADALUWARSA TPI AKU CEK KADALUARSANYA JG MASIH LAMA... PAS AKU PAKE KO KEK GNI BAUNYA WEEE??!!! HHUEKKK EMANG AWALNYA UDAH CURIGA BARUSAN AKU LIAT HADALABO DI LAKBAN GITU KEMASANNYA PAKAI SOLASII KERTAS KEKK WHATTT?!??! TAU AHHHH NYESEL BGTTT😭😭😭😭 PRETTTT TOKONYA TERKENAL PADAHALLL",1,[Omorfo] HADA LABO All Series | HADALABO Gokujyun | ShiroJyun | GokuJyun Alpha | Tamagohada | Face Wash | Lotion | Essence | Toner | Cleansing Oil | Face Mist | Moisturizer Shirojyun,skincare,2026-01-22
30568152728,"pas mau CO stok barangnya masih ada, tp ketika udh CO stok barangnya ternyata udah abis. mengecewakan. admin nya jg ga jelas bgt sumpah, udh konfirmasi utk ganti varian malah ngirim kertas ribet yg hrs melalu s-pay",1,[Omorfo] HADA LABO All Series | HADALABO Gokujyun | ShiroJyun | GokuJyun Alpha | Tamagohada | Face Wash | Lotion | Essence | Toner | Cleansing Oil | Face Mist | Moisturizer Shirojyun,skincare,2025-02-09
84172567308,"sering belii facewash ditoko omorfo, tapi kali ini bener² kecewaa soalnya pas sampee isinya tdk full seperti biasanya isinya hanya setengah trus juga bagian dalam tutupnya gk ada segel nyaa biasanya adaa dibuka sebelum dipake.
prduk lain yg saya pesann amannn, cuma bagian facewash ini ajah",1,[Omorfo] HADA LABO All Series | HADALABO Gokujyun | ShiroJyun | GokuJyun Alpha | Tamagohada | Face Wash | Lotion | Essence | Toner | Cleansing Oil | Face Mist | Moisturizer Shirojyun,skincare,2026-01-05
48126100455,Barang tdk dikirim 5pcs. Dan tdk direfund. Respon lama. Trimkasih,1,[Omorfo] HADA LABO All Series | HADALABO Gokujyun | ShiroJyun | GokuJyun Alpha | Tamagohada | Face Wash | Lotion | Essence | Toner | Cleansing Oil | Face Mist | Moisturizer Shirojyun,skincare,2025-06-11
42089307118,"Pesen hadalabo kosong, terus disuruh ganti, ganti Himalaya kosong lagi, bukan masalah uangnya diganti kak, tp tolong produk dicek stoknya.",1,[Omorfo] HADA LABO All Series | HADALABO Gokujyun | ShiroJyun | GokuJyun Alpha | Tamagohada | Face Wash | Lotion | Essence | Toner | Cleansing Oil | Face Mist | Moisturizer Shirojyun,skincare,2025-05-13
75688025842,"lebih ke kesal ya guys. pihaknya yg teledor kirim barang. tp krn sy tidak punya bukti jd sy yg harus rugi. pesan 100gr  dikirim 50gr. permintaan maaf juga cuma sebatas krn saya komplain, bukan krn salah kirim barang. jd mohon maaf saya beserta keluarga dan teman2 memutuskan berhenti jd customer. terima kasih.",1,[Omorfo] HADA LABO All Series | HADALABO Gokujyun | ShiroJyun | GokuJyun Alpha | Tamagohada | Face Wash | Lotion | Essence | Toner | Cleansing Oil | Face Mist | Moisturizer Shirojyun,skincare,2025-10-10
31592256884,PRODUKNYA   T U M P A H  😮‍💨,1,[Omorfo] HADA LABO All Series | HADALABO Gokujyun | ShiroJyun | GokuJyun Alpha | Tamagohada | Face Wash | Lotion | Essence | Toner | Cleansing Oil | Face Mist | Moisturizer Shirojyun,skincare,2025-02-26
99222117322,"Tekstur:saya beli kuas makeup saya kira yg datang besar,karna di foto besar,dan fw hadalabo nya isinya kyk setengah,",1,[Omorfo] HADA LABO All Series | HADALABO Gokujyun | ShiroJyun | GokuJyun Alpha | Tamagohada | Face Wash | Lotion | Essence | Toner | Cleansing Oil | Face Mist | Moisturizer Shirojyun,skincare,2026-06-01
16278928901,"MENGECEWAKAN uang refund saya tidak dikirim kirim sudah satu minggu, sangat tidak profesional",1,[Omorfo] HADA LABO All Series | HADALABO Gokujyun | ShiroJyun | GokuJyun Alpha | Tamagohada | Face Wash | Lotion | Essence | Toner | Cleansing Oil | Face Mist | Moisturizer Shirojyun,skincare,2024-08-23
16516844220,"barang yang datang tidak sesuai, sudah hubungi admin melalui chat & whatsapp namun belum digubris hingga saat ini",1,[Omorfo] HADA LABO All Series | HADALABO Gokujyun | ShiroJyun | GokuJyun Alpha | Tamagohada | Face Wash | Lotion | Essence | Toner | Cleansing Oil | Face Mist | Moisturizer Shirojyun,skincare,2024-09-10
17587827873,tolong balas pesan saya kak,1,[Omorfo] HADA LABO All Series | HADALABO Gokujyun | ShiroJyun | GokuJyun Alpha | Tamagohada | Face Wash | Lotion | Essence | Toner | Cleansing Oil | Face Mist | Moisturizer Shirojyun,skincare,2024-10-29
44150168759,"Tidak ada barangnya, dan pengembalian dananya lama sekali, sudah hanpir 3 pekan",1,[Omorfo] HADA LABO All Series | HADALABO Gokujyun | ShiroJyun | GokuJyun Alpha | Tamagohada | Face Wash | Lotion | Essence | Toner | Cleansing Oil | Face Mist | Moisturizer Shirojyun,skincare,2025-05-25
16189129552,Kapok beli di toko ini,1,[Omorfo] HADA LABO All Series | HADALABO Gokujyun | ShiroJyun | GokuJyun Alpha | Tamagohada | Face Wash | Lotion | Essence | Toner | Cleansing Oil | Face Mist | Moisturizer Shirojyun,skincare,2024-08-15
48188350657,Keaslian:barang sdh terbuka tdk di segel,1,[Omorfo] HADA LABO All Series | HADALABO Gokujyun | ShiroJyun | GokuJyun Alpha | Tamagohada | Face Wash | Lotion | Essence | Toner | Cleansing Oil | Face Mist | Moisturizer Shirojyun,skincare,2025-06-12
52227695363,Pelayanan burukkk,1,[Omorfo] HADA LABO All Series | HADALABO Gokujyun | ShiroJyun | GokuJyun Alpha | Tamagohada | Face Wash | Lotion | Essence | Toner | Cleansing Oil | Face Mist | Moisturizer Shirojyun,skincare,2025-06-20
64541945784,BARANG YANG KIRIM TIDAK SESUAIIIII,1,[Omorfo] HADA LABO All Series | HADALABO Gokujyun | ShiroJyun | GokuJyun Alpha | Tamagohada | Face Wash | Lotion | Essence | Toner | Cleansing Oil | Face Mist | Moisturizer Shirojyun,skincare,2025-07-30
43361787300,barang tidak sampai,1,[Omorfo] HADA LABO All Series | HADALABO Gokujyun | ShiroJyun | GokuJyun Alpha | Tamagohada | Face Wash | Lotion | Essence | Toner | Cleansing Oil | Face Mist | Moisturizer Shirojyun,skincare,2025-05-21
79069928326,g sesuai variasinya.,1,[Omorfo] HADA LABO All Series | HADALABO Gokujyun | ShiroJyun | GokuJyun Alpha | Tamagohada | Face Wash | Lotion | Essence | Toner | Cleansing Oil | Face Mist | Moisturizer Shirojyun,skincare,2025-11-15
75281434755,"Tekstur:Jumlah pesanan tidak sesuai, saya pesan 2 sunscreen malah yang datang cuma 1 biji, rugi saya
Cocok untuk:Yang mau aja
Keaslian:Gak tahu",1,[Omorfo] HADA LABO All Series | HADALABO Gokujyun | ShiroJyun | GokuJyun Alpha | Tamagohada | Face Wash | Lotion | Essence | Toner | Cleansing Oil | Face Mist | Moisturizer Shirojyun,skincare,2025-09-27
19386038198,"Tekstur:salah kirim produk
Cocok untuk:salah kirim produk
Keaslian:salah kirim produk

Tolong bagian packing kalau kirim produk diperhatikan, saya tidak unboxingkan karena memori HP saya full. Pesan produk A dikirimnya beda, mana harga produknya jauhnya beda lagi.
Makan dah itu uang anak yatim-piatu yg dikumpulin sedikit-sedikit.",1,[Omorfo] HADA LABO All Series | HADALABO Gokujyun | ShiroJyun | GokuJyun Alpha | Tamagohada | Face Wash | Lotion | Essence | Toner | Cleansing Oil | Face Mist | Moisturizer Shirojyun,skincare,2024-11-20
13668638871,saya pesannya gokujyun tapi yang dikirim shirojyun😌,1,[Omorfo] HADA LABO All Series | HADALABO Gokujyun | ShiroJyun | GokuJyun Alpha | Tamagohada | Face Wash | Lotion | Essence | Toner | Cleansing Oil | Face Mist | Moisturizer Shirojyun,skincare,2023-12-25
21342227812,gak trima saya!!!,1,[Omorfo] HADA LABO All Series | HADALABO Gokujyun | ShiroJyun | GokuJyun Alpha | Tamagohada | Face Wash | Lotion | Essence | Toner | Cleansing Oil | Face Mist | Moisturizer Shirojyun,skincare,2024-12-09
15981935055,"Tekstur:krim
Cocok untuk:kulit
Keaslian:bagus

Aku pesannya yang fw shirojyun
Yang dikirim malah gokujyun?",2,[Omorfo] HADA LABO All Series | HADALABO Gokujyun | ShiroJyun | GokuJyun Alpha | Tamagohada | Face Wash | Lotion | Essence | Toner | Cleansing Oil | Face Mist | Moisturizer Shirojyun,skincare,2024-07-28
52047110053,"udah berapa kali kecewa dengan toko ini,padahal aku pastinya rutin setiap bulan belanja disini🥲aku pesan instan malah datengnya lama bgt,mungkin barangnya baru mau dibeli yah🤣🤣trus pas barangnya dateng eh ada yg kurang,dan itu berkali kali terjadi,maksud aku kalau dari awal barangnya kosong ngapain dijual🤦🏻‍♀️🤦🏻‍♀️🤦🏻‍♀️",2,[Omorfo] HADA LABO All Series | HADALABO Gokujyun | ShiroJyun | GokuJyun Alpha | Tamagohada | Face Wash | Lotion | Essence | Toner | Cleansing Oil | Face Mist | Moisturizer Shirojyun,skincare,2025-06-19
53218613597,Pesan yg 100 ml dikirimnya 50 ml. Adminnya AI jadi susah banget konfirmasinya. Katanya mau di refund selisih uangnya tapi sampai sekarang gak direspon admin,2,[Omorfo] HADA LABO All Series | HADALABO Gokujyun | ShiroJyun | GokuJyun Alpha | Tamagohada | Face Wash | Lotion | Essence | Toner | Cleansing Oil | Face Mist | Moisturizer Shirojyun,skincare,2025-06-24
77224484490,"Keras bgt produknya ga seperti biasanya, ini pertama kli beli keras smpe susah bgt kluar dri wadahnya",2,[Omorfo] HADA LABO All Series | HADALABO Gokujyun | ShiroJyun | GokuJyun Alpha | Tamagohada | Face Wash | Lotion | Essence | Toner | Cleansing Oil | Face Mist | Moisturizer Shirojyun,skincare,2025-10-22
46359844600,"Pesannya 100 ml terus di infokan ternyata udah habis sisa yg 50 ml katanya dananya dikembalikan tp sampe skarang belum ada walaupun gak seberapa sih tp heran aja awal"" masih direspon pas udah lama kok gak direspon yahh kecewa aja sihh",2,[Omorfo] HADA LABO All Series | HADALABO Gokujyun | ShiroJyun | GokuJyun Alpha | Tamagohada | Face Wash | Lotion | Essence | Toner | Cleansing Oil | Face Mist | Moisturizer Shirojyun,skincare,2025-06-03
13663224178,tolong cek dengan benar pesanannya yah. soalnya saya pesan hadalabo shirojyun yang datang malah gokujyun. saya harap bisa dijadikan pelajaran untuk teliti,2,[Omorfo] HADA LABO All Series | HADALABO Gokujyun | ShiroJyun | GokuJyun Alpha | Tamagohada | Face Wash | Lotion | Essence | Toner | Cleansing Oil | Face Mist | Moisturizer Shirojyun,skincare,2023-12-24
59796115584,"Pesan hb dua yg datng cuman satu ,slah si tidak vidio unbox waktu paketnya datang krna sudah sering pesan d toko ini jadi percaya2 aja ,lain kali diperhatikan baik2 ya mbaa pekingannya😊kak lain kali fokus ya mbaa klau peking pesanan costumer 😊
Happy packing 🔥",2,[Omorfo] HADA LABO All Series | HADALABO Gokujyun | ShiroJyun | GokuJyun Alpha | Tamagohada | Face Wash | Lotion | Essence | Toner | Cleansing Oil | Face Mist | Moisturizer Shirojyun,skincare,2025-07-13
22881217208,Sy order 2 barang yg dikirim cuma 1,2,[Omorfo] HADA LABO All Series | HADALABO Gokujyun | ShiroJyun | GokuJyun Alpha | Tamagohada | Face Wash | Lotion | Essence | Toner | Cleansing Oil | Face Mist | Moisturizer Shirojyun,skincare,2024-12-16
54803602129,"Produknya bagus, tapi toko gak amanah co bbrp produk tapi ada yg gak di kirim",2,[Omorfo] HADA LABO All Series | HADALABO Gokujyun | ShiroJyun | GokuJyun Alpha | Tamagohada | Face Wash | Lotion | Essence | Toner | Cleansing Oil | Face Mist | Moisturizer Shirojyun,skincare,2025-06-27
13108491808,"Harus lebih teliti lagi, yang di pesan 100gr yg datang 50gr. Sdh coba hub. Via chat bahkan live tp gak ada solusinya..... Video ada, tp karna pilih pengiriman instan jadi packingnya pake tas kresek susah di jamin keamanannya. 

Selebihnya bagus  sih.",2,[Omorfo] HADA LABO All Series | HADALABO Gokujyun | ShiroJyun | GokuJyun Alpha | Tamagohada | Face Wash | Lotion | Essence | Toner | Cleansing Oil | Face Mist | Moisturizer Shirojyun,skincare,2023-11-06
16118600309,"Pesanan tidak sesuai dengan yang dipesan
Kecewa banget",2,[Omorfo] HADA LABO All Series | HADALABO Gokujyun | ShiroJyun | GokuJyun Alpha | Tamagohada | Face Wash | Lotion | Essence | Toner | Cleansing Oil | Face Mist | Moisturizer Shirojyun,skincare,2024-08-09
18388320228,"Tekstur:bening
Cocok untuk:kulit
Keaslian:asli mungkin

Barang telah sampai, baru tau kalau lotion hadalabo ndd segelnya, untung nda tumpahji... Kasih bintang 3 krn ada barang yg beda kupesan beda terkirim... Belum lagi ada yg malah nda terkirim, untung diterima pengajuan pengembalian dana sebagianku jadi bintang 1 ke bintang 3🙏🏼",3,[Omorfo] HADA LABO All Series | HADALABO Gokujyun | ShiroJyun | GokuJyun Alpha | Tamagohada | Face Wash | Lotion | Essence | Toner | Cleansing Oil | Face Mist | Moisturizer Shirojyun,skincare,2024-11-14
13578760644,ini yg bkin kecewa skali.. baru kali ini mau coba..tpi tidak sesuai ekpektasi. 100gr tpi isinya hmm mngkin bukan kecewa ke pnjualnya. ini lebih ke produknya sja😿😿😿😿,3,[Omorfo] HADA LABO All Series | HADALABO Gokujyun | ShiroJyun | GokuJyun Alpha | Tamagohada | Face Wash | Lotion | Essence | Toner | Cleansing Oil | Face Mist | Moisturizer Shirojyun,skincare,2023-12-17
63060891276,"Tekstur:ringan
Cocok untuk:oily skin

Aku pesan 2 yang warna hijau tp datangnya yang warna hijau (1) dan orange (1) tp nggak papa masih bisa dipakai",3,[Omorfo] HADA LABO All Series | HADALABO Gokujyun | ShiroJyun | GokuJyun Alpha | Tamagohada | Face Wash | Lotion | Essence | Toner | Cleansing Oil | Face Mist | Moisturizer Shirojyun,skincare,2025-07-24
4417799306,"Tekstur:bgs
Kandungan:bgs
Efektivitas:bgs",3,[Omorfo] HADA LABO All Series | HADALABO Gokujyun | ShiroJyun | GokuJyun Alpha | Tamagohada | Face Wash | Lotion | Essence | Toner | Cleansing Oil | Face Mist | Moisturizer Shirojyun,skincare,2021-03-31
69863494527,"Tgl exp nya kehapus ntah sengaja atau gimana itu,,bekas plasteran nempel jdi jelek deh😌",3,[Omorfo] HADA LABO All Series | HADALABO Gokujyun | ShiroJyun | GokuJyun Alpha | Tamagohada | Face Wash | Lotion | Essence | Toner | Cleansing Oil | Face Mist | Moisturizer Shirojyun,skincare,2025-08-25
49282463534,"Baru kali ini ngerasa kecewa sma pengirimannya, biasanya walaupun cuma beli 2 seller ttp perhatiin packing, ini kan berisi cairan dan botol gk ada diselotip atau apapun, jd pas sampai di tangan saya, botol sudah dlm keadaan sedikit trbuka, mohon untuk seller lebih diperhatikan lgi ketika packing, walaupun diluar disolasi bnyak tp setidknya produk di beri sedikit selotip untk mengurangi kemungkinan btol bisa trbuka saat pengiriman",3,[Omorfo] HADA LABO All Series | HADALABO Gokujyun | ShiroJyun | GokuJyun Alpha | Tamagohada | Face Wash | Lotion | Essence | Toner | Cleansing Oil | Face Mist | Moisturizer Shirojyun,skincare,2025-06-16
16550457847,"kenapa ya setiap beli di toko ini paketnya banyak semutnya, udah ke 3 kalinya pesan semua paketnya banyak semutnya",3,[Omorfo] HADA LABO All Series | HADALABO Gokujyun | ShiroJyun | GokuJyun Alpha | Tamagohada | Face Wash | Lotion | Essence | Toner | Cleansing Oil | Face Mist | Moisturizer Shirojyun,skincare,2024-09-12
49841003635,"Packingan kurang rapii 
Merusak produk
Saran selotipnya diganti🙏🏻",3,[Omorfo] HADA LABO All Series | HADALABO Gokujyun | ShiroJyun | GokuJyun Alpha | Tamagohada | Face Wash | Lotion | Essence | Toner | Cleansing Oil | Face Mist | Moisturizer Shirojyun,skincare,2025-06-18
16207026295,"yg dipesan Gokujyun, tapi yang datang malah ini",3,[Omorfo] HADA LABO All Series | HADALABO Gokujyun | ShiroJyun | GokuJyun Alpha | Tamagohada | Face Wash | Lotion | Essence | Toner | Cleansing Oil | Face Mist | Moisturizer Shirojyun,skincare,2024-08-16
85593281634,maap ngasi bintang 3 doang karna pengemasannya agak kurang kali inii toner saya agak tumpah dikit bleber kali ini tutupnya ngga di selotip ngga kayak biasanyaa,3,[Omorfo] HADA LABO All Series | HADALABO Gokujyun | ShiroJyun | GokuJyun Alpha | Tamagohada | Face Wash | Lotion | Essence | Toner | Cleansing Oil | Face Mist | Moisturizer Shirojyun,skincare,2026-01-17
29949740781,Kayaknyaa dikulit aku tidak cocok soalnya numbuhin jerawat merah,3,[Omorfo] HADA LABO All Series | HADALABO Gokujyun | ShiroJyun | GokuJyun Alpha | Tamagohada | Face Wash | Lotion | Essence | Toner | Cleansing Oil | Face Mist | Moisturizer Shirojyun,skincare,2025-02-01
48002555864,gak amanah tokohnya pesan 2 kirim cuma satu,3,[Omorfo] HADA LABO All Series | HADALABO Gokujyun | ShiroJyun | GokuJyun Alpha | Tamagohada | Face Wash | Lotion | Essence | Toner | Cleansing Oil | Face Mist | Moisturizer Shirojyun,skincare,2025-06-11
30089896246,"Adminnya kurang fokus ya? Aku pesan fw yg kemasan biru, malah dikirim kemasan putih. Yaudah deh gpp :)",3,[Omorfo] HADA LABO All Series | HADALABO Gokujyun | ShiroJyun | GokuJyun Alpha | Tamagohada | Face Wash | Lotion | Essence | Toner | Cleansing Oil | Face Mist | Moisturizer Shirojyun,skincare,2025-02-04
16370129046,Produknya habis jadi nggak ada yg dikirim,3,[Omorfo] HADA LABO All Series | HADALABO Gokujyun | ShiroJyun | GokuJyun Alpha | Tamagohada | Face Wash | Lotion | Essence | Toner | Cleansing Oil | Face Mist | Moisturizer Shirojyun,skincare,2024-08-31
59125040512,"Barangnya sudah sampai cuman produknya kotor, kurang rapih di plester begitu, sisa sia plasternya juga menempel di kemasan produk",3,[Omorfo] HADA LABO All Series | HADALABO Gokujyun | ShiroJyun | GokuJyun Alpha | Tamagohada | Face Wash | Lotion | Essence | Toner | Cleansing Oil | Face Mist | Moisturizer Shirojyun,skincare,2025-07-11
38507791027,"Tonernya sampai dalam keadaan bocor,bahkan sudah kedua kalinya sy cekout barang  yg ternyata lagi kosong,barang lagi kosong tapi masih bisa di cekout bikin semuanya jadi ribet kalau emang barangnya lagi kosong kenapa masih bisa di cekout,padahal udah langganan,ini bakal jadi terakhir kalinya saya pesan barang di toko ini",3,[Omorfo] HADA LABO All Series | HADALABO Gokujyun | ShiroJyun | GokuJyun Alpha | Tamagohada | Face Wash | Lotion | Essence | Toner | Cleansing Oil | Face Mist | Moisturizer Shirojyun,skincare,2025-04-21
31997872678,"tidak sesuai pesanan. yg dipesan moisturizer, yang datang malah facial wash",3,[Omorfo] HADA LABO All Series | HADALABO Gokujyun | ShiroJyun | GokuJyun Alpha | Tamagohada | Face Wash | Lotion | Essence | Toner | Cleansing Oil | Face Mist | Moisturizer Shirojyun,skincare,2025-03-03
55084844658,Pelembab dan cleanser ovalnya tdk dikirim,3,[Omorfo] HADA LABO All Series | HADALABO Gokujyun | ShiroJyun | GokuJyun Alpha | Tamagohada | Face Wash | Lotion | Essence | Toner | Cleansing Oil | Face Mist | Moisturizer Shirojyun,skincare,2025-06-28
15393760979,"Tekstur:teksturnya mudah diaplikasikan dan seperti pecuci muka pada umumnya
Cocok untuk:cocok untuk kulit saya yang lumayan berminyak
Keaslian:sesuai

Ini pemakaian saya yang ke tiga, saya beli lagi karena saya cocok semoga ke depanya masih cocok lagi.",4,[Omorfo] HADA LABO All Series | HADALABO Gokujyun | ShiroJyun | GokuJyun Alpha | Tamagohada | Face Wash | Lotion | Essence | Toner | Cleansing Oil | Face Mist | Moisturizer Shirojyun,skincare,2024-06-04
15005370376,"Cocok untuk:cocok untuk wajah yang berminyak

Hada labo ini salah satu pencuci muka yang sudah lama saya perhatikan untuk kulit saya yang lumayan berminyak dan ini pemakaian 2 saya dan ya memang minyak di muka saya sedkit berkurang. Semoga masih cocok selanjutnya dan saya memesan di sini lagi.",4,[Omorfo] HADA LABO All Series | HADALABO Gokujyun | ShiroJyun | GokuJyun Alpha | Tamagohada | Face Wash | Lotion | Essence | Toner | Cleansing Oil | Face Mist | Moisturizer Shirojyun,skincare,2024-04-27
16988848510,"Tekstur:memuaskan
Cocok untuk:kulit berminyak
Keaslian:terjamin asli

Barang nya SDH tiba. Sayangnya ndah pake bubble wrap.",4,[Omorfo] HADA LABO All Series | HADALABO Gokujyun | ShiroJyun | GokuJyun Alpha | Tamagohada | Face Wash | Lotion | Essence | Toner | Cleansing Oil | Face Mist | Moisturizer Shirojyun,skincare,2024-10-07
3728595244,"Untuk semuanya bagus sih, apalagi saya dapat belinya pas promo.
Mungkin kekurangannya cuman di penjualnya yang kurang respon, aku beberapa kali bertanya di chat dan ngak di balas dan juga dm di ig tapi ngak di balas. Jadi mungkin respon untuk chatnya perlu di perbaiki dan ditingkatkan lagi yahh.",4,[Omorfo] HADA LABO All Series | HADALABO Gokujyun | ShiroJyun | GokuJyun Alpha | Tamagohada | Face Wash | Lotion | Essence | Toner | Cleansing Oil | Face Mist | Moisturizer Shirojyun,skincare,2020-12-28
5263818608,"Kandungan:mengandung AHA BHA jadi bisa buat exfoliasi kulit kalian

Pesanannya sudah sampai pertama nyoba mudah mudahan cocok pengirimannya juga cepet okelah mantap",4,[Omorfo] HADA LABO All Series | HADALABO Gokujyun | ShiroJyun | GokuJyun Alpha | Tamagohada | Face Wash | Lotion | Essence | Toner | Cleansing Oil | Face Mist | Moisturizer Shirojyun,skincare,2021-07-03
21328067895,"paketnya udah sampai aman ga ada kendala, pengirimannya juga cepat & udah sering belanja di sini",4,[Omorfo] HADA LABO All Series | HADALABO Gokujyun | ShiroJyun | GokuJyun Alpha | Tamagohada | Face Wash | Lotion | Essence | Toner | Cleansing Oil | Face Mist | Moisturizer Shirojyun,skincare,2024-12-07
33550692575,"Tekstur:lembutt dan mudah di aplikasikan
Cocok untuk:semua jenis kulitt
Keaslian:original",4,[Omorfo] HADA LABO All Series | HADALABO Gokujyun | ShiroJyun | GokuJyun Alpha | Tamagohada | Face Wash | Lotion | Essence | Toner | Cleansing Oil | Face Mist | Moisturizer Shirojyun,skincare,2025-03-23
29462700839,"Tekstur:gel
Cocok untuk:all skin
Keaslian:ori

Semoga cocok dan kulit nggak ketarik setelah cuci muka",4,[Omorfo] HADA LABO All Series | HADALABO Gokujyun | ShiroJyun | GokuJyun Alpha | Tamagohada | Face Wash | Lotion | Essence | Toner | Cleansing Oil | Face Mist | Moisturizer Shirojyun,skincare,2025-01-27
16363519444,"Tekstur:kental
Cocok untuk:kulit berjerawat
Keaslian:sangat asli

Terima kasih seller barang sesuai dengan yg dipesanTerima kasih seller barang sesuai dengan yg dipesan",4,[Omorfo] HADA LABO All Series | HADALABO Gokujyun | ShiroJyun | GokuJyun Alpha | Tamagohada | Face Wash | Lotion | Essence | Toner | Cleansing Oil | Face Mist | Moisturizer Shirojyun,skincare,2024-08-31
36170978234,"Tekstur:cair
Cocok untuk:kulit
Keaslian:oke

Barangnya sudah sampai. Terimakasih banyak 🙇‍♀️🙏",4,[Omorfo] HADA LABO All Series | HADALABO Gokujyun | ShiroJyun | GokuJyun Alpha | Tamagohada | Face Wash | Lotion | Essence | Toner | Cleansing Oil | Face Mist | Moisturizer Shirojyun,skincare,2025-04-09
31497470658,"Tekstur:memiliki tekstur yang bagus
Cocok untuk:kulit ku kombinasi tapi cocok si
Keaslian:asli

Pengiriman cepat di terima dengan keadaan baik ada kerusakan pada tutup  Facetology",4,[Omorfo] HADA LABO All Series | HADALABO Gokujyun | ShiroJyun | GokuJyun Alpha | Tamagohada | Face Wash | Lotion | Essence | Toner | Cleansing Oil | Face Mist | Moisturizer Shirojyun,skincare,2025-02-24
47395541580,"Tekstur:blm tau
Cocok untuk:semua jenis kulit
Keaslian:ga tau asli apa ga

Baru mau coba soalnya banyak yg recomend, semoga aja cocok",4,[Omorfo] HADA LABO All Series | HADALABO Gokujyun | ShiroJyun | GokuJyun Alpha | Tamagohada | Face Wash | Lotion | Essence | Toner | Cleansing Oil | Face Mist | Moisturizer Shirojyun,skincare,2025-06-08
75415313228,"Tekstur:bagus
Cocok untuk:wajah
Keaslian:terjamin asli barang ori semua dan cepat sampai",4,[Omorfo] HADA LABO All Series | HADALABO Gokujyun | ShiroJyun | GokuJyun Alpha | Tamagohada | Face Wash | Lotion | Essence | Toner | Cleansing Oil | Face Mist | Moisturizer Shirojyun,skincare,2025-10-03
65115713805,"Tekstur:kental dan mudah diaplikasikan
Cocok untuk:kulit yg berjerawat dan kering
Keaslian:asli",4,[Omorfo] HADA LABO All Series | HADALABO Gokujyun | ShiroJyun | GokuJyun Alpha | Tamagohada | Face Wash | Lotion | Essence | Toner | Cleansing Oil | Face Mist | Moisturizer Shirojyun,skincare,2025-08-02
15459149862,"ori, produknya juga cocok untuk skintype kombinasi, ga bikin ketarik",4,[Omorfo] HADA LABO All Series | HADALABO Gokujyun | ShiroJyun | GokuJyun Alpha | Tamagohada | Face Wash | Lotion | Essence | Toner | Cleansing Oil | Face Mist | Moisturizer Shirojyun,skincare,2024-06-09
16672387675,"exp datenya 2027, cuma dtg sdh terbuka alias tdk ada plastiknya semoga tdk dipalsukan wallahu a’lam bishawab",4,[Omorfo] HADA LABO All Series | HADALABO Gokujyun | ShiroJyun | GokuJyun Alpha | Tamagohada | Face Wash | Lotion | Essence | Toner | Cleansing Oil | Face Mist | Moisturizer Shirojyun,skincare,2024-09-21
30573584340,Cocok untuk:face wash,4,[Omorfo] HADA LABO All Series | HADALABO Gokujyun | ShiroJyun | GokuJyun Alpha | Tamagohada | Face Wash | Lotion | Essence | Toner | Cleansing Oil | Face Mist | Moisturizer Shirojyun,skincare,2025-02-09
87576976428,"Kemasan:dalam keadaan baik, di segel dong produknya pakai lakban jadi aman sampai ke tangan
Manfaat:membersihkan wajah sekaligus mencerahkan, cocok untuk kulit berminyak
Wangi:tidak memiliki aroma",4,[Omorfo] HADA LABO All Series | HADALABO Gokujyun | ShiroJyun | GokuJyun Alpha | Tamagohada | Face Wash | Lotion | Essence | Toner | Cleansing Oil | Face Mist | Moisturizer Shirojyun,skincare,2026-02-05
85136663908,"Cocok untuk:berbagai jenis kulit

Baru coba pakai. Pemakaian beberapa Minggu ini, wajah banyak timbul jerawat",4,[Omorfo] HADA LABO All Series | HADALABO Gokujyun | ShiroJyun | GokuJyun Alpha | Tamagohada | Face Wash | Lotion | Essence | Toner | Cleansing Oil | Face Mist | Moisturizer Shirojyun,skincare,2026-01-13
16194963847,"Tekstur:lembut
Cocok untuk:kulit
Keaslian:asli

Harus lembut juga di pakai pokoknya bagus deh",4,[Omorfo] HADA LABO All Series | HADALABO Gokujyun | ShiroJyun | GokuJyun Alpha | Tamagohada | Face Wash | Lotion | Essence | Toner | Cleansing Oil | Face Mist | Moisturizer Shirojyun,skincare,2024-08-15
34839235285,"Tekstur:ringan dan sangat nyaman pakai
Cocok untuk:kulit kering
Keaslian:terverifikasi dan otentik",4,[Omorfo] HADA LABO All Series | HADALABO Gokujyun | ShiroJyun | GokuJyun Alpha | Tamagohada | Face Wash | Lotion | Essence | Toner | Cleansing Oil | Face Mist | Moisturizer Shirojyun,skincare,2025-03-28
20580874832,"Tekstur:biasa
Cocok untuk:wajah
Keaslian:real

Produk hadalabo jarang yg gagal sih sesuaiin sama tipkul aja",4,[Omorfo] HADA LABO All Series | HADALABO Gokujyun | ShiroJyun | GokuJyun Alpha | Tamagohada | Face Wash | Lotion | Essence | Toner | Cleansing Oil | Face Mist | Moisturizer Shirojyun,skincare,2024-12-05
16924353172,"Tekstur:nggak Berbusa
Cocok untuk:kulit berminyak
Keaslian:oke

Melembabkan banget",4,[Omorfo] HADA LABO All Series | HADALABO Gokujyun | ShiroJyun | GokuJyun Alpha | Tamagohada | Face Wash | Lotion | Essence | Toner | Cleansing Oil | Face Mist | Moisturizer Shirojyun,skincare,2024-10-03
15315527395,"Tekstur:bagus ringan
Cocok untuk:berminyak
Keaslian:ORI",4,[Omorfo] HADA LABO All Series | HADALABO Gokujyun | ShiroJyun | GokuJyun Alpha | Tamagohada | Face Wash | Lotion | Essence | Toner | Cleansing Oil | Face Mist | Moisturizer Shirojyun,skincare,2024-05-27
16309313279,"Maaf banget admin slow resp gonta ganti gaada solusi, pesanan tidak lengkap tetap dikirim, minta dibatalkan ditolak pdhl admin sendiri yg bilang stok habis, yaudahlaa emg butuh penilaian buruk keknya ni toko🙏🏻",4,[Omorfo] HADA LABO All Series | HADALABO Gokujyun | ShiroJyun | GokuJyun Alpha | Tamagohada | Face Wash | Lotion | Essence | Toner | Cleansing Oil | Face Mist | Moisturizer Shirojyun,skincare,2024-08-26
4416019073,"ada 1 item yg gak datang, tp tetap bayar, cod gk sesuai aplikasi, kurir gak amanah, brharap ada kbijakan baiknya tp ternyata gk ada, oke",4,[Omorfo] HADA LABO All Series | HADALABO Gokujyun | ShiroJyun | GokuJyun Alpha | Tamagohada | Face Wash | Lotion | Essence | Toner | Cleansing Oil | Face Mist | Moisturizer Shirojyun,skincare,2021-03-30
77598954397,"Tekstur:bagus
Cocok untuk:cocok untuk muka oily
Keaslian:otentik

Baunya agak beda sih dikit",4,[Omorfo] HADA LABO All Series | HADALABO Gokujyun | ShiroJyun | GokuJyun Alpha | Tamagohada | Face Wash | Lotion | Essence | Toner | Cleansing Oil | Face Mist | Moisturizer Shirojyun,skincare,2025-10-26
33537203394,Produk baru hadalabo memang ga ada plastik yg menandakan produknya baru yah?,4,[Omorfo] HADA LABO All Series | HADALABO Gokujyun | ShiroJyun | GokuJyun Alpha | Tamagohada | Face Wash | Lotion | Essence | Toner | Cleansing Oil | Face Mist | Moisturizer Shirojyun,skincare,2025-03-22
75422167279,"Tekstur:cair
Cocok untuk:semua jenis kulit
Keaslian:jamin

Respond penjual sangat bagus, betul2 membantu. Makasih yah",4,[Omorfo] HADA LABO All Series | HADALABO Gokujyun | ShiroJyun | GokuJyun Alpha | Tamagohada | Face Wash | Lotion | Essence | Toner | Cleansing Oil | Face Mist | Moisturizer Shirojyun,skincare,2025-10-03
48725925728,"Bagus , tp sayang kemasan nya bocor bagian bawah nya",4,[Omorfo] HADA LABO All Series | HADALABO Gokujyun | ShiroJyun | GokuJyun Alpha | Tamagohada | Face Wash | Lotion | Essence | Toner | Cleansing Oil | Face Mist | Moisturizer Shirojyun,skincare,2025-06-14
84178430650,"Ini emang barang nya gk ada segel nya yah? Soalnya takut klo tiba"" kebuka terus isinya meleber sih. Tpi barang asli kok.",4,[Omorfo] HADA LABO All Series | HADALABO Gokujyun | ShiroJyun | GokuJyun Alpha | Tamagohada | Face Wash | Lotion | Essence | Toner | Cleansing Oil | Face Mist | Moisturizer Shirojyun,skincare,2026-01-05
25475964863,Cocok untuk:berbagi jenis kulit,4,[Omorfo] HADA LABO All Series | HADALABO Gokujyun | ShiroJyun | GokuJyun Alpha | Tamagohada | Face Wash | Lotion | Essence | Toner | Cleansing Oil | Face Mist | Moisturizer Shirojyun,skincare,2024-12-29
13971666422,Sesuai pesanan bangett😍,4,[Omorfo] HADA LABO All Series | HADALABO Gokujyun | ShiroJyun | GokuJyun Alpha | Tamagohada | Face Wash | Lotion | Essence | Toner | Cleansing Oil | Face Mist | Moisturizer Shirojyun,skincare,2024-01-23
47358895332,"Tekstur:lembut
Cocok untuk:wajah",4,[Omorfo] HADA LABO All Series | HADALABO Gokujyun | ShiroJyun | GokuJyun Alpha | Tamagohada | Face Wash | Lotion | Essence | Toner | Cleansing Oil | Face Mist | Moisturizer Shirojyun,skincare,2025-06-08
47403729394,bagus sesuai pesanan good👍👍,4,[Omorfo] HADA LABO All Series | HADALABO Gokujyun | ShiroJyun | GokuJyun Alpha | Tamagohada | Face Wash | Lotion | Essence | Toner | Cleansing Oil | Face Mist | Moisturizer Shirojyun,skincare,2025-06-08
16592781883,tonernyaa tumpahh😭😭,4,[Omorfo] HADA LABO All Series | HADALABO Gokujyun | ShiroJyun | GokuJyun Alpha | Tamagohada | Face Wash | Lotion | Essence | Toner | Cleansing Oil | Face Mist | Moisturizer Shirojyun,skincare,2024-09-15
23260333307,besar,4,[Omorfo] HADA LABO All Series | HADALABO Gokujyun | ShiroJyun | GokuJyun Alpha | Tamagohada | Face Wash | Lotion | Essence | Toner | Cleansing Oil | Face Mist | Moisturizer Shirojyun,skincare,2024-12-17
16079266309,Bgs bngettt,4,[Omorfo] HADA LABO All Series | HADALABO Gokujyun | ShiroJyun | GokuJyun Alpha | Tamagohada | Face Wash | Lotion | Essence | Toner | Cleansing Oil | Face Mist | Moisturizer Shirojyun,skincare,2024-08-06
78714303093,"Tekstur:cair
Cocok untuk:baru coba smgah cocok",4,[Omorfo] HADA LABO All Series | HADALABO Gokujyun | ShiroJyun | GokuJyun Alpha | Tamagohada | Face Wash | Lotion | Essence | Toner | Cleansing Oil | Face Mist | Moisturizer Shirojyun,skincare,2025-11-11
82316599478,Pas sampai sudah tidak tersegel guys😒,4,[Omorfo] HADA LABO All Series | HADALABO Gokujyun | ShiroJyun | GokuJyun Alpha | Tamagohada | Face Wash | Lotion | Essence | Toner | Cleansing Oil | Face Mist | Moisturizer Shirojyun,skincare,2025-12-20
29758661164,Barangnya tumpah..tidak tertutup rapat,4,[Omorfo] HADA LABO All Series | HADALABO Gokujyun | ShiroJyun | GokuJyun Alpha | Tamagohada | Face Wash | Lotion | Essence | Toner | Cleansing Oil | Face Mist | Moisturizer Shirojyun,skincare,2025-01-31
64089247288,Produknya tumpah dalam paket.,4,[Omorfo] HADA LABO All Series | HADALABO Gokujyun | ShiroJyun | GokuJyun Alpha | Tamagohada | Face Wash | Lotion | Essence | Toner | Cleansing Oil | Face Mist | Moisturizer Shirojyun,skincare,2025-07-28
81669719549,"Tekstur:blm tau
Cocok untuk:bagus",4,[Omorfo] HADA LABO All Series | HADALABO Gokujyun | ShiroJyun | GokuJyun Alpha | Tamagohada | Face Wash | Lotion | Essence | Toner | Cleansing Oil | Face Mist | Moisturizer Shirojyun,skincare,2025-12-14
87963550320,kaknya salah kirim🙃,4,[Omorfo] HADA LABO All Series | HADALABO Gokujyun | ShiroJyun | GokuJyun Alpha | Tamagohada | Face Wash | Lotion | Essence | Toner | Cleansing Oil | Face Mist | Moisturizer Shirojyun,skincare,2026-02-07
80576596564,"Tekstur:konsistensi yg kental dan mudah diaplikasikan
Cocok untuk:cocok buat oily

honest review pemakaian dari Agustus dan sekarang Desember.. cukup membantu buat kulit tenang.. apalagi kulit ku oily dan acne prone dan tidak membuat kulit kering.. maap ya dokumentasi ga sesuai hihihi",4,[Omorfo] HADA LABO All Series | HADALABO Gokujyun | ShiroJyun | GokuJyun Alpha | Tamagohada | Face Wash | Lotion | Essence | Toner | Cleansing Oil | Face Mist | Moisturizer Shirojyun,skincare,2025-12-03
79746863155,"Tekstur:sedikit berbulirbulir
Cocok untuk:kulit normal to dry?

Bagus, hanya tidak cocoj di aku. Menimbulkan bruntusan di wajah",4,[Omorfo] HADA LABO All Series | HADALABO Gokujyun | ShiroJyun | GokuJyun Alpha | Tamagohada | Face Wash | Lotion | Essence | Toner | Cleansing Oil | Face Mist | Moisturizer Shirojyun,skincare,2025-11-26
82712882061,Selalu benlanja disini. Barang lengkap. Packing aman. Terimakasih.. selalu puas belanja disini.,4,[Omorfo] HADA LABO All Series | HADALABO Gokujyun | ShiroJyun | GokuJyun Alpha | Tamagohada | Face Wash | Lotion | Essence | Toner | Cleansing Oil | Face Mist | Moisturizer Shirojyun,skincare,2025-12-23
29320548911,"Tekstur:jell
Cocok untuk:sensitif
Keaslian:asli

baru coba semoga cocok untuk aku yg berjerawat kulit kering dan bruntusan",4,[Omorfo] HADA LABO All Series | HADALABO Gokujyun | ShiroJyun | GokuJyun Alpha | Tamagohada | Face Wash | Lotion | Essence | Toner | Cleansing Oil | Face Mist | Moisturizer Shirojyun,skincare,2025-01-26
48191278782,"bagus banget, pas di kulit berminyak ga buat makin berminyak",4,[Omorfo] HADA LABO All Series | HADALABO Gokujyun | ShiroJyun | GokuJyun Alpha | Tamagohada | Face Wash | Lotion | Essence | Toner | Cleansing Oil | Face Mist | Moisturizer Shirojyun,skincare,2025-06-12
48194421371,"Tekstur:ringan
Cocok untuk:kulit sensitif

real pict",4,[Omorfo] HADA LABO All Series | HADALABO Gokujyun | ShiroJyun | GokuJyun Alpha | Tamagohada | Face Wash | Lotion | Essence | Toner | Cleansing Oil | Face Mist | Moisturizer Shirojyun,skincare,2025-06-12
15307627830,"Tekstur:belum di ciba
Cocok untuk:kulit berminyak dan jerawat
Keaslian:asli

Bismillah semoga cocok🙏",4,[Omorfo] HADA LABO All Series | HADALABO Gokujyun | ShiroJyun | GokuJyun Alpha | Tamagohada | Face Wash | Lotion | Essence | Toner | Cleansing Oil | Face Mist | Moisturizer Shirojyun,skincare,2024-05-26
15242582499,"Pengalaman Penggunaan:first try
Kemasan:good
Profil Kecantikan:cocok untuk acne skin",4,[Omorfo] HADA LABO All Series | HADALABO Gokujyun | ShiroJyun | GokuJyun Alpha | Tamagohada | Face Wash | Lotion | Essence | Toner | Cleansing Oil | Face Mist | Moisturizer Shirojyun,skincare,2024-05-19
78501064658,sesuai pesanan,4,[Omorfo] HADA LABO All Series | HADALABO Gokujyun | ShiroJyun | GokuJyun Alpha | Tamagohada | Face Wash | Lotion | Essence | Toner | Cleansing Oil | Face Mist | Moisturizer Shirojyun,skincare,2025-11-07
56004254988,"Tekstur:Bagus
Cocok untuk:kering
Keaslian:asli",4,[Omorfo] HADA LABO All Series | HADALABO Gokujyun | ShiroJyun | GokuJyun Alpha | Tamagohada | Face Wash | Lotion | Essence | Toner | Cleansing Oil | Face Mist | Moisturizer Shirojyun,skincare,2025-07-02
13061965454,Produk sesuaiii,4,[Omorfo] HADA LABO All Series | HADALABO Gokujyun | ShiroJyun | GokuJyun Alpha | Tamagohada | Face Wash | Lotion | Essence | Toner | Cleansing Oil | Face Mist | Moisturizer Shirojyun,skincare,2023-11-01
30668993966,Baikk,4,[Omorfo] HADA LABO All Series | HADALABO Gokujyun | ShiroJyun | GokuJyun Alpha | Tamagohada | Face Wash | Lotion | Essence | Toner | Cleansing Oil | Face Mist | Moisturizer Shirojyun,skincare,2025-02-11
15173573297,"Bagus, wajah gk ketarik sehabis pke ini..",4,[Omorfo] HADA LABO All Series | HADALABO Gokujyun | ShiroJyun | GokuJyun Alpha | Tamagohada | Face Wash | Lotion | Essence | Toner | Cleansing Oil | Face Mist | Moisturizer Shirojyun,skincare,2024-05-12
14492881863,Baguuuus tapi lama di pengiriman huhuu,4,[Omorfo] HADA LABO All Series | HADALABO Gokujyun | ShiroJyun | GokuJyun Alpha | Tamagohada | Face Wash | Lotion | Essence | Toner | Cleansing Oil | Face Mist | Moisturizer Shirojyun,skincare,2024-03-12
13392674166,Sakit hati banget beli produk cacat. Dikirim ga ada kuasnya. Sisanya jg bolong2. Ga amanah banget. Pdhl udah ditulis di catatan mohon teliti! Pengemasannya jg lamaaaa banget. Tiga2nya cacat semua!,1,[Omorfo] Accessories Kuas Eyebrow pipih | Kuas alis mata | bulu pipih hitam makeup ultra thin Brush makeup bulu sintetis,aksesoris,2023-12-01
94511371299,"Tekstur:-
Fungsi:alis

Pesan tipis besar yang datang tipis kecil kalau jual di periksa baik2 deh",1,[Omorfo] Accessories Kuas Eyebrow pipih | Kuas alis mata | bulu pipih hitam makeup ultra thin Brush makeup bulu sintetis,aksesoris,2026-04-03
17972616698,"Tekstur:sy tidak tau tekstur nya karena dikirim dalam keadaan cacat!!!

masa yang dikirim barang cacat bgni? padahal sudah sy kasih catatan loh!!! kecewa bngt sama omorfo padahal toko ini cukup terkenal di daerah mks tapi kok bisa tidak amanah bgni? sebenarnya mau ajukan pengembalian tapi sy tidak sempat vidio saat melakukan unboxing",1,[Omorfo] Accessories Kuas Eyebrow pipih | Kuas alis mata | bulu pipih hitam makeup ultra thin Brush makeup bulu sintetis,aksesoris,2024-11-06
16217019619,Pesan barang 4 barang.. 2 barang tidak tidak dikirim..Uang juga tidak di kembalikan... Hati2 dengan tokoh ini.. tidak merespon dengan baik..dikertas menulis mencoba hubungi saya namun itu tidak ada.. nilai nominal uang memang tidak seberapa.. tapi KEJUJURAN yg utama..,1,[Omorfo] Accessories Kuas Eyebrow pipih | Kuas alis mata | bulu pipih hitam makeup ultra thin Brush makeup bulu sintetis,aksesoris,2024-08-17
18685783481,Saya pesan 3 barang yg dtng cuma 2.  klo barangnya gak ada itu ngomong hadehhhhhhhh,1,[Omorfo] Accessories Kuas Eyebrow pipih | Kuas alis mata | bulu pipih hitam makeup ultra thin Brush makeup bulu sintetis,aksesoris,2024-11-15
72400912318,gimna sihh aku pesan yng besar malah yng datang kecil semuaaaa,1,[Omorfo] Accessories Kuas Eyebrow pipih | Kuas alis mata | bulu pipih hitam makeup ultra thin Brush makeup bulu sintetis,aksesoris,2025-09-09
31764221323,Ga ada foto karena barangnya juga g dikirim. Teliti sebelum mengirimkan barang,1,[Omorfo] Accessories Kuas Eyebrow pipih | Kuas alis mata | bulu pipih hitam makeup ultra thin Brush makeup bulu sintetis,aksesoris,2025-02-28
16564467139,Pesannya yg kecil datangnya besaarrrr err,1,[Omorfo] Accessories Kuas Eyebrow pipih | Kuas alis mata | bulu pipih hitam makeup ultra thin Brush makeup bulu sintetis,aksesoris,2024-09-13
44704329865,Tokox ngga amanag Pesan beberapa barang tau2x datang brngx ad yg ngga di kirim ..trus ngga ad komfrmsi dri toko lagi klau barang kosong atau apalah ..mna udh byar full lg..,1,[Omorfo] Accessories Kuas Eyebrow pipih | Kuas alis mata | bulu pipih hitam makeup ultra thin Brush makeup bulu sintetis,aksesoris,2025-05-27
36212369411,Tidak amanah!!!,1,[Omorfo] Accessories Kuas Eyebrow pipih | Kuas alis mata | bulu pipih hitam makeup ultra thin Brush makeup bulu sintetis,aksesoris,2025-04-09
42889078092,"Tekstur:lembut
Kegunaan:kuas
Keaslian:bgs",1,[Omorfo] Accessories Kuas Eyebrow pipih | Kuas alis mata | bulu pipih hitam makeup ultra thin Brush makeup bulu sintetis,aksesoris,2025-05-17
39384036499,barang saya tidak lengkap dan saya tidak bisa pengajuan pengembalian dana 🤨,1,[Omorfo] Accessories Kuas Eyebrow pipih | Kuas alis mata | bulu pipih hitam makeup ultra thin Brush makeup bulu sintetis,aksesoris,2025-04-26
33552799588,"Pesan kuas buat alis, yg datang malah kuas masker",1,[Omorfo] Accessories Kuas Eyebrow pipih | Kuas alis mata | bulu pipih hitam makeup ultra thin Brush makeup bulu sintetis,aksesoris,2025-03-23
14297990511,"rusak, lebih teliti lagi lain kali",1,[Omorfo] Accessories Kuas Eyebrow pipih | Kuas alis mata | bulu pipih hitam makeup ultra thin Brush makeup bulu sintetis,aksesoris,2024-02-24
70223997493,"Tidak sesuai, yang di kirim kosong tidak ada bedaknya",1,[Omorfo] Accessories Kuas Eyebrow pipih | Kuas alis mata | bulu pipih hitam makeup ultra thin Brush makeup bulu sintetis,aksesoris,2025-08-27
17486948337,Kecewa banget pesannya 2 yg datang cuma 1,1,[Omorfo] Accessories Kuas Eyebrow pipih | Kuas alis mata | bulu pipih hitam makeup ultra thin Brush makeup bulu sintetis,aksesoris,2024-10-26
28614345571,"Lain yg d pesan lain yg dtng !! Pesan yg pomade bkn yg pensil !!!! 
Toko model apa ini !!!",1,[Omorfo] Accessories Kuas Eyebrow pipih | Kuas alis mata | bulu pipih hitam makeup ultra thin Brush makeup bulu sintetis,aksesoris,2025-01-16
21341629294,Yg dtg malah gak ada bulunya 1,2,[Omorfo] Accessories Kuas Eyebrow pipih | Kuas alis mata | bulu pipih hitam makeup ultra thin Brush makeup bulu sintetis,aksesoris,2024-12-09
15119558718,Produk tidak di krimkan smoga di krimkan kembali 🙏🏻,2,[Omorfo] Accessories Kuas Eyebrow pipih | Kuas alis mata | bulu pipih hitam makeup ultra thin Brush makeup bulu sintetis,aksesoris,2024-05-08
23261574452,Tekstur:yang satunya di kirim ndd kuas nya,2,[Omorfo] Accessories Kuas Eyebrow pipih | Kuas alis mata | bulu pipih hitam makeup ultra thin Brush makeup bulu sintetis,aksesoris,2024-12-17
35019276388,Pesan suncreen implora dtngnya hansui,2,[Omorfo] Accessories Kuas Eyebrow pipih | Kuas alis mata | bulu pipih hitam makeup ultra thin Brush makeup bulu sintetis,aksesoris,2025-03-30
45697982822,Biasa aja,2,[Omorfo] Accessories Kuas Eyebrow pipih | Kuas alis mata | bulu pipih hitam makeup ultra thin Brush makeup bulu sintetis,aksesoris,2025-06-01
17589120921,"Gatau ya, pengirimannya ngaret banget. Yang aku nilai tokonya loh yaa, bukan barangnya. Barangnya oke kok.",3,[Omorfo] Accessories Kuas Eyebrow pipih | Kuas alis mata | bulu pipih hitam makeup ultra thin Brush makeup bulu sintetis,aksesoris,2024-10-29
29460608321,"Tdk sesuai pesanan , pesan yg kecil datang yg besar",3,[Omorfo] Accessories Kuas Eyebrow pipih | Kuas alis mata | bulu pipih hitam makeup ultra thin Brush makeup bulu sintetis,aksesoris,2025-01-27
76430068996,tidak sesuai barnag spt yg dikirim ke saya sebelumnya lebih besar ini lebih keciltapi baik,3,[Omorfo] Accessories Kuas Eyebrow pipih | Kuas alis mata | bulu pipih hitam makeup ultra thin Brush makeup bulu sintetis,aksesoris,2025-10-14
72555501178,Pesannya kuas tipi besar tp yg dikirim kuas tipis kecil. Lain kali d perhatikan barangnya sblum d kirim.,3,[Omorfo] Accessories Kuas Eyebrow pipih | Kuas alis mata | bulu pipih hitam makeup ultra thin Brush makeup bulu sintetis,aksesoris,2025-09-10
37632020047,Kegunaan:terlalu besar kuasnya seharusnya pilih yg kecil saja,3,[Omorfo] Accessories Kuas Eyebrow pipih | Kuas alis mata | bulu pipih hitam makeup ultra thin Brush makeup bulu sintetis,aksesoris,2025-04-16
16084932658,"Cuman kasih bintang 3 soalnya kuas nya tdk dikirim, mgkin owner nya kelupaan",3,[Omorfo] Accessories Kuas Eyebrow pipih | Kuas alis mata | bulu pipih hitam makeup ultra thin Brush makeup bulu sintetis,aksesoris,2024-08-06
16372750581,Baik,3,[Omorfo] Accessories Kuas Eyebrow pipih | Kuas alis mata | bulu pipih hitam makeup ultra thin Brush makeup bulu sintetis,aksesoris,2024-09-01
43359315370,Barang sesuai hrga bulu kuas.y ngga rata,3,[Omorfo] Accessories Kuas Eyebrow pipih | Kuas alis mata | bulu pipih hitam makeup ultra thin Brush makeup bulu sintetis,aksesoris,2025-05-21
15753367013,Good sesuai harga,3,[Omorfo] Accessories Kuas Eyebrow pipih | Kuas alis mata | bulu pipih hitam makeup ultra thin Brush makeup bulu sintetis,aksesoris,2024-07-07
69860056544,"kuas yang besarnya, bulunya keluar² jadinya tipis",3,[Omorfo] Accessories Kuas Eyebrow pipih | Kuas alis mata | bulu pipih hitam makeup ultra thin Brush makeup bulu sintetis,aksesoris,2025-08-25
15479983592,"Kegunaan:-
Tekstur:-
Kualitas:-

Di etalase tersedia pas cek out besokx ktax habis",3,[Omorfo] Accessories Kuas Eyebrow pipih | Kuas alis mata | bulu pipih hitam makeup ultra thin Brush makeup bulu sintetis,aksesoris,2024-06-11
15475570413,Barang yg ini tdk ada tapi di kembalikan dengan uangnya,3,[Omorfo] Accessories Kuas Eyebrow pipih | Kuas alis mata | bulu pipih hitam makeup ultra thin Brush makeup bulu sintetis,aksesoris,2024-06-11
15993413190,"Pesanannya sudah sampai, pilih lip cream hanasui yang nomor 04 , sama yang seri bobba nomor 01.semoga bagus dan cocok dibibir.pengiriman lumayan.ngga terlalu cepat juga.karna tokonya ada du makassar,makasih",4,[Omorfo] Accessories Kuas Eyebrow pipih | Kuas alis mata | bulu pipih hitam makeup ultra thin Brush makeup bulu sintetis,aksesoris,2024-07-29
44347477302,"Tekstur:keras dan lentur
Kegunaan:membentuk alis

Kuas tipis mempermudah membentuk alis",4,[Omorfo] Accessories Kuas Eyebrow pipih | Kuas alis mata | bulu pipih hitam makeup ultra thin Brush makeup bulu sintetis,aksesoris,2025-05-26
16289955153,"Produk original, sesuai pesanan.. pengiriman cepat dan amanah",4,[Omorfo] Accessories Kuas Eyebrow pipih | Kuas alis mata | bulu pipih hitam makeup ultra thin Brush makeup bulu sintetis,aksesoris,2024-08-24
20271032593,Pensil alisnya bagus saat di gunakannnya dan lebih cepat terbantuk aliss,4,[Omorfo] Accessories Kuas Eyebrow pipih | Kuas alis mata | bulu pipih hitam makeup ultra thin Brush makeup bulu sintetis,aksesoris,2024-12-04
17180369566,"Tekstur:lembut
Kegunaan:untuk alis

Kuas alisnya tidak bisa d tau Antra yg kecil untuk kuas eyliner atau alis",4,[Omorfo] Accessories Kuas Eyebrow pipih | Kuas alis mata | bulu pipih hitam makeup ultra thin Brush makeup bulu sintetis,aksesoris,2024-10-15
31089046058,"Kegunaan:buat eye liner

Bagus kok ini tapi sepertinya saya salah pesan😭 harusnya buat alis yang besar",4,[Omorfo] Accessories Kuas Eyebrow pipih | Kuas alis mata | bulu pipih hitam makeup ultra thin Brush makeup bulu sintetis,aksesoris,2025-02-16
18032299660,"Tekstur:bagus
Kegunaan:luamayan
Keaslian:lumayan

pesannya kus besar 4 kuas kecil 3 tpi yg dtang besar smua cman 1 yg kecil gimana sih",4,[Omorfo] Accessories Kuas Eyebrow pipih | Kuas alis mata | bulu pipih hitam makeup ultra thin Brush makeup bulu sintetis,aksesoris,2024-11-08
29322628193,saya pesan 3 yg kuas tipis kecil tpi di ksi kuas yg besar 1,4,[Omorfo] Accessories Kuas Eyebrow pipih | Kuas alis mata | bulu pipih hitam makeup ultra thin Brush makeup bulu sintetis,aksesoris,2025-01-26
29235489687,"Produk sesuai deskripsi, sangat mudah digunakan untuk membuat alis",4,[Omorfo] Accessories Kuas Eyebrow pipih | Kuas alis mata | bulu pipih hitam makeup ultra thin Brush makeup bulu sintetis,aksesoris,2025-01-21
15821222420,Oke tapi terlalu tipis,4,[Omorfo] Accessories Kuas Eyebrow pipih | Kuas alis mata | bulu pipih hitam makeup ultra thin Brush makeup bulu sintetis,aksesoris,2024-07-12
10721679720,"Kuasnya lembut dan padat kak., semoga dengan kuas ini bisa membantu saya bikin alis yang cantik. 🤣🤣..",4,[Omorfo] Accessories Kuas Eyebrow pipih | Kuas alis mata | bulu pipih hitam makeup ultra thin Brush makeup bulu sintetis,aksesoris,2023-02-07
18386595780,Untuk ukuran dalam kota termasuk lama pengirimannya sampai 3 hari  🙏🏻,4,[Omorfo] Accessories Kuas Eyebrow pipih | Kuas alis mata | bulu pipih hitam makeup ultra thin Brush makeup bulu sintetis,aksesoris,2024-11-14
16514336925,"Tekstur:lembut
Kegunaan:wajah
Keaslian:good

Pengiriman cepat 😍",4,[Omorfo] Accessories Kuas Eyebrow pipih | Kuas alis mata | bulu pipih hitam makeup ultra thin Brush makeup bulu sintetis,aksesoris,2024-09-10
16990358925,"Tekstur:kuasnya bagus
Kegunaan:buat ngalis
Keaslian:sesuai gambar sih cuman kebesaran sedikit buat ngalis

Bagus gampang ngalisnya",4,[Omorfo] Accessories Kuas Eyebrow pipih | Kuas alis mata | bulu pipih hitam makeup ultra thin Brush makeup bulu sintetis,aksesoris,2024-10-07
16717815212,"Tekstur:bagus
Kegunaan:membentuk alis
Keaslian:otentik",4,[Omorfo] Accessories Kuas Eyebrow pipih | Kuas alis mata | bulu pipih hitam makeup ultra thin Brush makeup bulu sintetis,aksesoris,2024-09-25
23924106807,"Kegunaan:bagus sih, tpi bulunya gk kluar tpi udk aku prbaiki",4,[Omorfo] Accessories Kuas Eyebrow pipih | Kuas alis mata | bulu pipih hitam makeup ultra thin Brush makeup bulu sintetis,aksesoris,2024-12-19
15945557470,Produk sesuai dengan gambar. Produk original. Sesuai lah yah,4,[Omorfo] Accessories Kuas Eyebrow pipih | Kuas alis mata | bulu pipih hitam makeup ultra thin Brush makeup bulu sintetis,aksesoris,2024-07-24
25840811807,"Tekstur:bagus
Kegunaan:bagus
Keaslian:bagus",4,[Omorfo] Accessories Kuas Eyebrow pipih | Kuas alis mata | bulu pipih hitam makeup ultra thin Brush makeup bulu sintetis,aksesoris,2025-01-04
31000172292,"Tekstur:Tidak Sesuai Dengan Harapan
Kegunaan:Untuk Alis
Keaslian:Kecil Sekali",4,[Omorfo] Accessories Kuas Eyebrow pipih | Kuas alis mata | bulu pipih hitam makeup ultra thin Brush makeup bulu sintetis,aksesoris,2025-02-15
33171621962,Kegunaan:bagus,4,[Omorfo] Accessories Kuas Eyebrow pipih | Kuas alis mata | bulu pipih hitam makeup ultra thin Brush makeup bulu sintetis,aksesoris,2025-03-18
16352964715,Tekstur:baru pertama coba,4,[Omorfo] Accessories Kuas Eyebrow pipih | Kuas alis mata | bulu pipih hitam makeup ultra thin Brush makeup bulu sintetis,aksesoris,2024-08-30
17585374241,Tekstur:bagus,4,[Omorfo] Accessories Kuas Eyebrow pipih | Kuas alis mata | bulu pipih hitam makeup ultra thin Brush makeup bulu sintetis,aksesoris,2024-10-29
72192834959,Tekstur:halus,4,[Omorfo] Accessories Kuas Eyebrow pipih | Kuas alis mata | bulu pipih hitam makeup ultra thin Brush makeup bulu sintetis,aksesoris,2025-09-08
72066631593,"Tekstur:sangat lembut
Kegunaan:alis/eye brow
Keaslian:sesuai deskripsi",4,[Omorfo] Accessories Kuas Eyebrow pipih | Kuas alis mata | bulu pipih hitam makeup ultra thin Brush makeup bulu sintetis,aksesoris,2025-09-07
43205675178,"Tekstur:bagus
Kegunaan:untuk membentuk alis
Keaslian:asli

Smua produk yg di krim ssuai pesanan.. Trimah ksih. Next order lgi",4,[Omorfo] Accessories Kuas Eyebrow pipih | Kuas alis mata | bulu pipih hitam makeup ultra thin Brush makeup bulu sintetis,aksesoris,2025-05-19
22493375783,"Kurang bagus Krn bulunya dari bahan sintetis, browcara ya susah melengket di kuaszx.",4,[Omorfo] Accessories Kuas Eyebrow pipih | Kuas alis mata | bulu pipih hitam makeup ultra thin Brush makeup bulu sintetis,aksesoris,2024-12-14
25149594190,"Tekstur:bulu yang lembut
Kegunaan:untuk buat alis
Keaslian:baik

Bagus",4,[Omorfo] Accessories Kuas Eyebrow pipih | Kuas alis mata | bulu pipih hitam makeup ultra thin Brush makeup bulu sintetis,aksesoris,2024-12-24
16723982298,"Tekstur:nyaman
Kegunaan:sangat gampang ketika pakai alis
Keaslian:bagus

Produk yang sngat gmpang di aplikasikan di alis . . . . . . . . . .",4,[Omorfo] Accessories Kuas Eyebrow pipih | Kuas alis mata | bulu pipih hitam makeup ultra thin Brush makeup bulu sintetis,aksesoris,2024-09-26
15496201320,yang dipesan lain yang dtg juga lain!mana dtgnya lewat dri tgl estimasi smpainya,4,[Omorfo] Accessories Kuas Eyebrow pipih | Kuas alis mata | bulu pipih hitam makeup ultra thin Brush makeup bulu sintetis,aksesoris,2024-06-12
23807489790,"Tekstur:tekstur yg nyaman
Cocok untuk:untuk kulit sensitif
Warna:nude dan elegan

Paketku sdh sampai suka sekali",1,[Omorfo] OMG OH MY GLAM Lip Series | OMG OH MY GLAM Matte Kiss Lip Cream | Oh My Glam Gloss Lip Finish Vinyl 2.7gr OMG Lip Gloss Lipgloss | Lip Tint | Glassy | OMG Lipcream | OMG Lip tint | OMG Glassy liptint,lip,2024-12-19
15726333091,"Pesanan nya kurang satu yee, di chat tpi tidak respon-respon, jadi nilai di sini saja tidak bertanggung jawab sekali, tau gitu kemarin paketnya ngk saya ambil , mana kurirnya antar sudah gelap stengah jalan lagi😏 bikin mood hilang aja",1,[Omorfo] OMG OH MY GLAM Lip Series | OMG OH MY GLAM Matte Kiss Lip Cream | Oh My Glam Gloss Lip Finish Vinyl 2.7gr OMG Lip Gloss Lipgloss | Lip Tint | Glassy | OMG Lipcream | OMG Lip tint | OMG Glassy liptint,lip,2024-07-05
11400432606,"Kemasan:Baik

Tidak sesuai, yg sya pesan latte dan expresso yg sampai latte dan scarlet
Tpi masih aman",1,[Omorfo] OMG OH MY GLAM Lip Series | OMG OH MY GLAM Matte Kiss Lip Cream | Oh My Glam Gloss Lip Finish Vinyl 2.7gr OMG Lip Gloss Lipgloss | Lip Tint | Glassy | OMG Lipcream | OMG Lip tint | OMG Glassy liptint,lip,2023-05-03
16091851855,Kurang puas sama pengiriman nya aku pesan no 12 sama 27 ini yg dtang no 17,1,[Omorfo] OMG OH MY GLAM Lip Series | OMG OH MY GLAM Matte Kiss Lip Cream | Oh My Glam Gloss Lip Finish Vinyl 2.7gr OMG Lip Gloss Lipgloss | Lip Tint | Glassy | OMG Lipcream | OMG Lip tint | OMG Glassy liptint,lip,2024-08-07
8422491007,"Saya😱 pesan OMG kenapa yg dikirim IMPLORA😡
Tolong lebih teliti",1,[Omorfo] OMG OH MY GLAM Lip Series | OMG OH MY GLAM Matte Kiss Lip Cream | Oh My Glam Gloss Lip Finish Vinyl 2.7gr OMG Lip Gloss Lipgloss | Lip Tint | Glassy | OMG Lipcream | OMG Lip tint | OMG Glassy liptint,lip,2022-05-20
13681099685,"Salah kirim side, saya pesan nmor 12 tpi yg dkirim nmor 14",1,[Omorfo] OMG OH MY GLAM Lip Series | OMG OH MY GLAM Matte Kiss Lip Cream | Oh My Glam Gloss Lip Finish Vinyl 2.7gr OMG Lip Gloss Lipgloss | Lip Tint | Glassy | OMG Lipcream | OMG Lip tint | OMG Glassy liptint,lip,2023-12-26
31690821066,pesannya no 13 malah dikirim yang 14 haddehhh mana pesanan orang lagii,1,[Omorfo] OMG OH MY GLAM Lip Series | OMG OH MY GLAM Matte Kiss Lip Cream | Oh My Glam Gloss Lip Finish Vinyl 2.7gr OMG Lip Gloss Lipgloss | Lip Tint | Glassy | OMG Lipcream | OMG Lip tint | OMG Glassy liptint,lip,2025-02-27
22065047248,"Maaf saya kasi bintang 1,tokonya tdak amanah
Saya pesan 3 macam barang tapi dikirim cuma 2 macam barang trus cuma di kasi kertas itu,ku chat di penjualnya buat konfirmasi saya malah di blok🤦😭😭👎👎
Seenggaknya itu ada konfirmasi klau barangnya kosong,itu barangnya mau di ganti kah atau uang nya di kembalikan",1,[Omorfo] OMG OH MY GLAM Lip Series | OMG OH MY GLAM Matte Kiss Lip Cream | Oh My Glam Gloss Lip Finish Vinyl 2.7gr OMG Lip Gloss Lipgloss | Lip Tint | Glassy | OMG Lipcream | OMG Lip tint | OMG Glassy liptint,lip,2024-12-11
15823203516,"2x pesan sllu salah2 pesanan ku
Nda teliti kirim barang",1,[Omorfo] OMG OH MY GLAM Lip Series | OMG OH MY GLAM Matte Kiss Lip Cream | Oh My Glam Gloss Lip Finish Vinyl 2.7gr OMG Lip Gloss Lipgloss | Lip Tint | Glassy | OMG Lipcream | OMG Lip tint | OMG Glassy liptint,lip,2024-07-13
31766449856,UANG SAYA TIDAK DIKEMBALIKAN SEPESER PUN PADAHAL SUDAH DIARAHKAN AKAN DIKIRIMKAN DIDALAM PAKET TAPI TIDAK ADA SAYA SUDAH CHAT ADMIN TAPI BALASANNYA SEAKAN TIDAK MAU MENGEMBALIKAN,1,[Omorfo] OMG OH MY GLAM Lip Series | OMG OH MY GLAM Matte Kiss Lip Cream | Oh My Glam Gloss Lip Finish Vinyl 2.7gr OMG Lip Gloss Lipgloss | Lip Tint | Glassy | OMG Lipcream | OMG Lip tint | OMG Glassy liptint,lip,2025-02-28
16128374747,"saya pesan 2 item lipcream omg dan skintint you tapi yg dtg cuma lipcream ini, skintintnya ga ada wkwk dua kali kecewa pesan disini kapokkk beli disini",1,[Omorfo] OMG OH MY GLAM Lip Series | OMG OH MY GLAM Matte Kiss Lip Cream | Oh My Glam Gloss Lip Finish Vinyl 2.7gr OMG Lip Gloss Lipgloss | Lip Tint | Glassy | OMG Lipcream | OMG Lip tint | OMG Glassy liptint,lip,2024-08-10
12214495150,"Ini gimana sih yg sa pesan 3 barang yg dtng 2 ji, BARU CHT KU TDK DI BALAS2 ,",1,[Omorfo] OMG OH MY GLAM Lip Series | OMG OH MY GLAM Matte Kiss Lip Cream | Oh My Glam Gloss Lip Finish Vinyl 2.7gr OMG Lip Gloss Lipgloss | Lip Tint | Glassy | OMG Lipcream | OMG Lip tint | OMG Glassy liptint,lip,2023-08-08
48384444367,"csnya slow respon banget, barangnya kurang, katanya mau kembalikan dana tapi sudah seminggu diberi slalu diberi alasan yang tidak jelas. padahal udah langganan tapi kok begini ya?",1,[Omorfo] OMG OH MY GLAM Lip Series | OMG OH MY GLAM Matte Kiss Lip Cream | Oh My Glam Gloss Lip Finish Vinyl 2.7gr OMG Lip Gloss Lipgloss | Lip Tint | Glassy | OMG Lipcream | OMG Lip tint | OMG Glassy liptint,lip,2025-06-13
30561383777,Sumpahhh ini katanya dibantu tapi pas di chat ga ada tuh membantu samsek sampai pesanan diterima sendiri. Barangnya ada yg kurang katanya jangan dlu klik pesan diterima tapi minta bantu pengembaliannya aja pelayanan lama. Pesanan sudah diterima sendiri baru dibalas. P MAKSUD?! SEBEL WALAUPUN NGGAK SEBERAPA TAPI INI GA AMANAH.,1,[Omorfo] OMG OH MY GLAM Lip Series | OMG OH MY GLAM Matte Kiss Lip Cream | Oh My Glam Gloss Lip Finish Vinyl 2.7gr OMG Lip Gloss Lipgloss | Lip Tint | Glassy | OMG Lipcream | OMG Lip tint | OMG Glassy liptint,lip,2025-02-09
29859142856,"Tekstur:buruk
Warna:buruk

penjual ga amanah! barang habis bilangnya mahurefund uangnya tapi sampai sekarang ga ada balasan dan tanggung jawab!! tiati guys",1,[Omorfo] OMG OH MY GLAM Lip Series | OMG OH MY GLAM Matte Kiss Lip Cream | Oh My Glam Gloss Lip Finish Vinyl 2.7gr OMG Lip Gloss Lipgloss | Lip Tint | Glassy | OMG Lipcream | OMG Lip tint | OMG Glassy liptint,lip,2025-02-01
30268745794,"Tekstur:lembut
Warna:01",1,[Omorfo] OMG OH MY GLAM Lip Series | OMG OH MY GLAM Matte Kiss Lip Cream | Oh My Glam Gloss Lip Finish Vinyl 2.7gr OMG Lip Gloss Lipgloss | Lip Tint | Glassy | OMG Lipcream | OMG Lip tint | OMG Glassy liptint,lip,2025-02-06
32520572830,"Tekstur:-
Cocok untuk:-
Warna:-

Saya kasih bintang dua karna mascara sy ga ada
Padahal pesan",1,[Omorfo] OMG OH MY GLAM Lip Series | OMG OH MY GLAM Matte Kiss Lip Cream | Oh My Glam Gloss Lip Finish Vinyl 2.7gr OMG Lip Gloss Lipgloss | Lip Tint | Glassy | OMG Lipcream | OMG Lip tint | OMG Glassy liptint,lip,2025-03-09
36041463072,"Tidak amanah, udah minta batalin karna mau pesan yg lain, mala ditolak",1,[Omorfo] OMG OH MY GLAM Lip Series | OMG OH MY GLAM Matte Kiss Lip Cream | Oh My Glam Gloss Lip Finish Vinyl 2.7gr OMG Lip Gloss Lipgloss | Lip Tint | Glassy | OMG Lipcream | OMG Lip tint | OMG Glassy liptint,lip,2025-04-07
30567198920,"Warna:nude yang elegan

Sesuai pesanan",1,[Omorfo] OMG OH MY GLAM Lip Series | OMG OH MY GLAM Matte Kiss Lip Cream | Oh My Glam Gloss Lip Finish Vinyl 2.7gr OMG Lip Gloss Lipgloss | Lip Tint | Glassy | OMG Lipcream | OMG Lip tint | OMG Glassy liptint,lip,2025-02-09
59415570321,Tidak ada sampai. Heran pas liat mau di ulas krn sampai skrng baru sadar tdk pernah pake/ liat ini lipstik. Kirain mmnng nda pesan,1,[Omorfo] OMG OH MY GLAM Lip Series | OMG OH MY GLAM Matte Kiss Lip Cream | Oh My Glam Gloss Lip Finish Vinyl 2.7gr OMG Lip Gloss Lipgloss | Lip Tint | Glassy | OMG Lipcream | OMG Lip tint | OMG Glassy liptint,lip,2025-07-12
13699710572,Cocok Untuk:tdk bagus 8 d pesan 5 SJ dtng,1,[Omorfo] OMG OH MY GLAM Lip Series | OMG OH MY GLAM Matte Kiss Lip Cream | Oh My Glam Gloss Lip Finish Vinyl 2.7gr OMG Lip Gloss Lipgloss | Lip Tint | Glassy | OMG Lipcream | OMG Lip tint | OMG Glassy liptint,lip,2023-12-28
32267399188,wkwkw demiallah ga dikirim semuaa,1,[Omorfo] OMG OH MY GLAM Lip Series | OMG OH MY GLAM Matte Kiss Lip Cream | Oh My Glam Gloss Lip Finish Vinyl 2.7gr OMG Lip Gloss Lipgloss | Lip Tint | Glassy | OMG Lipcream | OMG Lip tint | OMG Glassy liptint,lip,2025-03-06
10261828227,Bgusss sih lipstik nya😻,1,[Omorfo] OMG OH MY GLAM Lip Series | OMG OH MY GLAM Matte Kiss Lip Cream | Oh My Glam Gloss Lip Finish Vinyl 2.7gr OMG Lip Gloss Lipgloss | Lip Tint | Glassy | OMG Lipcream | OMG Lip tint | OMG Glassy liptint,lip,2022-12-09
17047777117,Nggk amanah barangx kurang satu.,1,[Omorfo] OMG OH MY GLAM Lip Series | OMG OH MY GLAM Matte Kiss Lip Cream | Oh My Glam Gloss Lip Finish Vinyl 2.7gr OMG Lip Gloss Lipgloss | Lip Tint | Glassy | OMG Lipcream | OMG Lip tint | OMG Glassy liptint,lip,2024-10-10
19852354278,"Co lipstik, tapi lipstiknya ngak dikirim",1,[Omorfo] OMG OH MY GLAM Lip Series | OMG OH MY GLAM Matte Kiss Lip Cream | Oh My Glam Gloss Lip Finish Vinyl 2.7gr OMG Lip Gloss Lipgloss | Lip Tint | Glassy | OMG Lipcream | OMG Lip tint | OMG Glassy liptint,lip,2024-11-28
16050380971,Cocok untuk:listifnya TDK sesuai,1,[Omorfo] OMG OH MY GLAM Lip Series | OMG OH MY GLAM Matte Kiss Lip Cream | Oh My Glam Gloss Lip Finish Vinyl 2.7gr OMG Lip Gloss Lipgloss | Lip Tint | Glassy | OMG Lipcream | OMG Lip tint | OMG Glassy liptint,lip,2024-08-03
6825765101,Ketahanan:warna tidak sesuai pesanan,1,[Omorfo] OMG OH MY GLAM Lip Series | OMG OH MY GLAM Matte Kiss Lip Cream | Oh My Glam Gloss Lip Finish Vinyl 2.7gr OMG Lip Gloss Lipgloss | Lip Tint | Glassy | OMG Lipcream | OMG Lip tint | OMG Glassy liptint,lip,2021-12-07
9577717505,Barang tidak dikirimkan,1,[Omorfo] OMG OH MY GLAM Lip Series | OMG OH MY GLAM Matte Kiss Lip Cream | Oh My Glam Gloss Lip Finish Vinyl 2.7gr OMG Lip Gloss Lipgloss | Lip Tint | Glassy | OMG Lipcream | OMG Lip tint | OMG Glassy liptint,lip,2022-09-16
52227695372,Pelayanan buruk,1,[Omorfo] OMG OH MY GLAM Lip Series | OMG OH MY GLAM Matte Kiss Lip Cream | Oh My Glam Gloss Lip Finish Vinyl 2.7gr OMG Lip Gloss Lipgloss | Lip Tint | Glassy | OMG Lipcream | OMG Lip tint | OMG Glassy liptint,lip,2025-06-20
57221195448,"AKU GA TERIMA, ADA 3 ITEM YANG KUPESAN DI TOKO INI. KATANYA KOSONG. udah komfir buat di refund aja, seller bilang Prosesnya min 1-7 hari kerja. Tapi dari 11 JUNI hingga detik ini 6 JULI, udah keleeeeeewat banget ga di refund. Nominalnya memang ga seberapa, tp bagiku itu berarti banget selaku orang yg banting tulang buat dapat duit. Makin kesini pelayanan makin kurang. MAKSUD AKU KALO EMANG KOSONG TOLONG LAH DI CROSSCHECK LAGI SISTEMNYAAA! Omorfo sering banget nih kayak gini-_ emang ga ada Q&C? Maaf yah aku ga niat marah2, aku hampir ga pernah ngomel2 atau kasih rating buruk, tp masalahnya aku jg ga cukup sabar di php in. Andai ga dijanjiin max 7 hari kerja ga bakal kayak gini.

kecewa bgt.",1,[Omorfo] OMG OH MY GLAM Lip Series | OMG OH MY GLAM Matte Kiss Lip Cream | Oh My Glam Gloss Lip Finish Vinyl 2.7gr OMG Lip Gloss Lipgloss | Lip Tint | Glassy | OMG Lipcream | OMG Lip tint | OMG Glassy liptint,lip,2025-07-06
37150234817,nyesel banget beli di sini saya pesan 3 lip cream yg nyampe cuma 2🤬🤬🙄,1,[Omorfo] OMG OH MY GLAM Lip Series | OMG OH MY GLAM Matte Kiss Lip Cream | Oh My Glam Gloss Lip Finish Vinyl 2.7gr OMG Lip Gloss Lipgloss | Lip Tint | Glassy | OMG Lipcream | OMG Lip tint | OMG Glassy liptint,lip,2025-04-14
11755606046,"Tekstur:jelek
Performa:jelek
Cocok Untuk:nggak bagus

udah lama nungguin eh tau taunya habis kesel banget",1,[Omorfo] OMG OH MY GLAM Lip Series | OMG OH MY GLAM Matte Kiss Lip Cream | Oh My Glam Gloss Lip Finish Vinyl 2.7gr OMG Lip Gloss Lipgloss | Lip Tint | Glassy | OMG Lipcream | OMG Lip tint | OMG Glassy liptint,lip,2023-06-15
31998009110,Saya beli latte malah dikirim cappucino toko tidak amanah👎👎,1,[Omorfo] OMG OH MY GLAM Lip Series | OMG OH MY GLAM Matte Kiss Lip Cream | Oh My Glam Gloss Lip Finish Vinyl 2.7gr OMG Lip Gloss Lipgloss | Lip Tint | Glassy | OMG Lipcream | OMG Lip tint | OMG Glassy liptint,lip,2025-03-03
48966275244,saya pesan 4 item tpi yg datang cuman 1,1,[Omorfo] OMG OH MY GLAM Lip Series | OMG OH MY GLAM Matte Kiss Lip Cream | Oh My Glam Gloss Lip Finish Vinyl 2.7gr OMG Lip Gloss Lipgloss | Lip Tint | Glassy | OMG Lipcream | OMG Lip tint | OMG Glassy liptint,lip,2025-06-15
33040892877,"beli lip gloss di kirim lip matte, kurang teliti",1,[Omorfo] OMG OH MY GLAM Lip Series | OMG OH MY GLAM Matte Kiss Lip Cream | Oh My Glam Gloss Lip Finish Vinyl 2.7gr OMG Lip Gloss Lipgloss | Lip Tint | Glassy | OMG Lipcream | OMG Lip tint | OMG Glassy liptint,lip,2025-03-17
22911502308,"Tekstur:ok
Cocok untuk:ok
Warna:ok

Order jam 11 siang pilih jasa kiriman yng instan rela bayar 20rb biar barang cepat smpai tpi dikirim stgh 5 sore kantor tutup jam 2, dan saya tinggal di maros uuuhjjfff",2,[Omorfo] OMG OH MY GLAM Lip Series | OMG OH MY GLAM Matte Kiss Lip Cream | Oh My Glam Gloss Lip Finish Vinyl 2.7gr OMG Lip Gloss Lipgloss | Lip Tint | Glassy | OMG Lipcream | OMG Lip tint | OMG Glassy liptint,lip,2024-12-16
16574502457,Pesan lip omg 2 dan liptin 1 tapi liptinx gak ada 🤦🏻‍♀️,2,[Omorfo] OMG OH MY GLAM Lip Series | OMG OH MY GLAM Matte Kiss Lip Cream | Oh My Glam Gloss Lip Finish Vinyl 2.7gr OMG Lip Gloss Lipgloss | Lip Tint | Glassy | OMG Lipcream | OMG Lip tint | OMG Glassy liptint,lip,2024-09-14
16438353816,"Warna:tidak sesuai dengan yang dipesan

yang dipesan shade 22&13 yg dikirim 13&25😭 padahal excited bgt mau cpba shade 22💔",2,[Omorfo] OMG OH MY GLAM Lip Series | OMG OH MY GLAM Matte Kiss Lip Cream | Oh My Glam Gloss Lip Finish Vinyl 2.7gr OMG Lip Gloss Lipgloss | Lip Tint | Glassy | OMG Lipcream | OMG Lip tint | OMG Glassy liptint,lip,2024-09-05
7608803990,"Warna:Dua warna Sama ,10 shell,

Pesanan sudah diterima,  tapi sayang😠 kita pesan 2 dikirim, malah dikirim 1,😡 ,, tokoh ini tidak amanah",2,[Omorfo] OMG OH MY GLAM Lip Series | OMG OH MY GLAM Matte Kiss Lip Cream | Oh My Glam Gloss Lip Finish Vinyl 2.7gr OMG Lip Gloss Lipgloss | Lip Tint | Glassy | OMG Lipcream | OMG Lip tint | OMG Glassy liptint,lip,2022-02-27
12219296753,Barangnya bagus tpi sya pesan dua tpi yg dtng cuman satu trus udah bayar dua barang,2,[Omorfo] OMG OH MY GLAM Lip Series | OMG OH MY GLAM Matte Kiss Lip Cream | Oh My Glam Gloss Lip Finish Vinyl 2.7gr OMG Lip Gloss Lipgloss | Lip Tint | Glassy | OMG Lipcream | OMG Lip tint | OMG Glassy liptint,lip,2023-08-09
7186368156,Warna:lipstik bagus tp jasa pengiramnx tdk bgs tdk mau antr kerumah terima kasih,2,[Omorfo] OMG OH MY GLAM Lip Series | OMG OH MY GLAM Matte Kiss Lip Cream | Oh My Glam Gloss Lip Finish Vinyl 2.7gr OMG Lip Gloss Lipgloss | Lip Tint | Glassy | OMG Lipcream | OMG Lip tint | OMG Glassy liptint,lip,2022-01-11
30474416874,"Setiap CO di tokoh ini selalu ada barang saya yg kurang sangat mengecewakan sekali, ok 1 dan 2 tdk jadi masalah ini yg ke tiga kalinya kalau memang tidak ready tdk usah di kirim tokohnya tdk profesional",2,[Omorfo] OMG OH MY GLAM Lip Series | OMG OH MY GLAM Matte Kiss Lip Cream | Oh My Glam Gloss Lip Finish Vinyl 2.7gr OMG Lip Gloss Lipgloss | Lip Tint | Glassy | OMG Lipcream | OMG Lip tint | OMG Glassy liptint,lip,2025-02-08
15799459390,"dikirimnya lama sekali pdahal instan, pesan di jam 11 pagi dikirim nya besok sore(h+1) menjelang magrib. adminnya jg slowrespon bgt, di ingatin buat kirim pesan via live malah di block dan larang kamu utk komen2😀",2,[Omorfo] OMG OH MY GLAM Lip Series | OMG OH MY GLAM Matte Kiss Lip Cream | Oh My Glam Gloss Lip Finish Vinyl 2.7gr OMG Lip Gloss Lipgloss | Lip Tint | Glassy | OMG Lipcream | OMG Lip tint | OMG Glassy liptint,lip,2024-07-11
10974701860,"Pesannya dua yg dikirim hanya satu, komplen di chat tdk direspond",2,[Omorfo] OMG OH MY GLAM Lip Series | OMG OH MY GLAM Matte Kiss Lip Cream | Oh My Glam Gloss Lip Finish Vinyl 2.7gr OMG Lip Gloss Lipgloss | Lip Tint | Glassy | OMG Lipcream | OMG Lip tint | OMG Glassy liptint,lip,2023-03-11
25479504802,Maaf ya . Kok gak adaa yaa cetakan alis nyaa terkirim. Cuma lipstik dan eyebrow powder nyaa,2,[Omorfo] OMG OH MY GLAM Lip Series | OMG OH MY GLAM Matte Kiss Lip Cream | Oh My Glam Gloss Lip Finish Vinyl 2.7gr OMG Lip Gloss Lipgloss | Lip Tint | Glassy | OMG Lipcream | OMG Lip tint | OMG Glassy liptint,lip,2024-12-29
43346131172,Produk tidak sesuai pesanan atau produk tidak lengkap dan tidak mengembalikan dana😑,2,[Omorfo] OMG OH MY GLAM Lip Series | OMG OH MY GLAM Matte Kiss Lip Cream | Oh My Glam Gloss Lip Finish Vinyl 2.7gr OMG Lip Gloss Lipgloss | Lip Tint | Glassy | OMG Lipcream | OMG Lip tint | OMG Glassy liptint,lip,2025-05-20
78892409344,"Soal.produk bagus.. harga sama dengan toko lain, yg buat kecewa krn instant tapi datangnya besok krn area makassar, klu memang tdk bisa instant maka tutup saja instant nya, pesan ditoko ini krn ada pengiriman  instant nya... terimakasih",2,[Omorfo] OMG OH MY GLAM Lip Series | OMG OH MY GLAM Matte Kiss Lip Cream | Oh My Glam Gloss Lip Finish Vinyl 2.7gr OMG Lip Gloss Lipgloss | Lip Tint | Glassy | OMG Lipcream | OMG Lip tint | OMG Glassy liptint,lip,2025-11-13
9602152671,"Tekstur:Bagus
Performa:Bgus

Oke",2,[Omorfo] OMG OH MY GLAM Lip Series | OMG OH MY GLAM Matte Kiss Lip Cream | Oh My Glam Gloss Lip Finish Vinyl 2.7gr OMG Lip Gloss Lipgloss | Lip Tint | Glassy | OMG Lipcream | OMG Lip tint | OMG Glassy liptint,lip,2022-09-19
6927000330,Salah kirim dong tapi nga papa,2,[Omorfo] OMG OH MY GLAM Lip Series | OMG OH MY GLAM Matte Kiss Lip Cream | Oh My Glam Gloss Lip Finish Vinyl 2.7gr OMG Lip Gloss Lipgloss | Lip Tint | Glassy | OMG Lipcream | OMG Lip tint | OMG Glassy liptint,lip,2021-12-16
15855455600,pesanan tidak dikirim,2,[Omorfo] OMG OH MY GLAM Lip Series | OMG OH MY GLAM Matte Kiss Lip Cream | Oh My Glam Gloss Lip Finish Vinyl 2.7gr OMG Lip Gloss Lipgloss | Lip Tint | Glassy | OMG Lipcream | OMG Lip tint | OMG Glassy liptint,lip,2024-07-15
80338209726,shade yang dikirim tidak sesuai bahkan nomornya dilepas,2,[Omorfo] OMG OH MY GLAM Lip Series | OMG OH MY GLAM Matte Kiss Lip Cream | Oh My Glam Gloss Lip Finish Vinyl 2.7gr OMG Lip Gloss Lipgloss | Lip Tint | Glassy | OMG Lipcream | OMG Lip tint | OMG Glassy liptint,lip,2025-12-01
48397160956,Yang dipesannya apa yang dikirimnya apa,2,[Omorfo] OMG OH MY GLAM Lip Series | OMG OH MY GLAM Matte Kiss Lip Cream | Oh My Glam Gloss Lip Finish Vinyl 2.7gr OMG Lip Gloss Lipgloss | Lip Tint | Glassy | OMG Lipcream | OMG Lip tint | OMG Glassy liptint,lip,2025-06-13
25446422431,"Tekstur:kering huhu
Cocok untuk:daily
Warna:nude, red

maaf bru ksi ulasan, soalnya butuh koin nya skrng haha btw bgus ko💕",3,[Omorfo] OMG OH MY GLAM Lip Series | OMG OH MY GLAM Matte Kiss Lip Cream | Oh My Glam Gloss Lip Finish Vinyl 2.7gr OMG Lip Gloss Lipgloss | Lip Tint | Glassy | OMG Lipcream | OMG Lip tint | OMG Glassy liptint,lip,2024-12-26
13437683341,"Performa:bagus
Cocok Untuk:bibir

salah krim krn pesan matte kiss 02 & 12 yg datang malah yg lip tint 1",3,[Omorfo] OMG OH MY GLAM Lip Series | OMG OH MY GLAM Matte Kiss Lip Cream | Oh My Glam Gloss Lip Finish Vinyl 2.7gr OMG Lip Gloss Lipgloss | Lip Tint | Glassy | OMG Lipcream | OMG Lip tint | OMG Glassy liptint,lip,2023-12-05
46218815288,"Tekstur:cepat kering
Warna:burgundy
Cocok untuk:bibir",3,[Omorfo] OMG OH MY GLAM Lip Series | OMG OH MY GLAM Matte Kiss Lip Cream | Oh My Glam Gloss Lip Finish Vinyl 2.7gr OMG Lip Gloss Lipgloss | Lip Tint | Glassy | OMG Lipcream | OMG Lip tint | OMG Glassy liptint,lip,2025-06-03
17310327167,Warna nya bagus sesuai dengan yang dipesan cocok untuk ombre an.,3,[Omorfo] OMG OH MY GLAM Lip Series | OMG OH MY GLAM Matte Kiss Lip Cream | Oh My Glam Gloss Lip Finish Vinyl 2.7gr OMG Lip Gloss Lipgloss | Lip Tint | Glassy | OMG Lipcream | OMG Lip tint | OMG Glassy liptint,lip,2024-10-23
9084053204,"Performa:lebih milih warna yang tidak mencolok sihh
Cocok Untuk:Sayang pilih warna yang nude tapi hasilnya mencolok bett
Tekstur:Bagus sg harga segitu

Lumayan dg harga segitu",3,[Omorfo] OMG OH MY GLAM Lip Series | OMG OH MY GLAM Matte Kiss Lip Cream | Oh My Glam Gloss Lip Finish Vinyl 2.7gr OMG Lip Gloss Lipgloss | Lip Tint | Glassy | OMG Lipcream | OMG Lip tint | OMG Glassy liptint,lip,2022-07-26
43563914509,serumnya salah padahal pesannya yang whitening gold bukan glowing white,3,[Omorfo] OMG OH MY GLAM Lip Series | OMG OH MY GLAM Matte Kiss Lip Cream | Oh My Glam Gloss Lip Finish Vinyl 2.7gr OMG Lip Gloss Lipgloss | Lip Tint | Glassy | OMG Lipcream | OMG Lip tint | OMG Glassy liptint,lip,2025-05-23
10146331730,"Tekstur:ok
Performa:ok

Sayangnya,tdk sesuai no.yg dikirim. .chat tdk direspon.Lbh teliti lg gaes packingnya.",3,[Omorfo] OMG OH MY GLAM Lip Series | OMG OH MY GLAM Matte Kiss Lip Cream | Oh My Glam Gloss Lip Finish Vinyl 2.7gr OMG Lip Gloss Lipgloss | Lip Tint | Glassy | OMG Lipcream | OMG Lip tint | OMG Glassy liptint,lip,2022-11-24
15549156805,"Produknya aman, tapi dikemas sm toko hampir 3 hari giliran masuk ke jasa kirim besoknya lgsg tiba. Layanan pengemasannya tolong dipercepat ya kak",3,[Omorfo] OMG OH MY GLAM Lip Series | OMG OH MY GLAM Matte Kiss Lip Cream | Oh My Glam Gloss Lip Finish Vinyl 2.7gr OMG Lip Gloss Lipgloss | Lip Tint | Glassy | OMG Lipcream | OMG Lip tint | OMG Glassy liptint,lip,2024-06-18
12163806502,"Manfaat:bibir
Kemasan:mantap
Profil Kecantikan:terang banget

terang bangetttt, gk ssuai dgn ekspektasi n gambar contoh warnanya huhu pdhal mau dipke buat base ombre gtu, jdnya gk kepake soalnya terang bnget",3,[Omorfo] OMG OH MY GLAM Lip Series | OMG OH MY GLAM Matte Kiss Lip Cream | Oh My Glam Gloss Lip Finish Vinyl 2.7gr OMG Lip Gloss Lipgloss | Lip Tint | Glassy | OMG Lipcream | OMG Lip tint | OMG Glassy liptint,lip,2023-08-03
8506613208,Tokonya tdk amanah saya pesan  lipstik yang omg yang datang malah implora,3,[Omorfo] OMG OH MY GLAM Lip Series | OMG OH MY GLAM Matte Kiss Lip Cream | Oh My Glam Gloss Lip Finish Vinyl 2.7gr OMG Lip Gloss Lipgloss | Lip Tint | Glassy | OMG Lipcream | OMG Lip tint | OMG Glassy liptint,lip,2022-05-28
17800431836,"Tekstur:sedikit kental
Warna:sunset

Tidak terlalu mencolok",3,[Omorfo] OMG OH MY GLAM Lip Series | OMG OH MY GLAM Matte Kiss Lip Cream | Oh My Glam Gloss Lip Finish Vinyl 2.7gr OMG Lip Gloss Lipgloss | Lip Tint | Glassy | OMG Lipcream | OMG Lip tint | OMG Glassy liptint,lip,2024-11-04
13494973143,warnanya tdk sesuai sama 01 it lebih ke 02,3,[Omorfo] OMG OH MY GLAM Lip Series | OMG OH MY GLAM Matte Kiss Lip Cream | Oh My Glam Gloss Lip Finish Vinyl 2.7gr OMG Lip Gloss Lipgloss | Lip Tint | Glassy | OMG Lipcream | OMG Lip tint | OMG Glassy liptint,lip,2023-12-10
16561969511,Tidak lengkap tdk ada ikat rambutnya,3,[Omorfo] OMG OH MY GLAM Lip Series | OMG OH MY GLAM Matte Kiss Lip Cream | Oh My Glam Gloss Lip Finish Vinyl 2.7gr OMG Lip Gloss Lipgloss | Lip Tint | Glassy | OMG Lipcream | OMG Lip tint | OMG Glassy liptint,lip,2024-09-13
54726079645,"lebih teliti check stock ya kak, daripada udah dipesan baru dichat kalau stocknya habis🤗🙏🏻",3,[Omorfo] OMG OH MY GLAM Lip Series | OMG OH MY GLAM Matte Kiss Lip Cream | Oh My Glam Gloss Lip Finish Vinyl 2.7gr OMG Lip Gloss Lipgloss | Lip Tint | Glassy | OMG Lipcream | OMG Lip tint | OMG Glassy liptint,lip,2025-06-27
24388658766,PESANNYA 12 EH YG DATANG MALAH 13 KECEWA BERATT SIHHH,3,[Omorfo] OMG OH MY GLAM Lip Series | OMG OH MY GLAM Matte Kiss Lip Cream | Oh My Glam Gloss Lip Finish Vinyl 2.7gr OMG Lip Gloss Lipgloss | Lip Tint | Glassy | OMG Lipcream | OMG Lip tint | OMG Glassy liptint,lip,2024-12-21
9836430609,"Tekstur:lembut, kering , ringan dbibir

Pengemasanx lama Skali 🙏",3,[Omorfo] OMG OH MY GLAM Lip Series | OMG OH MY GLAM Matte Kiss Lip Cream | Oh My Glam Gloss Lip Finish Vinyl 2.7gr OMG Lip Gloss Lipgloss | Lip Tint | Glassy | OMG Lipcream | OMG Lip tint | OMG Glassy liptint,lip,2022-10-17
15731245202,"Yang dipesan no 12, 13 malah dikirim no 13,15 apa si mengecewakan sekali",3,[Omorfo] OMG OH MY GLAM Lip Series | OMG OH MY GLAM Matte Kiss Lip Cream | Oh My Glam Gloss Lip Finish Vinyl 2.7gr OMG Lip Gloss Lipgloss | Lip Tint | Glassy | OMG Lipcream | OMG Lip tint | OMG Glassy liptint,lip,2024-07-05
11162279043,"Udahh langganan banget ,  gak  pernah video unboxing saking percayanyaaa, 
tapii  kali inii kecewaaa
tolong lain kalii adminnya tolong lebih teliti,  sya pesannya 8 macam dengan lipcream yg ada cuma 7 macam,",3,[Omorfo] OMG OH MY GLAM Lip Series | OMG OH MY GLAM Matte Kiss Lip Cream | Oh My Glam Gloss Lip Finish Vinyl 2.7gr OMG Lip Gloss Lipgloss | Lip Tint | Glassy | OMG Lipcream | OMG Lip tint | OMG Glassy liptint,lip,2023-04-03
10631711543,Bagus dan cepat,3,[Omorfo] OMG OH MY GLAM Lip Series | OMG OH MY GLAM Matte Kiss Lip Cream | Oh My Glam Gloss Lip Finish Vinyl 2.7gr OMG Lip Gloss Lipgloss | Lip Tint | Glassy | OMG Lipcream | OMG Lip tint | OMG Glassy liptint,lip,2023-01-25
36212369368,Ga amanah!!,3,[Omorfo] OMG OH MY GLAM Lip Series | OMG OH MY GLAM Matte Kiss Lip Cream | Oh My Glam Gloss Lip Finish Vinyl 2.7gr OMG Lip Gloss Lipgloss | Lip Tint | Glassy | OMG Lipcream | OMG Lip tint | OMG Glassy liptint,lip,2025-04-09
13507412134,adminnya slow respon & pengirimannya lambat,3,[Omorfo] OMG OH MY GLAM Lip Series | OMG OH MY GLAM Matte Kiss Lip Cream | Oh My Glam Gloss Lip Finish Vinyl 2.7gr OMG Lip Gloss Lipgloss | Lip Tint | Glassy | OMG Lipcream | OMG Lip tint | OMG Glassy liptint,lip,2023-12-11
12325970364,Okee bangettt,3,[Omorfo] OMG OH MY GLAM Lip Series | OMG OH MY GLAM Matte Kiss Lip Cream | Oh My Glam Gloss Lip Finish Vinyl 2.7gr OMG Lip Gloss Lipgloss | Lip Tint | Glassy | OMG Lipcream | OMG Lip tint | OMG Glassy liptint,lip,2023-08-19
9823372604,Lumayan,3,[Omorfo] OMG OH MY GLAM Lip Series | OMG OH MY GLAM Matte Kiss Lip Cream | Oh My Glam Gloss Lip Finish Vinyl 2.7gr OMG Lip Gloss Lipgloss | Lip Tint | Glassy | OMG Lipcream | OMG Lip tint | OMG Glassy liptint,lip,2022-10-15
20211126674,"Tekstur:kering lembut
Warna:elegan",3,[Omorfo] OMG OH MY GLAM Lip Series | OMG OH MY GLAM Matte Kiss Lip Cream | Oh My Glam Gloss Lip Finish Vinyl 2.7gr OMG Lip Gloss Lipgloss | Lip Tint | Glassy | OMG Lipcream | OMG Lip tint | OMG Glassy liptint,lip,2024-12-03
75438734245,"Pakett nyaaa lamaa skli dikirim . Padahal pesan tnggl 1 sampai d rmh tnggl 4 , padahal sama2 mkssr",3,[Omorfo] OMG OH MY GLAM Lip Series | OMG OH MY GLAM Matte Kiss Lip Cream | Oh My Glam Gloss Lip Finish Vinyl 2.7gr OMG Lip Gloss Lipgloss | Lip Tint | Glassy | OMG Lipcream | OMG Lip tint | OMG Glassy liptint,lip,2025-10-04
31461076732,Tekstur:lembut,3,[Omorfo] OMG OH MY GLAM Lip Series | OMG OH MY GLAM Matte Kiss Lip Cream | Oh My Glam Gloss Lip Finish Vinyl 2.7gr OMG Lip Gloss Lipgloss | Lip Tint | Glassy | OMG Lipcream | OMG Lip tint | OMG Glassy liptint,lip,2025-02-23
15434817140,Barangnya kosong tp dipilihan produk ada🤧🤧,3,[Omorfo] OMG OH MY GLAM Lip Series | OMG OH MY GLAM Matte Kiss Lip Cream | Oh My Glam Gloss Lip Finish Vinyl 2.7gr OMG Lip Gloss Lipgloss | Lip Tint | Glassy | OMG Lipcream | OMG Lip tint | OMG Glassy liptint,lip,2024-06-07
9931165117,Knp ini warna beda dari sebelumx,3,[Omorfo] OMG OH MY GLAM Lip Series | OMG OH MY GLAM Matte Kiss Lip Cream | Oh My Glam Gloss Lip Finish Vinyl 2.7gr OMG Lip Gloss Lipgloss | Lip Tint | Glassy | OMG Lipcream | OMG Lip tint | OMG Glassy liptint,lip,2022-10-29
12931795963,"Kurang matte di bibir,pecah2",3,[Omorfo] OMG OH MY GLAM Lip Series | OMG OH MY GLAM Matte Kiss Lip Cream | Oh My Glam Gloss Lip Finish Vinyl 2.7gr OMG Lip Gloss Lipgloss | Lip Tint | Glassy | OMG Lipcream | OMG Lip tint | OMG Glassy liptint,lip,2023-10-19
16141587565,Salah shade. Pesan omg yg dikirim implora,3,[Omorfo] OMG OH MY GLAM Lip Series | OMG OH MY GLAM Matte Kiss Lip Cream | Oh My Glam Gloss Lip Finish Vinyl 2.7gr OMG Lip Gloss Lipgloss | Lip Tint | Glassy | OMG Lipcream | OMG Lip tint | OMG Glassy liptint,lip,2024-08-11
71088347371,Pesan 2 yang di krim cumn 1,3,[Omorfo] OMG OH MY GLAM Lip Series | OMG OH MY GLAM Matte Kiss Lip Cream | Oh My Glam Gloss Lip Finish Vinyl 2.7gr OMG Lip Gloss Lipgloss | Lip Tint | Glassy | OMG Lipcream | OMG Lip tint | OMG Glassy liptint,lip,2025-09-02
13057278877,Belinya lip cream yang datang lip tint:(,3,[Omorfo] OMG OH MY GLAM Lip Series | OMG OH MY GLAM Matte Kiss Lip Cream | Oh My Glam Gloss Lip Finish Vinyl 2.7gr OMG Lip Gloss Lipgloss | Lip Tint | Glassy | OMG Lipcream | OMG Lip tint | OMG Glassy liptint,lip,2023-11-01
15037279162,Semua produk cocok,3,[Omorfo] OMG OH MY GLAM Lip Series | OMG OH MY GLAM Matte Kiss Lip Cream | Oh My Glam Gloss Lip Finish Vinyl 2.7gr OMG Lip Gloss Lipgloss | Lip Tint | Glassy | OMG Lipcream | OMG Lip tint | OMG Glassy liptint,lip,2024-04-30
14085336860,"Cocok Untuk:semua
Performa:baik
Tekstur:ringan di bibir

Pesanan sangat cepat sampai,nanti kalau abis disini lagi,dan admin juga baik,so ngak nyesel deh pesan sini guys,thks kk,semoga kedepenya makin lancar yah🤗🤗",4,[Omorfo] OMG OH MY GLAM Lip Series | OMG OH MY GLAM Matte Kiss Lip Cream | Oh My Glam Gloss Lip Finish Vinyl 2.7gr OMG Lip Gloss Lipgloss | Lip Tint | Glassy | OMG Lipcream | OMG Lip tint | OMG Glassy liptint,lip,2024-02-03
15816454533,"hasilnya matte, cepat blend, transferproof, warnanya nude lebih ke pucet jd bagus untuk base ombre, lipnya yg two tone pake conceal dulu bagusnya, krn warna ini cocok buat bibirnya yg full pink gt",4,[Omorfo] OMG OH MY GLAM Lip Series | OMG OH MY GLAM Matte Kiss Lip Cream | Oh My Glam Gloss Lip Finish Vinyl 2.7gr OMG Lip Gloss Lipgloss | Lip Tint | Glassy | OMG Lipcream | OMG Lip tint | OMG Glassy liptint,lip,2024-07-12
10124636525,"Tekstur:Belum dicoba tapi kayaknya bagus
Performa:Baik
Cocok Untuk:Hari2 dan pesta

Pengiriman lumayan menurutku karena 3 hari padahal sama² Satu kota, but Memuaskan, packing rapi, dan kurirnya baik ramah padahal Alamat pengirimanku berubah",4,[Omorfo] OMG OH MY GLAM Lip Series | OMG OH MY GLAM Matte Kiss Lip Cream | Oh My Glam Gloss Lip Finish Vinyl 2.7gr OMG Lip Gloss Lipgloss | Lip Tint | Glassy | OMG Lipcream | OMG Lip tint | OMG Glassy liptint,lip,2022-11-22
14084723321,"Cocok Untuk:Bibir
Performa:👍🏻
Tekstur:🥰

Cinta bgt sma produk omg sukak❤️",4,[Omorfo] OMG OH MY GLAM Lip Series | OMG OH MY GLAM Matte Kiss Lip Cream | Oh My Glam Gloss Lip Finish Vinyl 2.7gr OMG Lip Gloss Lipgloss | Lip Tint | Glassy | OMG Lipcream | OMG Lip tint | OMG Glassy liptint,lip,2024-02-03
9778475899,"Tekstur:ringan
Performa:lumayan tahan di bibir

Kali ini agak kecewa soalnya warnanya beda dari sebelumnya, yg kiri produk lama yg kanan baru beli",4,[Omorfo] OMG OH MY GLAM Lip Series | OMG OH MY GLAM Matte Kiss Lip Cream | Oh My Glam Gloss Lip Finish Vinyl 2.7gr OMG Lip Gloss Lipgloss | Lip Tint | Glassy | OMG Lipcream | OMG Lip tint | OMG Glassy liptint,lip,2022-10-11
46853881062,"Tekstur:Sesuai
Warna:12 scarlet
Cocok untuk:Bibir

Cakep untuk tambahan buat ala-ala ombre gitu haha okelah sudah biasa pakai",4,[Omorfo] OMG OH MY GLAM Lip Series | OMG OH MY GLAM Matte Kiss Lip Cream | Oh My Glam Gloss Lip Finish Vinyl 2.7gr OMG Lip Gloss Lipgloss | Lip Tint | Glassy | OMG Lipcream | OMG Lip tint | OMG Glassy liptint,lip,2025-06-06
7495530705,"Warna:ko mate banget yah?
Ketahanan:bagus
Tekstur:bagus

Kiri beli di toko ini kanan beli di ofline store. Kenapa warnanya beda banget😩 padahal suka warna yang kanan. Kirain warnanya bakalan tetap sma, tapi ternyata ko beda yah. Apa emang kya gini wrnanya atau gimana sih?

Revisi: setelah di pakai ternyata warnanya bagus. Jadi aku kasi bintang 4",4,[Omorfo] OMG OH MY GLAM Lip Series | OMG OH MY GLAM Matte Kiss Lip Cream | Oh My Glam Gloss Lip Finish Vinyl 2.7gr OMG Lip Gloss Lipgloss | Lip Tint | Glassy | OMG Lipcream | OMG Lip tint | OMG Glassy liptint,lip,2022-02-15
15004064944,"Cocok Untuk:bibir
Tekstur:creamy

Warnanya bagus banget kalo di ombre lumayan tahan juga gak ngekrack di bibir kering asal pake lipbalm dlu",4,[Omorfo] OMG OH MY GLAM Lip Series | OMG OH MY GLAM Matte Kiss Lip Cream | Oh My Glam Gloss Lip Finish Vinyl 2.7gr OMG Lip Gloss Lipgloss | Lip Tint | Glassy | OMG Lipcream | OMG Lip tint | OMG Glassy liptint,lip,2024-04-26
13550829812,"Cocok Untuk:bibir
Performa:bagus

Sesuai dengan pesanan udah sering belanja disini nggak pernah ngecewain sih 👍",4,[Omorfo] OMG OH MY GLAM Lip Series | OMG OH MY GLAM Matte Kiss Lip Cream | Oh My Glam Gloss Lip Finish Vinyl 2.7gr OMG Lip Gloss Lipgloss | Lip Tint | Glassy | OMG Lipcream | OMG Lip tint | OMG Glassy liptint,lip,2023-12-15
15551753354,"Tekstur:Matte
Cocok untuk:Berbagai jenis kulit
Warna:Menarik

Pengiriman cepat, Untuk informasi produk bisa di baca pada deskripsinya......",4,[Omorfo] OMG OH MY GLAM Lip Series | OMG OH MY GLAM Matte Kiss Lip Cream | Oh My Glam Gloss Lip Finish Vinyl 2.7gr OMG Lip Gloss Lipgloss | Lip Tint | Glassy | OMG Lipcream | OMG Lip tint | OMG Glassy liptint,lip,2024-06-18
19173951852,Warnanya cocok banget di ombre sih ketahanannya yah lumayan dipakai makan juga langsung hilang tapi warnannya cocok poll sama kulit kuning langsat kayak aku wkwkwku,4,[Omorfo] OMG OH MY GLAM Lip Series | OMG OH MY GLAM Matte Kiss Lip Cream | Oh My Glam Gloss Lip Finish Vinyl 2.7gr OMG Lip Gloss Lipgloss | Lip Tint | Glassy | OMG Lipcream | OMG Lip tint | OMG Glassy liptint,lip,2024-11-16
16233699848,"Tekstur:baik
Cocok untuk:baik
Warna:baik

Untuk lipcream nya amanah ji ini toko. barangnya juga sesuai tapi sedikiy kecewa, berkali"" maka beli di toko ini tapi langganan dikasih kecewa !",4,[Omorfo] OMG OH MY GLAM Lip Series | OMG OH MY GLAM Matte Kiss Lip Cream | Oh My Glam Gloss Lip Finish Vinyl 2.7gr OMG Lip Gloss Lipgloss | Lip Tint | Glassy | OMG Lipcream | OMG Lip tint | OMG Glassy liptint,lip,2024-08-19
16046158089,"Tekstur:creamy
Cocok untuk:seharihari
Warna:red

Paket sudah sampai dgn aman, thanks seller",4,[Omorfo] OMG OH MY GLAM Lip Series | OMG OH MY GLAM Matte Kiss Lip Cream | Oh My Glam Gloss Lip Finish Vinyl 2.7gr OMG Lip Gloss Lipgloss | Lip Tint | Glassy | OMG Lipcream | OMG Lip tint | OMG Glassy liptint,lip,2024-08-02
11095161350,"Kemasan:sangat baik, Aman

Sesuai yang saya pesan, kurir ramah karena sudah langganan

Aku pesan Shade 04. Aku coba Ombre sama Shde 15 hasilnya bgus juga",4,[Omorfo] OMG OH MY GLAM Lip Series | OMG OH MY GLAM Matte Kiss Lip Cream | Oh My Glam Gloss Lip Finish Vinyl 2.7gr OMG Lip Gloss Lipgloss | Lip Tint | Glassy | OMG Lipcream | OMG Lip tint | OMG Glassy liptint,lip,2023-03-27
35848837117,"Tekstur:konsistensi kental tp ga gampang meleber
Warna:warna nude cocok untuk bibir yg pinggirannya hitam
Cocok untuk:ombre

produk pertama dari omg, worth the price",4,[Omorfo] OMG OH MY GLAM Lip Series | OMG OH MY GLAM Matte Kiss Lip Cream | Oh My Glam Gloss Lip Finish Vinyl 2.7gr OMG Lip Gloss Lipgloss | Lip Tint | Glassy | OMG Lipcream | OMG Lip tint | OMG Glassy liptint,lip,2025-04-05
13399862188,"Tekstur:lembut
Performa:ringan
Cocok Untuk:bibir

Sangat mudah di aplikasikan, tokonya amanah",4,[Omorfo] OMG OH MY GLAM Lip Series | OMG OH MY GLAM Matte Kiss Lip Cream | Oh My Glam Gloss Lip Finish Vinyl 2.7gr OMG Lip Gloss Lipgloss | Lip Tint | Glassy | OMG Lipcream | OMG Lip tint | OMG Glassy liptint,lip,2023-12-01
16528666049,"Tekstur:padah
Cocok untuk:bibir
Warna:cerah

bagus selalu pake ini dan formula barunya bagus",4,[Omorfo] OMG OH MY GLAM Lip Series | OMG OH MY GLAM Matte Kiss Lip Cream | Oh My Glam Gloss Lip Finish Vinyl 2.7gr OMG Lip Gloss Lipgloss | Lip Tint | Glassy | OMG Lipcream | OMG Lip tint | OMG Glassy liptint,lip,2024-09-11
20023831375,Suka banget sama lipcreme omg ni... harganya murah tapi lipcremenya bagus..,4,[Omorfo] OMG OH MY GLAM Lip Series | OMG OH MY GLAM Matte Kiss Lip Cream | Oh My Glam Gloss Lip Finish Vinyl 2.7gr OMG Lip Gloss Lipgloss | Lip Tint | Glassy | OMG Lipcream | OMG Lip tint | OMG Glassy liptint,lip,2024-11-30
14231554740,Terima kasih paket saya sudah sampai dan sangat sesuai pesanan,4,[Omorfo] OMG OH MY GLAM Lip Series | OMG OH MY GLAM Matte Kiss Lip Cream | Oh My Glam Gloss Lip Finish Vinyl 2.7gr OMG Lip Gloss Lipgloss | Lip Tint | Glassy | OMG Lipcream | OMG Lip tint | OMG Glassy liptint,lip,2024-02-18
9437546622,"Cocok Untuk:saya
Tekstur:cream
Performa:matte

Paket lengkap,cuma packing lama.",4,[Omorfo] OMG OH MY GLAM Lip Series | OMG OH MY GLAM Matte Kiss Lip Cream | Oh My Glam Gloss Lip Finish Vinyl 2.7gr OMG Lip Gloss Lipgloss | Lip Tint | Glassy | OMG Lipcream | OMG Lip tint | OMG Glassy liptint,lip,2022-09-01
9980960467,"Tekstur:bagus
Performa:lumayan
Cocok Untuk:bibir

Lumayan bagus d pake tapi tdk bgtu tahan",4,[Omorfo] OMG OH MY GLAM Lip Series | OMG OH MY GLAM Matte Kiss Lip Cream | Oh My Glam Gloss Lip Finish Vinyl 2.7gr OMG Lip Gloss Lipgloss | Lip Tint | Glassy | OMG Lipcream | OMG Lip tint | OMG Glassy liptint,lip,2022-11-05
16108497253,"Tekstur:sangat lembut dan nyaman
Cocok untuk:berbagai jenis kulit
Warna:sangat cerah dan menarik",4,[Omorfo] OMG OH MY GLAM Lip Series | OMG OH MY GLAM Matte Kiss Lip Cream | Oh My Glam Gloss Lip Finish Vinyl 2.7gr OMG Lip Gloss Lipgloss | Lip Tint | Glassy | OMG Lipcream | OMG Lip tint | OMG Glassy liptint,lip,2024-08-08
16505912742,"Tekstur:padat
Cocok untuk:pemula
Warna:menarik

Bagus, produknya baik maaf baru review sekarang",4,[Omorfo] OMG OH MY GLAM Lip Series | OMG OH MY GLAM Matte Kiss Lip Cream | Oh My Glam Gloss Lip Finish Vinyl 2.7gr OMG Lip Gloss Lipgloss | Lip Tint | Glassy | OMG Lipcream | OMG Lip tint | OMG Glassy liptint,lip,2024-09-09
16535614984,"Tekstur:tekstur cair
Cocok untuk:bibir
Warna:sesuai ekspektasi

Bagus, produknya ori",4,[Omorfo] OMG OH MY GLAM Lip Series | OMG OH MY GLAM Matte Kiss Lip Cream | Oh My Glam Gloss Lip Finish Vinyl 2.7gr OMG Lip Gloss Lipgloss | Lip Tint | Glassy | OMG Lipcream | OMG Lip tint | OMG Glassy liptint,lip,2024-09-11
13954559942,"Tekstur:Lembut
Performa:Baik
Cocok Untuk:Sehari hari

Baik di gunakan untuk aktivasi sehari-hari",4,[Omorfo] OMG OH MY GLAM Lip Series | OMG OH MY GLAM Matte Kiss Lip Cream | Oh My Glam Gloss Lip Finish Vinyl 2.7gr OMG Lip Gloss Lipgloss | Lip Tint | Glassy | OMG Lipcream | OMG Lip tint | OMG Glassy liptint,lip,2024-01-21
12915477191,"Performa:bagus
Tekstur:lembut
Cocok Untuk:di pake buat sehari apalagi bisa di ombre

lipcream OMG mmg bagussss",4,[Omorfo] OMG OH MY GLAM Lip Series | OMG OH MY GLAM Matte Kiss Lip Cream | Oh My Glam Gloss Lip Finish Vinyl 2.7gr OMG Lip Gloss Lipgloss | Lip Tint | Glassy | OMG Lipcream | OMG Lip tint | OMG Glassy liptint,lip,2023-10-18
10817554401,"Tekstur:terlalu kentalje
Performa:bge
Cocok Untuk:mulut nu,

Menurut sa TDK bgs bgisa Krn kental sekali we,Bru di hp nomor segitu Ki liat gak terlalu terang gilirang di pakai sangat teranggg wenjjrrr,Bru sedikit di pakai terang kali Krn kentalll,☺️😌",4,[Omorfo] OMG OH MY GLAM Lip Series | OMG OH MY GLAM Matte Kiss Lip Cream | Oh My Glam Gloss Lip Finish Vinyl 2.7gr OMG Lip Gloss Lipgloss | Lip Tint | Glassy | OMG Lipcream | OMG Lip tint | OMG Glassy liptint,lip,2023-02-19
15786619773,Terimakasih pesanannya sudah tiba dan sangat suka serta sesuai,4,[Omorfo] OMG OH MY GLAM Lip Series | OMG OH MY GLAM Matte Kiss Lip Cream | Oh My Glam Gloss Lip Finish Vinyl 2.7gr OMG Lip Gloss Lipgloss | Lip Tint | Glassy | OMG Lipcream | OMG Lip tint | OMG Glassy liptint,lip,2024-07-10
32533616571,"Tekstur:sesuai hrpn
Cocok untuk:kulit kning lngst
Warna:01 sangatt cntikkkkkkk dan bgussaa",4,[Omorfo] OMG OH MY GLAM Lip Series | OMG OH MY GLAM Matte Kiss Lip Cream | Oh My Glam Gloss Lip Finish Vinyl 2.7gr OMG Lip Gloss Lipgloss | Lip Tint | Glassy | OMG Lipcream | OMG Lip tint | OMG Glassy liptint,lip,2025-03-10
12051903769,"Tekstur:peace
Performa:baik
Cocok Untuk:.

produknya baik, hanya pengirimannya yang lama. warnanya juga bagus cuma rasanya aga kering. teksturnya juga aga peace tapi masih oke.",4,[Omorfo] OMG OH MY GLAM Lip Series | OMG OH MY GLAM Matte Kiss Lip Cream | Oh My Glam Gloss Lip Finish Vinyl 2.7gr OMG Lip Gloss Lipgloss | Lip Tint | Glassy | OMG Lipcream | OMG Lip tint | OMG Glassy liptint,lip,2023-07-21
9148619513,"Tekstur:good
Performa:good
Cocok Untuk:saya suka

bagus komplet lah aman pokonya , bisa jadi toko laganan ini .amanah 
walau warnanya habis tpi d konfirmasi dulu good pokonya lah. kurirnya ramah😄",4,[Omorfo] OMG OH MY GLAM Lip Series | OMG OH MY GLAM Matte Kiss Lip Cream | Oh My Glam Gloss Lip Finish Vinyl 2.7gr OMG Lip Gloss Lipgloss | Lip Tint | Glassy | OMG Lipcream | OMG Lip tint | OMG Glassy liptint,lip,2022-08-02
8438835256,"Ketahanan:baik
Tekstur:cream
Warna:bagus, natural

Produknya cream ringan juga dipakai dibibir. Nyaman tdk lengket. Kurirnya juga ramah. Pengantarannya cepat.
Terimakasih",4,[Omorfo] OMG OH MY GLAM Lip Series | OMG OH MY GLAM Matte Kiss Lip Cream | Oh My Glam Gloss Lip Finish Vinyl 2.7gr OMG Lip Gloss Lipgloss | Lip Tint | Glassy | OMG Lipcream | OMG Lip tint | OMG Glassy liptint,lip,2022-05-21
13534481854,Wrnanya bgus apalagi di ombre.,4,[Omorfo] OMG OH MY GLAM Lip Series | OMG OH MY GLAM Matte Kiss Lip Cream | Oh My Glam Gloss Lip Finish Vinyl 2.7gr OMG Lip Gloss Lipgloss | Lip Tint | Glassy | OMG Lipcream | OMG Lip tint | OMG Glassy liptint,lip,2023-12-13
64918387772,"Tekstur:bagus
Warna:cantik
Cocok untuk:warna netral

Produknya oke cuma pelayanan pengirimannya lama banget sampai komplain berkali-kali baru deh di proses dengan benar.
Packaging nya perlu di perhatikan lagi harusnya pakai buble wrap untuk antisipasi barang rusak",4,[Omorfo] OMG OH MY GLAM Lip Series | OMG OH MY GLAM Matte Kiss Lip Cream | Oh My Glam Gloss Lip Finish Vinyl 2.7gr OMG Lip Gloss Lipgloss | Lip Tint | Glassy | OMG Lipcream | OMG Lip tint | OMG Glassy liptint,lip,2025-07-31
15915077727,"Tekstur ringan dan nyaman saat di pakai
Cocok untuk kulit kering
Warna sangat bagus dan sesuai dengan gambar
Jgn lupa pakai pelembab dulu sebelum apply lipcreamnya tidak transferproof yaa",4,[Omorfo] OMG OH MY GLAM Lip Series | OMG OH MY GLAM Matte Kiss Lip Cream | Oh My Glam Gloss Lip Finish Vinyl 2.7gr OMG Lip Gloss Lipgloss | Lip Tint | Glassy | OMG Lipcream | OMG Lip tint | OMG Glassy liptint,lip,2024-07-21
13574698463,"Kali ini kecewa,tidak vidio unboxing krn sudah percaya yh tpi ternyata 1produk gkda. Yg d ceklist di res pun juga cuma 5 pdhl harusnya 6. Hrg 10k ngapain jg ku bela2 mnta kmbli klo mmng brgnya ad kan mending yg mhl tpi gpp yh bonus. Laain kali teliti kak!!",4,[Omorfo] OMG OH MY GLAM Lip Series | OMG OH MY GLAM Matte Kiss Lip Cream | Oh My Glam Gloss Lip Finish Vinyl 2.7gr OMG Lip Gloss Lipgloss | Lip Tint | Glassy | OMG Lipcream | OMG Lip tint | OMG Glassy liptint,lip,2023-12-16
17315377057,"Tekstur:bagus
Cocok untuk:orang dewasa
Warna:sesuai gambar

Alhamdulillah pesanan lengkap dan tepat waktu",4,[Omorfo] OMG OH MY GLAM Lip Series | OMG OH MY GLAM Matte Kiss Lip Cream | Oh My Glam Gloss Lip Finish Vinyl 2.7gr OMG Lip Gloss Lipgloss | Lip Tint | Glassy | OMG Lipcream | OMG Lip tint | OMG Glassy liptint,lip,2024-10-23
16330351244,"Terimakasih pesanannya sudah tiba, sesuai pesanan dan oke sangat suka",4,[Omorfo] OMG OH MY GLAM Lip Series | OMG OH MY GLAM Matte Kiss Lip Cream | Oh My Glam Gloss Lip Finish Vinyl 2.7gr OMG Lip Gloss Lipgloss | Lip Tint | Glassy | OMG Lipcream | OMG Lip tint | OMG Glassy liptint,lip,2024-08-28
15246014264,"Cantik , tahan lama juga cuman kalau gk pke lip bam kadang buat bibir kering",4,[Omorfo] OMG OH MY GLAM Lip Series | OMG OH MY GLAM Matte Kiss Lip Cream | Oh My Glam Gloss Lip Finish Vinyl 2.7gr OMG Lip Gloss Lipgloss | Lip Tint | Glassy | OMG Lipcream | OMG Lip tint | OMG Glassy liptint,lip,2024-05-20
16017300831,overal oke cocok untuk warna kulit wajah yg agak cerah🥰🥰🥰🥰🥰,4,[Omorfo] OMG OH MY GLAM Lip Series | OMG OH MY GLAM Matte Kiss Lip Cream | Oh My Glam Gloss Lip Finish Vinyl 2.7gr OMG Lip Gloss Lipgloss | Lip Tint | Glassy | OMG Lipcream | OMG Lip tint | OMG Glassy liptint,lip,2024-07-31
30355266726,"Tekstur:cair
Cocok untuk:bibir
Warna:burgundy

Warnanya cantip",4,[Omorfo] OMG OH MY GLAM Lip Series | OMG OH MY GLAM Matte Kiss Lip Cream | Oh My Glam Gloss Lip Finish Vinyl 2.7gr OMG Lip Gloss Lipgloss | Lip Tint | Glassy | OMG Lipcream | OMG Lip tint | OMG Glassy liptint,lip,2025-02-07
16242140639,"Terimaksih paketnya sdh ada, sesuai pesanan dan pengirimannya cepat",4,[Omorfo] OMG OH MY GLAM Lip Series | OMG OH MY GLAM Matte Kiss Lip Cream | Oh My Glam Gloss Lip Finish Vinyl 2.7gr OMG Lip Gloss Lipgloss | Lip Tint | Glassy | OMG Lipcream | OMG Lip tint | OMG Glassy liptint,lip,2024-08-20
17044052098,"Tekstur:ringan
Cocok untuk:ombre
Warna:gelap

Bagus kok",4,[Omorfo] OMG OH MY GLAM Lip Series | OMG OH MY GLAM Matte Kiss Lip Cream | Oh My Glam Gloss Lip Finish Vinyl 2.7gr OMG Lip Gloss Lipgloss | Lip Tint | Glassy | OMG Lipcream | OMG Lip tint | OMG Glassy liptint,lip,2024-10-10
70225034454,ternyata warna aslinya gelap ya ga sama dengan yang di gambar huhu,4,[Omorfo] OMG OH MY GLAM Lip Series | OMG OH MY GLAM Matte Kiss Lip Cream | Oh My Glam Gloss Lip Finish Vinyl 2.7gr OMG Lip Gloss Lipgloss | Lip Tint | Glassy | OMG Lipcream | OMG Lip tint | OMG Glassy liptint,lip,2025-08-27
16491034615,"Tekstur:cair
Cocok untuk:bibir
Warna:wrn agak gelap

Lipstiknya bagus ringan di bibir ,,ternyata nomor 18 agak gelap menurutku nexk bakal order lagi yg warna agak terang",4,[Omorfo] OMG OH MY GLAM Lip Series | OMG OH MY GLAM Matte Kiss Lip Cream | Oh My Glam Gloss Lip Finish Vinyl 2.7gr OMG Lip Gloss Lipgloss | Lip Tint | Glassy | OMG Lipcream | OMG Lip tint | OMG Glassy liptint,lip,2024-09-08
8611142193,"Ketahanan:transfer proof
Tekstur:bgus
Warna:lumayan

enak wanginy",4,[Omorfo] OMG OH MY GLAM Lip Series | OMG OH MY GLAM Matte Kiss Lip Cream | Oh My Glam Gloss Lip Finish Vinyl 2.7gr OMG Lip Gloss Lipgloss | Lip Tint | Glassy | OMG Lipcream | OMG Lip tint | OMG Glassy liptint,lip,2022-06-08
6504967021,Barang sudah sampai sesuai dengan pesanan pengemasan Aman,4,[Omorfo] OMG OH MY GLAM Lip Series | OMG OH MY GLAM Matte Kiss Lip Cream | Oh My Glam Gloss Lip Finish Vinyl 2.7gr OMG Lip Gloss Lipgloss | Lip Tint | Glassy | OMG Lipcream | OMG Lip tint | OMG Glassy liptint,lip,2021-11-06
16154070457,"Tekstur:lembut
Cocok untuk:semua
Warna:sesuai pesanan",4,[Omorfo] OMG OH MY GLAM Lip Series | OMG OH MY GLAM Matte Kiss Lip Cream | Oh My Glam Gloss Lip Finish Vinyl 2.7gr OMG Lip Gloss Lipgloss | Lip Tint | Glassy | OMG Lipcream | OMG Lip tint | OMG Glassy liptint,lip,2024-08-12
40413419105,"Tolong lebih diperhatikan lagi, saya pesan shade 14 15 tapi yang dikirim 12 14",4,[Omorfo] OMG OH MY GLAM Lip Series | OMG OH MY GLAM Matte Kiss Lip Cream | Oh My Glam Gloss Lip Finish Vinyl 2.7gr OMG Lip Gloss Lipgloss | Lip Tint | Glassy | OMG Lipcream | OMG Lip tint | OMG Glassy liptint,lip,2025-05-02
30666705226,"Tekstur:lembut mudah di aplikasikan kan
Cocok untuk:semua
Warna:sesuai dengan ekspektasi",4,[Omorfo] OMG OH MY GLAM Lip Series | OMG OH MY GLAM Matte Kiss Lip Cream | Oh My Glam Gloss Lip Finish Vinyl 2.7gr OMG Lip Gloss Lipgloss | Lip Tint | Glassy | OMG Lipcream | OMG Lip tint | OMG Glassy liptint,lip,2025-02-11
12964158784,"Warnanya kek orange², cepat kering tapi mayan transfer.",4,[Omorfo] OMG OH MY GLAM Lip Series | OMG OH MY GLAM Matte Kiss Lip Cream | Oh My Glam Gloss Lip Finish Vinyl 2.7gr OMG Lip Gloss Lipgloss | Lip Tint | Glassy | OMG Lipcream | OMG Lip tint | OMG Glassy liptint,lip,2023-10-22
10671641748,"Tekstur:cream
Performa:belum coba
Cocok Untuk:belum coba

Belum coba, semoga bagus untuk base ombre. Tengkyu seller",4,[Omorfo] OMG OH MY GLAM Lip Series | OMG OH MY GLAM Matte Kiss Lip Cream | Oh My Glam Gloss Lip Finish Vinyl 2.7gr OMG Lip Gloss Lipgloss | Lip Tint | Glassy | OMG Lipcream | OMG Lip tint | OMG Glassy liptint,lip,2023-02-01
14939120973,"Tekstur:bagus ringan
Cocok untuk:bibir yg lembab
Durabilitas:cukup tahan lama

Lip cream ini bagus sih menurut aku, teksturnya ringan bgt, gk bikin kering dibibir, tapi yg o4 sunset agak beda dilihat digambar, digambar lebih cerah dan agak² kemaraha gtu, tapi aslinya  agak persis sih sama yg no 10 shell.",4,[Omorfo] OMG OH MY GLAM Lip Series | OMG OH MY GLAM Matte Kiss Lip Cream | Oh My Glam Gloss Lip Finish Vinyl 2.7gr OMG Lip Gloss Lipgloss | Lip Tint | Glassy | OMG Lipcream | OMG Lip tint | OMG Glassy liptint,lip,2024-04-20
20573837829,"Tekstur:velvet

baru pertama kali beli, semoga cocok",4,[Omorfo] OMG OH MY GLAM Lip Series | OMG OH MY GLAM Matte Kiss Lip Cream | Oh My Glam Gloss Lip Finish Vinyl 2.7gr OMG Lip Gloss Lipgloss | Lip Tint | Glassy | OMG Lipcream | OMG Lip tint | OMG Glassy liptint,lip,2024-12-05
16029068881,"Tekstur:lembut
Cocok untuk:sesuai warna
Warna:menarik",4,[Omorfo] OMG OH MY GLAM Lip Series | OMG OH MY GLAM Matte Kiss Lip Cream | Oh My Glam Gloss Lip Finish Vinyl 2.7gr OMG Lip Gloss Lipgloss | Lip Tint | Glassy | OMG Lipcream | OMG Lip tint | OMG Glassy liptint,lip,2024-08-01
16590228897,"Tekstur:memuaskan
Cocok untuk:bibir
Warna:sangat bagus",4,[Omorfo] OMG OH MY GLAM Lip Series | OMG OH MY GLAM Matte Kiss Lip Cream | Oh My Glam Gloss Lip Finish Vinyl 2.7gr OMG Lip Gloss Lipgloss | Lip Tint | Glassy | OMG Lipcream | OMG Lip tint | OMG Glassy liptint,lip,2024-09-15
16318094011,"Tekstur:memuaskan
Cocok untuk:sangat efektif untuk kulit kering
Warna:warna sangat cantik",4,[Omorfo] OMG OH MY GLAM Lip Series | OMG OH MY GLAM Matte Kiss Lip Cream | Oh My Glam Gloss Lip Finish Vinyl 2.7gr OMG Lip Gloss Lipgloss | Lip Tint | Glassy | OMG Lipcream | OMG Lip tint | OMG Glassy liptint,lip,2024-08-27
15329583513,"Tekstur:memuaskan sesuai pesanan
Cocok untuk:berbagai jenis kulit
Warna:warna produk sesuai akspetasi",4,[Omorfo] OMG OH MY GLAM Lip Series | OMG OH MY GLAM Matte Kiss Lip Cream | Oh My Glam Gloss Lip Finish Vinyl 2.7gr OMG Lip Gloss Lipgloss | Lip Tint | Glassy | OMG Lipcream | OMG Lip tint | OMG Glassy liptint,lip,2024-05-28
20045655120,"Tekstur:cukup memuaskan
Cocok untuk:orang dewasa
Warna:warna produk sesuai dengan gambar

Terimakasih admin 🤗🌹",4,[Omorfo] OMG OH MY GLAM Lip Series | OMG OH MY GLAM Matte Kiss Lip Cream | Oh My Glam Gloss Lip Finish Vinyl 2.7gr OMG Lip Gloss Lipgloss | Lip Tint | Glassy | OMG Lipcream | OMG Lip tint | OMG Glassy liptint,lip,2024-12-01
9898827103,"Tekstur:bguss
Performa:baik
Cocok Untuk:cocok untuk di pakai sehari hari

Sesuai gambar, produk nya bgus",4,[Omorfo] OMG OH MY GLAM Lip Series | OMG OH MY GLAM Matte Kiss Lip Cream | Oh My Glam Gloss Lip Finish Vinyl 2.7gr OMG Lip Gloss Lipgloss | Lip Tint | Glassy | OMG Lipcream | OMG Lip tint | OMG Glassy liptint,lip,2022-10-25
15805306857,Udah nyampe ini udah mau abis lagi baru di nilai hehe makasih,4,[Omorfo] OMG OH MY GLAM Lip Series | OMG OH MY GLAM Matte Kiss Lip Cream | Oh My Glam Gloss Lip Finish Vinyl 2.7gr OMG Lip Gloss Lipgloss | Lip Tint | Glassy | OMG Lipcream | OMG Lip tint | OMG Glassy liptint,lip,2024-07-11
33557544803,"Tekstur:baguss
Cocok untuk:nggk expect se bold itu tpi ndapapa
Warna:bagus",4,[Omorfo] OMG OH MY GLAM Lip Series | OMG OH MY GLAM Matte Kiss Lip Cream | Oh My Glam Gloss Lip Finish Vinyl 2.7gr OMG Lip Gloss Lipgloss | Lip Tint | Glassy | OMG Lipcream | OMG Lip tint | OMG Glassy liptint,lip,2025-03-23
15620259388,"Mgkin aku yg kurang detail baca produknya atau gimana, aku kira yg datang bakalan yg hitam tutupnya, mana pesanan orang☹️",4,[Omorfo] OMG OH MY GLAM Lip Series | OMG OH MY GLAM Matte Kiss Lip Cream | Oh My Glam Gloss Lip Finish Vinyl 2.7gr OMG Lip Gloss Lipgloss | Lip Tint | Glassy | OMG Lipcream | OMG Lip tint | OMG Glassy liptint,lip,2024-06-25
17138480265,"Produk baru tanggal exp. Masih lama, warnanya bagus untuk dalaman ombre",4,[Omorfo] OMG OH MY GLAM Lip Series | OMG OH MY GLAM Matte Kiss Lip Cream | Oh My Glam Gloss Lip Finish Vinyl 2.7gr OMG Lip Gloss Lipgloss | Lip Tint | Glassy | OMG Lipcream | OMG Lip tint | OMG Glassy liptint,lip,2024-10-13
17999349407,selalu secinta itu sama produknya dan beli di toko omorfo dapat diskon gede dan murah,4,[Omorfo] OMG OH MY GLAM Lip Series | OMG OH MY GLAM Matte Kiss Lip Cream | Oh My Glam Gloss Lip Finish Vinyl 2.7gr OMG Lip Gloss Lipgloss | Lip Tint | Glassy | OMG Lipcream | OMG Lip tint | OMG Glassy liptint,lip,2024-11-06
10886911497,"Cocok Untuk:..
Tekstur:krimi
Performa:ok

Lipstik nya terlalu terang yg 01",4,[Omorfo] OMG OH MY GLAM Lip Series | OMG OH MY GLAM Matte Kiss Lip Cream | Oh My Glam Gloss Lip Finish Vinyl 2.7gr OMG Lip Gloss Lipgloss | Lip Tint | Glassy | OMG Lipcream | OMG Lip tint | OMG Glassy liptint,lip,2023-03-01
12561085101,"Wort it, tpi ngga tahan lama.",4,[Omorfo] OMG OH MY GLAM Lip Series | OMG OH MY GLAM Matte Kiss Lip Cream | Oh My Glam Gloss Lip Finish Vinyl 2.7gr OMG Lip Gloss Lipgloss | Lip Tint | Glassy | OMG Lipcream | OMG Lip tint | OMG Glassy liptint,lip,2023-09-12
10314898806,Performa:⁸,4,[Omorfo] OMG OH MY GLAM Lip Series | OMG OH MY GLAM Matte Kiss Lip Cream | Oh My Glam Gloss Lip Finish Vinyl 2.7gr OMG Lip Gloss Lipgloss | Lip Tint | Glassy | OMG Lipcream | OMG Lip tint | OMG Glassy liptint,lip,2022-12-15
13783564293,Pesanan lengkap pengiriman barang lumayan cepat kurir ramah harga cocok untuk di jual kembali,4,[Omorfo] OMG OH MY GLAM Lip Series | OMG OH MY GLAM Matte Kiss Lip Cream | Oh My Glam Gloss Lip Finish Vinyl 2.7gr OMG Lip Gloss Lipgloss | Lip Tint | Glassy | OMG Lipcream | OMG Lip tint | OMG Glassy liptint,lip,2024-01-06
13725935676,"Tekstur:bagus
Cocok Untuk:ombrean

Paket sesuai",4,[Omorfo] OMG OH MY GLAM Lip Series | OMG OH MY GLAM Matte Kiss Lip Cream | Oh My Glam Gloss Lip Finish Vinyl 2.7gr OMG Lip Gloss Lipgloss | Lip Tint | Glassy | OMG Lipcream | OMG Lip tint | OMG Glassy liptint,lip,2023-12-31
15300849932,Bagus warnanya mantul enak di pakai keren harganya juga ramah di kantong,4,[Omorfo] OMG OH MY GLAM Lip Series | OMG OH MY GLAM Matte Kiss Lip Cream | Oh My Glam Gloss Lip Finish Vinyl 2.7gr OMG Lip Gloss Lipgloss | Lip Tint | Glassy | OMG Lipcream | OMG Lip tint | OMG Glassy liptint,lip,2024-05-25
14411942172,"cocok banget d jual kembali , adminnya gercep bisa instant smpe jam 8 malam",4,[Omorfo] OMG OH MY GLAM Lip Series | OMG OH MY GLAM Matte Kiss Lip Cream | Oh My Glam Gloss Lip Finish Vinyl 2.7gr OMG Lip Gloss Lipgloss | Lip Tint | Glassy | OMG Lipcream | OMG Lip tint | OMG Glassy liptint,lip,2024-03-05
30366150779,"Tekstur:konsisten yang kental
Cocok untuk:bibir
Warna:memilih nuansa yang terang",4,[Omorfo] OMG OH MY GLAM Lip Series | OMG OH MY GLAM Matte Kiss Lip Cream | Oh My Glam Gloss Lip Finish Vinyl 2.7gr OMG Lip Gloss Lipgloss | Lip Tint | Glassy | OMG Lipcream | OMG Lip tint | OMG Glassy liptint,lip,2025-02-08
7408252505,"Tekstur:Ringan
Warna:Bagus Baget
Ketahanan:bagus",4,[Omorfo] OMG OH MY GLAM Lip Series | OMG OH MY GLAM Matte Kiss Lip Cream | Oh My Glam Gloss Lip Finish Vinyl 2.7gr OMG Lip Gloss Lipgloss | Lip Tint | Glassy | OMG Lipcream | OMG Lip tint | OMG Glassy liptint,lip,2022-02-05
11581820449,"Profil Kecantikan:bagus

Pesanx 2 wrna bumble 1,ekspreso 1 .tpi yg datang malah wrna bumble smua,untung ada teman yg mau listip x juga klw ngk Sy ajukan pengembalian",4,[Omorfo] OMG OH MY GLAM Lip Series | OMG OH MY GLAM Matte Kiss Lip Cream | Oh My Glam Gloss Lip Finish Vinyl 2.7gr OMG Lip Gloss Lipgloss | Lip Tint | Glassy | OMG Lipcream | OMG Lip tint | OMG Glassy liptint,lip,2023-05-25
32536411762,"Tekstur:creamy
Cocok untuk:bibir & blush on
Warna:nude

Sayangnya 1 barang yg tdk aku pesan tp dikirimnya lain...tp ga papah",4,[Omorfo] OMG OH MY GLAM Lip Series | OMG OH MY GLAM Matte Kiss Lip Cream | Oh My Glam Gloss Lip Finish Vinyl 2.7gr OMG Lip Gloss Lipgloss | Lip Tint | Glassy | OMG Lipcream | OMG Lip tint | OMG Glassy liptint,lip,2025-03-10
13581079699,Pesan OMG no 12 yg datang implora 02,4,[Omorfo] OMG OH MY GLAM Lip Series | OMG OH MY GLAM Matte Kiss Lip Cream | Oh My Glam Gloss Lip Finish Vinyl 2.7gr OMG Lip Gloss Lipgloss | Lip Tint | Glassy | OMG Lipcream | OMG Lip tint | OMG Glassy liptint,lip,2023-12-17
36904538515,"Tekstur:memuaskan
Warna:bagus
Cocok untuk:berbagi jenis kulit",4,[Omorfo] OMG OH MY GLAM Lip Series | OMG OH MY GLAM Matte Kiss Lip Cream | Oh My Glam Gloss Lip Finish Vinyl 2.7gr OMG Lip Gloss Lipgloss | Lip Tint | Glassy | OMG Lipcream | OMG Lip tint | OMG Glassy liptint,lip,2025-04-12
11665224826,Barang tidak sesuai dengan pesan yang di pesan 2 yang datang cuma 1.,4,[Omorfo] OMG OH MY GLAM Lip Series | OMG OH MY GLAM Matte Kiss Lip Cream | Oh My Glam Gloss Lip Finish Vinyl 2.7gr OMG Lip Gloss Lipgloss | Lip Tint | Glassy | OMG Lipcream | OMG Lip tint | OMG Glassy liptint,lip,2023-06-05
13455604923,Pesan nmor 15 tapi yg dikirim 05  🥲🥲🥲,4,[Omorfo] OMG OH MY GLAM Lip Series | OMG OH MY GLAM Matte Kiss Lip Cream | Oh My Glam Gloss Lip Finish Vinyl 2.7gr OMG Lip Gloss Lipgloss | Lip Tint | Glassy | OMG Lipcream | OMG Lip tint | OMG Glassy liptint,lip,2023-12-07
13498884592,"Cocok Untuk:semua jenis kulit
Tekstur:lembut
Performa:baik

Bagus, sesuai pesanan",4,[Omorfo] OMG OH MY GLAM Lip Series | OMG OH MY GLAM Matte Kiss Lip Cream | Oh My Glam Gloss Lip Finish Vinyl 2.7gr OMG Lip Gloss Lipgloss | Lip Tint | Glassy | OMG Lipcream | OMG Lip tint | OMG Glassy liptint,lip,2023-12-11
11572996169,"selalu langganan di omorfo, lipstik nya juga enak di pake. cuma agak pucat warnanya di aku",4,[Omorfo] OMG OH MY GLAM Lip Series | OMG OH MY GLAM Matte Kiss Lip Cream | Oh My Glam Gloss Lip Finish Vinyl 2.7gr OMG Lip Gloss Lipgloss | Lip Tint | Glassy | OMG Lipcream | OMG Lip tint | OMG Glassy liptint,lip,2023-05-24
19197236898,"Tekstur:lembut
Cocok untuk:bibir gelap
Warna:kalen",4,[Omorfo] OMG OH MY GLAM Lip Series | OMG OH MY GLAM Matte Kiss Lip Cream | Oh My Glam Gloss Lip Finish Vinyl 2.7gr OMG Lip Gloss Lipgloss | Lip Tint | Glassy | OMG Lipcream | OMG Lip tint | OMG Glassy liptint,lip,2024-11-18
18004673177,"Tekstur:bagus
Cocok untuk:berbagai jenis kulit
Warna:natural",4,[Omorfo] OMG OH MY GLAM Lip Series | OMG OH MY GLAM Matte Kiss Lip Cream | Oh My Glam Gloss Lip Finish Vinyl 2.7gr OMG Lip Gloss Lipgloss | Lip Tint | Glassy | OMG Lipcream | OMG Lip tint | OMG Glassy liptint,lip,2024-11-07
42248711690,pengiriman cmn 1 hari makasih seller🙏,4,[Omorfo] OMG OH MY GLAM Lip Series | OMG OH MY GLAM Matte Kiss Lip Cream | Oh My Glam Gloss Lip Finish Vinyl 2.7gr OMG Lip Gloss Lipgloss | Lip Tint | Glassy | OMG Lipcream | OMG Lip tint | OMG Glassy liptint,lip,2025-05-14
15527091039,"Tekstur:baik
Cocok untuk:wajah
Warna:bagus sesuai dengan gambar",4,[Omorfo] OMG OH MY GLAM Lip Series | OMG OH MY GLAM Matte Kiss Lip Cream | Oh My Glam Gloss Lip Finish Vinyl 2.7gr OMG Lip Gloss Lipgloss | Lip Tint | Glassy | OMG Lipcream | OMG Lip tint | OMG Glassy liptint,lip,2024-06-15
10331333115,"Cocok Untuk:kulit puti
Tekstur:creamy

tllu teranb",4,[Omorfo] OMG OH MY GLAM Lip Series | OMG OH MY GLAM Matte Kiss Lip Cream | Oh My Glam Gloss Lip Finish Vinyl 2.7gr OMG Lip Gloss Lipgloss | Lip Tint | Glassy | OMG Lipcream | OMG Lip tint | OMG Glassy liptint,lip,2022-12-16
13968503651,Sdh order lipstiknya kesekian kalinya,4,[Omorfo] OMG OH MY GLAM Lip Series | OMG OH MY GLAM Matte Kiss Lip Cream | Oh My Glam Gloss Lip Finish Vinyl 2.7gr OMG Lip Gloss Lipgloss | Lip Tint | Glassy | OMG Lipcream | OMG Lip tint | OMG Glassy liptint,lip,2024-01-23
9610725068,Di ombre bgus bgtt,4,[Omorfo] OMG OH MY GLAM Lip Series | OMG OH MY GLAM Matte Kiss Lip Cream | Oh My Glam Gloss Lip Finish Vinyl 2.7gr OMG Lip Gloss Lipgloss | Lip Tint | Glassy | OMG Lipcream | OMG Lip tint | OMG Glassy liptint,lip,2022-09-20
11277795538,best ombre,4,[Omorfo] OMG OH MY GLAM Lip Series | OMG OH MY GLAM Matte Kiss Lip Cream | Oh My Glam Gloss Lip Finish Vinyl 2.7gr OMG Lip Gloss Lipgloss | Lip Tint | Glassy | OMG Lipcream | OMG Lip tint | OMG Glassy liptint,lip,2023-04-15
31857318966,"Pesan warna glassylip Burgundy, yg datang malah glassylip spring",4,[Omorfo] OMG OH MY GLAM Lip Series | OMG OH MY GLAM Matte Kiss Lip Cream | Oh My Glam Gloss Lip Finish Vinyl 2.7gr OMG Lip Gloss Lipgloss | Lip Tint | Glassy | OMG Lipcream | OMG Lip tint | OMG Glassy liptint,lip,2025-03-01
12867382976,Warnanya cantik . Pengiriman ceat,4,[Omorfo] OMG OH MY GLAM Lip Series | OMG OH MY GLAM Matte Kiss Lip Cream | Oh My Glam Gloss Lip Finish Vinyl 2.7gr OMG Lip Gloss Lipgloss | Lip Tint | Glassy | OMG Lipcream | OMG Lip tint | OMG Glassy liptint,lip,2023-10-14
16686161586,"Tekstur:lembut
Cocok untuk:untuk wanita
Warna:ok",4,[Omorfo] OMG OH MY GLAM Lip Series | OMG OH MY GLAM Matte Kiss Lip Cream | Oh My Glam Gloss Lip Finish Vinyl 2.7gr OMG Lip Gloss Lipgloss | Lip Tint | Glassy | OMG Lipcream | OMG Lip tint | OMG Glassy liptint,lip,2024-09-23
15045665000,aku pesan lipstik omg yg matte kiss yg di kirim malah mattelastt gimanasii,4,[Omorfo] OMG OH MY GLAM Lip Series | OMG OH MY GLAM Matte Kiss Lip Cream | Oh My Glam Gloss Lip Finish Vinyl 2.7gr OMG Lip Gloss Lipgloss | Lip Tint | Glassy | OMG Lipcream | OMG Lip tint | OMG Glassy liptint,lip,2024-05-01
13569115095,"Cocok Untuk:baik
Tekstur:baik
Performa:baik

baik",4,[Omorfo] OMG OH MY GLAM Lip Series | OMG OH MY GLAM Matte Kiss Lip Cream | Oh My Glam Gloss Lip Finish Vinyl 2.7gr OMG Lip Gloss Lipgloss | Lip Tint | Glassy | OMG Lipcream | OMG Lip tint | OMG Glassy liptint,lip,2023-12-16
17050750440,pesanan sudah sampai dan sesuai maaf yah gambat tidak sesuai🙏🏻🙏🏻🙏🏻,4,[Omorfo] OMG OH MY GLAM Lip Series | OMG OH MY GLAM Matte Kiss Lip Cream | Oh My Glam Gloss Lip Finish Vinyl 2.7gr OMG Lip Gloss Lipgloss | Lip Tint | Glassy | OMG Lipcream | OMG Lip tint | OMG Glassy liptint,lip,2024-10-10
43066121336,"Sudah brp kali order brg selalu kosong , pdhl sdh payment jd harus nunggu proses refund",4,[Omorfo] OMG OH MY GLAM Lip Series | OMG OH MY GLAM Matte Kiss Lip Cream | Oh My Glam Gloss Lip Finish Vinyl 2.7gr OMG Lip Gloss Lipgloss | Lip Tint | Glassy | OMG Lipcream | OMG Lip tint | OMG Glassy liptint,lip,2025-05-18
12463892018,mantull bgt,4,[Omorfo] OMG OH MY GLAM Lip Series | OMG OH MY GLAM Matte Kiss Lip Cream | Oh My Glam Gloss Lip Finish Vinyl 2.7gr OMG Lip Gloss Lipgloss | Lip Tint | Glassy | OMG Lipcream | OMG Lip tint | OMG Glassy liptint,lip,2023-09-03
15428179796,paket sesuai,4,[Omorfo] OMG OH MY GLAM Lip Series | OMG OH MY GLAM Matte Kiss Lip Cream | Oh My Glam Gloss Lip Finish Vinyl 2.7gr OMG Lip Gloss Lipgloss | Lip Tint | Glassy | OMG Lipcream | OMG Lip tint | OMG Glassy liptint,lip,2024-06-07
15440426074,"Tekstur:lembut
Cocok untuk:bibir glp
Warna:sesuai",4,[Omorfo] OMG OH MY GLAM Lip Series | OMG OH MY GLAM Matte Kiss Lip Cream | Oh My Glam Gloss Lip Finish Vinyl 2.7gr OMG Lip Gloss Lipgloss | Lip Tint | Glassy | OMG Lipcream | OMG Lip tint | OMG Glassy liptint,lip,2024-06-08
15895362634,"produknya habis, mohon chat saya direspon ya kak untuk pengembaliannya🙏",4,[Omorfo] OMG OH MY GLAM Lip Series | OMG OH MY GLAM Matte Kiss Lip Cream | Oh My Glam Gloss Lip Finish Vinyl 2.7gr OMG Lip Gloss Lipgloss | Lip Tint | Glassy | OMG Lipcream | OMG Lip tint | OMG Glassy liptint,lip,2024-07-19
80760403751,"Tekstur:halus ringan d bibir
Warna:netral
Cocok untuk:bibir",4,[Omorfo] OMG OH MY GLAM Lip Series | OMG OH MY GLAM Matte Kiss Lip Cream | Oh My Glam Gloss Lip Finish Vinyl 2.7gr OMG Lip Gloss Lipgloss | Lip Tint | Glassy | OMG Lipcream | OMG Lip tint | OMG Glassy liptint,lip,2025-12-05
32408171083,a,4,[Omorfo] OMG OH MY GLAM Lip Series | OMG OH MY GLAM Matte Kiss Lip Cream | Oh My Glam Gloss Lip Finish Vinyl 2.7gr OMG Lip Gloss Lipgloss | Lip Tint | Glassy | OMG Lipcream | OMG Lip tint | OMG Glassy liptint,lip,2025-03-07
52039587178,"Tekstur:baik
Warna:coklat
Cocok untuk:bibir",4,[Omorfo] OMG OH MY GLAM Lip Series | OMG OH MY GLAM Matte Kiss Lip Cream | Oh My Glam Gloss Lip Finish Vinyl 2.7gr OMG Lip Gloss Lipgloss | Lip Tint | Glassy | OMG Lipcream | OMG Lip tint | OMG Glassy liptint,lip,2025-06-19
8404686548,Warnanya cantik banget,4,[Omorfo] OMG OH MY GLAM Lip Series | OMG OH MY GLAM Matte Kiss Lip Cream | Oh My Glam Gloss Lip Finish Vinyl 2.7gr OMG Lip Gloss Lipgloss | Lip Tint | Glassy | OMG Lipcream | OMG Lip tint | OMG Glassy liptint,lip,2022-05-18
9272657830,"Tekstur:baik
Performa:baik
Cocok Untuk:.",4,[Omorfo] OMG OH MY GLAM Lip Series | OMG OH MY GLAM Matte Kiss Lip Cream | Oh My Glam Gloss Lip Finish Vinyl 2.7gr OMG Lip Gloss Lipgloss | Lip Tint | Glassy | OMG Lipcream | OMG Lip tint | OMG Glassy liptint,lip,2022-08-15
39306877982,sesuai udah langganan soalnya,4,[Omorfo] OMG OH MY GLAM Lip Series | OMG OH MY GLAM Matte Kiss Lip Cream | Oh My Glam Gloss Lip Finish Vinyl 2.7gr OMG Lip Gloss Lipgloss | Lip Tint | Glassy | OMG Lipcream | OMG Lip tint | OMG Glassy liptint,lip,2025-04-25
15604939352,Semua lengkap. Next order yg lain,4,[Omorfo] OMG OH MY GLAM Lip Series | OMG OH MY GLAM Matte Kiss Lip Cream | Oh My Glam Gloss Lip Finish Vinyl 2.7gr OMG Lip Gloss Lipgloss | Lip Tint | Glassy | OMG Lipcream | OMG Lip tint | OMG Glassy liptint,lip,2024-06-23
16079124984,Warna:salah shade,4,[Omorfo] OMG OH MY GLAM Lip Series | OMG OH MY GLAM Matte Kiss Lip Cream | Oh My Glam Gloss Lip Finish Vinyl 2.7gr OMG Lip Gloss Lipgloss | Lip Tint | Glassy | OMG Lipcream | OMG Lip tint | OMG Glassy liptint,lip,2024-08-06
10706156009,Bagus ❤️,4,[Omorfo] OMG OH MY GLAM Lip Series | OMG OH MY GLAM Matte Kiss Lip Cream | Oh My Glam Gloss Lip Finish Vinyl 2.7gr OMG Lip Gloss Lipgloss | Lip Tint | Glassy | OMG Lipcream | OMG Lip tint | OMG Glassy liptint,lip,2023-02-05
30560383100,ok,4,[Omorfo] OMG OH MY GLAM Lip Series | OMG OH MY GLAM Matte Kiss Lip Cream | Oh My Glam Gloss Lip Finish Vinyl 2.7gr OMG Lip Gloss Lipgloss | Lip Tint | Glassy | OMG Lipcream | OMG Lip tint | OMG Glassy liptint,lip,2025-02-09
10119703582,"Tekstur:baik
Performa:baik
Cocok Untuk:smua",4,[Omorfo] OMG OH MY GLAM Lip Series | OMG OH MY GLAM Matte Kiss Lip Cream | Oh My Glam Gloss Lip Finish Vinyl 2.7gr OMG Lip Gloss Lipgloss | Lip Tint | Glassy | OMG Lipcream | OMG Lip tint | OMG Glassy liptint,lip,2022-11-21
10925355203,"Tekstur:baik
Performa:baik
Cocok Untuk:bibir",4,[Omorfo] OMG OH MY GLAM Lip Series | OMG OH MY GLAM Matte Kiss Lip Cream | Oh My Glam Gloss Lip Finish Vinyl 2.7gr OMG Lip Gloss Lipgloss | Lip Tint | Glassy | OMG Lipcream | OMG Lip tint | OMG Glassy liptint,lip,2023-03-05
32791821396,"Tekstur:sesuai
Cocok untuk:semua
Warna:sesuai",4,[Omorfo] OMG OH MY GLAM Lip Series | OMG OH MY GLAM Matte Kiss Lip Cream | Oh My Glam Gloss Lip Finish Vinyl 2.7gr OMG Lip Gloss Lipgloss | Lip Tint | Glassy | OMG Lipcream | OMG Lip tint | OMG Glassy liptint,lip,2025-03-13
16726100346,"Tekstur:halus
Cocok untuk:semua
Warna:bgus",4,[Omorfo] OMG OH MY GLAM Lip Series | OMG OH MY GLAM Matte Kiss Lip Cream | Oh My Glam Gloss Lip Finish Vinyl 2.7gr OMG Lip Gloss Lipgloss | Lip Tint | Glassy | OMG Lipcream | OMG Lip tint | OMG Glassy liptint,lip,2024-09-26
40944691113,pas,4,[Omorfo] OMG OH MY GLAM Lip Series | OMG OH MY GLAM Matte Kiss Lip Cream | Oh My Glam Gloss Lip Finish Vinyl 2.7gr OMG Lip Gloss Lipgloss | Lip Tint | Glassy | OMG Lipcream | OMG Lip tint | OMG Glassy liptint,lip,2025-05-06
7501453817,Pesan yg shade 11 tapi yang datang malah shade 12,4,[Omorfo] OMG OH MY GLAM Lip Series | OMG OH MY GLAM Matte Kiss Lip Cream | Oh My Glam Gloss Lip Finish Vinyl 2.7gr OMG Lip Gloss Lipgloss | Lip Tint | Glassy | OMG Lipcream | OMG Lip tint | OMG Glassy liptint,lip,2022-02-16
15922206598,Warna:sesuai dengan pesanan,4,[Omorfo] OMG OH MY GLAM Lip Series | OMG OH MY GLAM Matte Kiss Lip Cream | Oh My Glam Gloss Lip Finish Vinyl 2.7gr OMG Lip Gloss Lipgloss | Lip Tint | Glassy | OMG Lipcream | OMG Lip tint | OMG Glassy liptint,lip,2024-07-22
15713983263,Beda dengan gambar produk dengan yang di kirim,4,[Omorfo] OMG OH MY GLAM Lip Series | OMG OH MY GLAM Matte Kiss Lip Cream | Oh My Glam Gloss Lip Finish Vinyl 2.7gr OMG Lip Gloss Lipgloss | Lip Tint | Glassy | OMG Lipcream | OMG Lip tint | OMG Glassy liptint,lip,2024-07-04
15590761524,"Tekstur:oky
Warna:oky

Ngk tahan lama",4,[Omorfo] OMG OH MY GLAM Lip Series | OMG OH MY GLAM Matte Kiss Lip Cream | Oh My Glam Gloss Lip Finish Vinyl 2.7gr OMG Lip Gloss Lipgloss | Lip Tint | Glassy | OMG Lipcream | OMG Lip tint | OMG Glassy liptint,lip,2024-06-22
17646370249,"Pesan masker putih, yg dtng hitam😭",4,[Omorfo] OMG OH MY GLAM Lip Series | OMG OH MY GLAM Matte Kiss Lip Cream | Oh My Glam Gloss Lip Finish Vinyl 2.7gr OMG Lip Gloss Lipgloss | Lip Tint | Glassy | OMG Lipcream | OMG Lip tint | OMG Glassy liptint,lip,2024-11-01
15668039235,Pesan ekspresso tapi yang datang cappucino,4,[Omorfo] OMG OH MY GLAM Lip Series | OMG OH MY GLAM Matte Kiss Lip Cream | Oh My Glam Gloss Lip Finish Vinyl 2.7gr OMG Lip Gloss Lipgloss | Lip Tint | Glassy | OMG Lipcream | OMG Lip tint | OMG Glassy liptint,lip,2024-06-29
11649135815,Efek:bgus,4,[Omorfo] OMG OH MY GLAM Lip Series | OMG OH MY GLAM Matte Kiss Lip Cream | Oh My Glam Gloss Lip Finish Vinyl 2.7gr OMG Lip Gloss Lipgloss | Lip Tint | Glassy | OMG Lipcream | OMG Lip tint | OMG Glassy liptint,lip,2023-06-03
41932211688,"Tekstur:cair
Warna:sesuai gambar",4,[Omorfo] OMG OH MY GLAM Lip Series | OMG OH MY GLAM Matte Kiss Lip Cream | Oh My Glam Gloss Lip Finish Vinyl 2.7gr OMG Lip Gloss Lipgloss | Lip Tint | Glassy | OMG Lipcream | OMG Lip tint | OMG Glassy liptint,lip,2025-05-12
13528576368,Cocok Untuk:cocok,4,[Omorfo] OMG OH MY GLAM Lip Series | OMG OH MY GLAM Matte Kiss Lip Cream | Oh My Glam Gloss Lip Finish Vinyl 2.7gr OMG Lip Gloss Lipgloss | Lip Tint | Glassy | OMG Lipcream | OMG Lip tint | OMG Glassy liptint,lip,2023-12-13
19341979199,Sy pesan nmr 25 yg datang nmr 27,4,[Omorfo] OMG OH MY GLAM Lip Series | OMG OH MY GLAM Matte Kiss Lip Cream | Oh My Glam Gloss Lip Finish Vinyl 2.7gr OMG Lip Gloss Lipgloss | Lip Tint | Glassy | OMG Lipcream | OMG Lip tint | OMG Glassy liptint,lip,2024-11-19
35871399742,Warna yang datang tidak sesuai dengan digambar,4,[Omorfo] OMG OH MY GLAM Lip Series | OMG OH MY GLAM Matte Kiss Lip Cream | Oh My Glam Gloss Lip Finish Vinyl 2.7gr OMG Lip Gloss Lipgloss | Lip Tint | Glassy | OMG Lipcream | OMG Lip tint | OMG Glassy liptint,lip,2025-04-06
81680321855,Bagus mudah diaplikasikan,4,[Omorfo] OMG OH MY GLAM Lip Series | OMG OH MY GLAM Matte Kiss Lip Cream | Oh My Glam Gloss Lip Finish Vinyl 2.7gr OMG Lip Gloss Lipgloss | Lip Tint | Glassy | OMG Lipcream | OMG Lip tint | OMG Glassy liptint,lip,2025-12-14
16269056931,Knp produknya tdk tersegel,4,[Omorfo] OMG OH MY GLAM Lip Series | OMG OH MY GLAM Matte Kiss Lip Cream | Oh My Glam Gloss Lip Finish Vinyl 2.7gr OMG Lip Gloss Lipgloss | Lip Tint | Glassy | OMG Lipcream | OMG Lip tint | OMG Glassy liptint,lip,2024-08-22
56975237698,"Tekstur:padat tapi gak tahan lana
Warna:natural

warnanya bagus gak bikin bibir kering",4,[Omorfo] OMG OH MY GLAM Lip Series | OMG OH MY GLAM Matte Kiss Lip Cream | Oh My Glam Gloss Lip Finish Vinyl 2.7gr OMG Lip Gloss Lipgloss | Lip Tint | Glassy | OMG Lipcream | OMG Lip tint | OMG Glassy liptint,lip,2025-07-05
37628936772,"Tekstur:sangat lembut dan nyaman
Warna:lebih terang dari espektasi
Cocok untuk:semua

Sudah sampai lip glosnya pengiirimannnya sangat cepat baru peaan semalam paketnya sudah sampai bagus dapat harga diskon",4,[Omorfo] OMG OH MY GLAM Lip Series | OMG OH MY GLAM Matte Kiss Lip Cream | Oh My Glam Gloss Lip Finish Vinyl 2.7gr OMG Lip Gloss Lipgloss | Lip Tint | Glassy | OMG Lipcream | OMG Lip tint | OMG Glassy liptint,lip,2025-04-16
38070967496,"Tekstur:memuaskan dan cocok untuk semua
Warna:warna cantik dan menarik
Cocok untuk:semua

Liptinya bagus nyaman di bibir dapat harga diskon jadi lebih murah oke",4,[Omorfo] OMG OH MY GLAM Lip Series | OMG OH MY GLAM Matte Kiss Lip Cream | Oh My Glam Gloss Lip Finish Vinyl 2.7gr OMG Lip Gloss Lipgloss | Lip Tint | Glassy | OMG Lipcream | OMG Lip tint | OMG Glassy liptint,lip,2025-04-18
37628773627,"Tekstur:baikkk
Warna:tahanaanan
Cocok untuk:sheheusmssob

Snsoeuebemmmjdbddkdmdhdb",4,[Omorfo] OMG OH MY GLAM Lip Series | OMG OH MY GLAM Matte Kiss Lip Cream | Oh My Glam Gloss Lip Finish Vinyl 2.7gr OMG Lip Gloss Lipgloss | Lip Tint | Glassy | OMG Lipcream | OMG Lip tint | OMG Glassy liptint,lip,2025-04-16
36754629648,"Tekstur:cair tapi ga cair banget
Warna:merah meronaa
Cocok untuk:bibir walaupun di aku bikin kering",4,[Omorfo] OMG OH MY GLAM Lip Series | OMG OH MY GLAM Matte Kiss Lip Cream | Oh My Glam Gloss Lip Finish Vinyl 2.7gr OMG Lip Gloss Lipgloss | Lip Tint | Glassy | OMG Lipcream | OMG Lip tint | OMG Glassy liptint,lip,2025-04-11
48695527705,"Tekstur:ok
Warna:ok
Cocok untuk:ok

Terima kasih seller. Barang tiba dengan baik. Lumayan sesuai harga.",4,[Omorfo] OMG OH MY GLAM Lip Series | OMG OH MY GLAM Matte Kiss Lip Cream | Oh My Glam Gloss Lip Finish Vinyl 2.7gr OMG Lip Gloss Lipgloss | Lip Tint | Glassy | OMG Lipcream | OMG Lip tint | OMG Glassy liptint,lip,2025-06-14
12492213912,"Performa:bagus
Cocok Untuk:bibir
Tekstur:creamy

Produk lipcream dari omg emang bagus tapi sayang nggak cocok untuk bibir yg kering banget. 
Tpi lipcream ini bagus untuk digunakan sebagai ombre",4,[Omorfo] OMG OH MY GLAM Lip Series | OMG OH MY GLAM Matte Kiss Lip Cream | Oh My Glam Gloss Lip Finish Vinyl 2.7gr OMG Lip Gloss Lipgloss | Lip Tint | Glassy | OMG Lipcream | OMG Lip tint | OMG Glassy liptint,lip,2023-09-06
33650820956,"Tekstur:nyaman
Cocok untuk:lembut
Warna:menarik

cakep",4,[Omorfo] OMG OH MY GLAM Lip Series | OMG OH MY GLAM Matte Kiss Lip Cream | Oh My Glam Gloss Lip Finish Vinyl 2.7gr OMG Lip Gloss Lipgloss | Lip Tint | Glassy | OMG Lipcream | OMG Lip tint | OMG Glassy liptint,lip,2025-03-24
13908418533,"Produknya bagus, mantul, sesuaii lah dengan harga produk yaa… good",4,[Omorfo] OMG OH MY GLAM Lip Series | OMG OH MY GLAM Matte Kiss Lip Cream | Oh My Glam Gloss Lip Finish Vinyl 2.7gr OMG Lip Gloss Lipgloss | Lip Tint | Glassy | OMG Lipcream | OMG Lip tint | OMG Glassy liptint,lip,2024-01-17
32271152360,"Produknya bagus semoga cocok dimukaku, terimakasih seller",4,[Omorfo] OMG OH MY GLAM Lip Series | OMG OH MY GLAM Matte Kiss Lip Cream | Oh My Glam Gloss Lip Finish Vinyl 2.7gr OMG Lip Gloss Lipgloss | Lip Tint | Glassy | OMG Lipcream | OMG Lip tint | OMG Glassy liptint,lip,2025-03-06
14622161192,"Performa:baik

Paketnya sampai dgn selamat, terimakasih, barangnya juga lengkap 👍 👍",4,[Omorfo] OMG OH MY GLAM Lip Series | OMG OH MY GLAM Matte Kiss Lip Cream | Oh My Glam Gloss Lip Finish Vinyl 2.7gr OMG Lip Gloss Lipgloss | Lip Tint | Glassy | OMG Lipcream | OMG Lip tint | OMG Glassy liptint,lip,2024-03-23
16800600817,"Tekstur:Lembur
Cocok untuk:Bibir
Warna:Sesuai dengan pesanan

Warnanya emang bagus buat base ombre sariawan haha, btw bingung mau review apa lagi yang jelas ini bagus",4,[Omorfo] OMG OH MY GLAM Lip Series | OMG OH MY GLAM Matte Kiss Lip Cream | Oh My Glam Gloss Lip Finish Vinyl 2.7gr OMG Lip Gloss Lipgloss | Lip Tint | Glassy | OMG Lipcream | OMG Lip tint | OMG Glassy liptint,lip,2024-09-28
29320548916,"Tekstur:matter
Cocok untuk:bibir
Warna:terang sesuai warna

terang cocok untuk bibir gelap dan bertestyr matter",4,[Omorfo] OMG OH MY GLAM Lip Series | OMG OH MY GLAM Matte Kiss Lip Cream | Oh My Glam Gloss Lip Finish Vinyl 2.7gr OMG Lip Gloss Lipgloss | Lip Tint | Glassy | OMG Lipcream | OMG Lip tint | OMG Glassy liptint,lip,2025-01-26
15602037225,"Tekstur:Lembut dan nyaman
Cocok untuk:Bibir
Warna:Sesuai ekspektasi

Baru pertama kali mencoba shade yg ini sih warna bagus untuk ombre......",4,[Omorfo] OMG OH MY GLAM Lip Series | OMG OH MY GLAM Matte Kiss Lip Cream | Oh My Glam Gloss Lip Finish Vinyl 2.7gr OMG Lip Gloss Lipgloss | Lip Tint | Glassy | OMG Lipcream | OMG Lip tint | OMG Glassy liptint,lip,2024-06-23
15529750664,"Tekstur:ringan
Cocok untuk:bibir imut nan lucu
Warna:menarik

bagus sesuai pesanan, cantik warnanya bisa utk di ombre gitu.
thanks yah",4,[Omorfo] OMG OH MY GLAM Lip Series | OMG OH MY GLAM Matte Kiss Lip Cream | Oh My Glam Gloss Lip Finish Vinyl 2.7gr OMG Lip Gloss Lipgloss | Lip Tint | Glassy | OMG Lipcream | OMG Lip tint | OMG Glassy liptint,lip,2024-06-15
42890182680,"Tekstur:tekstur ga terlalu cair ga terlalu padat, pas
Warna:tidak memiliki warna sama sekali alias cler",4,[Omorfo] OMG OH MY GLAM Lip Series | OMG OH MY GLAM Matte Kiss Lip Cream | Oh My Glam Gloss Lip Finish Vinyl 2.7gr OMG Lip Gloss Lipgloss | Lip Tint | Glassy | OMG Lipcream | OMG Lip tint | OMG Glassy liptint,lip,2025-05-17
16726557424,"Tekstur:cream

Pesan kode 10 dan 20 kok yang datang warna sama meskipun kemasannya kode berbeda 
Apa memang begitu ya ?",4,[Omorfo] OMG OH MY GLAM Lip Series | OMG OH MY GLAM Matte Kiss Lip Cream | Oh My Glam Gloss Lip Finish Vinyl 2.7gr OMG Lip Gloss Lipgloss | Lip Tint | Glassy | OMG Lipcream | OMG Lip tint | OMG Glassy liptint,lip,2024-09-26
13203117315,"Performa:Bagus
Tekstur:Ringan dan tahan lama
Cocok Untuk:Dipakai setiap hari

Cukup ringan di bibir, tahan lama",4,[Omorfo] OMG OH MY GLAM Lip Series | OMG OH MY GLAM Matte Kiss Lip Cream | Oh My Glam Gloss Lip Finish Vinyl 2.7gr OMG Lip Gloss Lipgloss | Lip Tint | Glassy | OMG Lipcream | OMG Lip tint | OMG Glassy liptint,lip,2023-11-14
13139288578,"Tekstur:ok
Performa:ok
Cocok Untuk:ok

Packing dan pengiriman super Ok semoga langganan di toko ini aku suka",4,[Omorfo] OMG OH MY GLAM Lip Series | OMG OH MY GLAM Matte Kiss Lip Cream | Oh My Glam Gloss Lip Finish Vinyl 2.7gr OMG Lip Gloss Lipgloss | Lip Tint | Glassy | OMG Lipcream | OMG Lip tint | OMG Glassy liptint,lip,2023-11-08
15309200520,"Tekstur:bagus
Cocok untuk:cocok

Bagus dan bisa di pake sehari-haru serta teksturnya ringan",4,[Omorfo] OMG OH MY GLAM Lip Series | OMG OH MY GLAM Matte Kiss Lip Cream | Oh My Glam Gloss Lip Finish Vinyl 2.7gr OMG Lip Gloss Lipgloss | Lip Tint | Glassy | OMG Lipcream | OMG Lip tint | OMG Glassy liptint,lip,2024-05-26
12509748302,"Tekstur:Creamy dan lembut
Cocok Untuk:Pemakaian sehari hari
Performa:Ketahanan sangat baik",4,[Omorfo] OMG OH MY GLAM Lip Series | OMG OH MY GLAM Matte Kiss Lip Cream | Oh My Glam Gloss Lip Finish Vinyl 2.7gr OMG Lip Gloss Lipgloss | Lip Tint | Glassy | OMG Lipcream | OMG Lip tint | OMG Glassy liptint,lip,2023-09-07
15158611462,"Performa:babgus
Cocok Untuk:bibjr
Tekstur:cair

Suka sama lipstik omg shade 10",4,[Omorfo] OMG OH MY GLAM Lip Series | OMG OH MY GLAM Matte Kiss Lip Cream | Oh My Glam Gloss Lip Finish Vinyl 2.7gr OMG Lip Gloss Lipgloss | Lip Tint | Glassy | OMG Lipcream | OMG Lip tint | OMG Glassy liptint,lip,2024-05-11
15547230537,Bgss asli tidak kering samsek weh formulanya bagus kemasan baru makaciii,4,[Omorfo] OMG OH MY GLAM Lip Series | OMG OH MY GLAM Matte Kiss Lip Cream | Oh My Glam Gloss Lip Finish Vinyl 2.7gr OMG Lip Gloss Lipgloss | Lip Tint | Glassy | OMG Lipcream | OMG Lip tint | OMG Glassy liptint,lip,2024-06-17
22091082519,"Tekstur:cukup memuaskan dan sesuai ekspektasi
Cocok untuk:bibir",4,[Omorfo] OMG OH MY GLAM Lip Series | OMG OH MY GLAM Matte Kiss Lip Cream | Oh My Glam Gloss Lip Finish Vinyl 2.7gr OMG Lip Gloss Lipgloss | Lip Tint | Glassy | OMG Lipcream | OMG Lip tint | OMG Glassy liptint,lip,2024-12-11
16003428286,"Cocok untuk ombre lip, warnanya agak gelap keliatan dewasa",4,[Omorfo] OMG OH MY GLAM Lip Series | OMG OH MY GLAM Matte Kiss Lip Cream | Oh My Glam Gloss Lip Finish Vinyl 2.7gr OMG Lip Gloss Lipgloss | Lip Tint | Glassy | OMG Lipcream | OMG Lip tint | OMG Glassy liptint,lip,2024-07-30
13123819152,Baik,4,[Omorfo] OMG OH MY GLAM Lip Series | OMG OH MY GLAM Matte Kiss Lip Cream | Oh My Glam Gloss Lip Finish Vinyl 2.7gr OMG Lip Gloss Lipgloss | Lip Tint | Glassy | OMG Lipcream | OMG Lip tint | OMG Glassy liptint,lip,2023-11-07
17309970886,"Pelayanan penjualnya kurang teliti saya pesan eyeliner 1 pensil alis 1 yang datang pensil alis 2 😤😤 ,,mana lupa amboxing lagi,respon penjualnya jga kurang memuaskan👎",1,[Omorfo] IMPLORA Eyebrow Pencil 2in1 Original BPOM | Pensil Alis Black Brown Dark Brown Grey Brown Plus Rautan Spoolia Brush,makeup,2024-10-22
13798999405,Nda ngertika lagi sama packinganya ini + pensil alis pesannya warna itam yg dtg brown🥵🥵🥵,1,[Omorfo] IMPLORA Eyebrow Pencil 2in1 Original BPOM | Pensil Alis Black Brown Dark Brown Grey Brown Plus Rautan Spoolia Brush,makeup,2024-01-07
17583790896,"Ini di baca ga si kak, lain yang di pesen lain yang dikirim. Pesen kuas tipisnya yang besar yang kecil  yang di kirim",1,[Omorfo] IMPLORA Eyebrow Pencil 2in1 Original BPOM | Pensil Alis Black Brown Dark Brown Grey Brown Plus Rautan Spoolia Brush,makeup,2024-10-29
7086939294,Pesan brown yg dkirim hitam.komplen ditolak karna tdk ad video pdhal ada foto kok itupun masih dalam kemasan paket.di chat katnya dkirim dihari yg sama pdahal tidak..kecewa !!!,1,[Omorfo] IMPLORA Eyebrow Pencil 2in1 Original BPOM | Pensil Alis Black Brown Dark Brown Grey Brown Plus Rautan Spoolia Brush,makeup,2021-12-31
13591850462,"Performa:begitulah
Cocok Untuk:tdk tau
Tekstur:tdk tau",1,[Omorfo] IMPLORA Eyebrow Pencil 2in1 Original BPOM | Pensil Alis Black Brown Dark Brown Grey Brown Plus Rautan Spoolia Brush,makeup,2023-12-18
80946905051,"lain kali diperhatikan,sya pesan sisir keramas tapi pas dtg tidak ada",1,[Omorfo] IMPLORA Eyebrow Pencil 2in1 Original BPOM | Pensil Alis Black Brown Dark Brown Grey Brown Plus Rautan Spoolia Brush,makeup,2025-12-07
10121642820,"Tekstur:barang ga dikirim
Performa:jelek
Cocok Untuk:ga cocok

pesen yg warna item barangnya ga dikirim,percuma si pengiriman nya cepet kalau ga teliti,dichat ga direspon,dan 80 persen yang ngasi  bintang 1 itu pesanannya ga lengkap.apa mmng tokonya yg mau curang ya? curang ga bikin lo tmbh tajir mba",1,[Omorfo] IMPLORA Eyebrow Pencil 2in1 Original BPOM | Pensil Alis Black Brown Dark Brown Grey Brown Plus Rautan Spoolia Brush,makeup,2022-11-21
16915148543,"Sabun cuci muka nu face isinya keluar (bocor) , tdk aman dalam pengirimannya,,",1,[Omorfo] IMPLORA Eyebrow Pencil 2in1 Original BPOM | Pensil Alis Black Brown Dark Brown Grey Brown Plus Rautan Spoolia Brush,makeup,2024-10-03
17695537569,"Kecewa sih, pertama kali beli di toko ini sudah begini, tidak sesuai keinginan . Saya pesan sabun batang 3 tidak ada di kirim. Pensil alisnya saya minta yang warna hitam mala di kirim warna lain. 😔 Klo begini 1 kali kita beli nantinya tdk mau beli di tokoh ini
. tokohnya tdk amanah , tidak berkah Klo begini😖 harganya tdk seberapa sih tapi kan saya sudah beli. Baru barangnya tdk ada 😔",1,[Omorfo] IMPLORA Eyebrow Pencil 2in1 Original BPOM | Pensil Alis Black Brown Dark Brown Grey Brown Plus Rautan Spoolia Brush,makeup,2024-11-02
32534168569,"Aku pesannya facewash omg malah dikirim sunscreen omg, btw saya saran perhatikan baik-baik sebelum di packing, mana sunscreen gak dipakai lagi😌",1,[Omorfo] IMPLORA Eyebrow Pencil 2in1 Original BPOM | Pensil Alis Black Brown Dark Brown Grey Brown Plus Rautan Spoolia Brush,makeup,2025-03-10
30575104086,"Saya pesan barang 3pcs tapi yang datang cuma 2, emang Iyya sudah dikonfirmasi sebelum kirim barang kalau barang kosong, tapi sebagai penjual kurang sekali pertanggung jawabannya, ini sudah hampir 1 bulan saya minta pengembalian dana tapi tidak ada sampai sekarang, respon Iyya ada, tapi sama saja bohong soalnya dana tidak ada kembali sampai sekarang, masa Iyya uang saya terbuang percuma, ini bukan pertama kali saya belanja online, biasa saya belanja di toko lain, kalau memang stok barang ada yang kurang tidak sesuai dengan yang sudah dipesan yah uang lngsung dikembalikan.. sekarang ini penilaian saya, terserah uang mau kembali atau tidak setidaknya ini real testi saya, saya tidak akan ubah penilaian saya 🙏",1,[Omorfo] IMPLORA Eyebrow Pencil 2in1 Original BPOM | Pensil Alis Black Brown Dark Brown Grey Brown Plus Rautan Spoolia Brush,makeup,2025-02-10
16051235506,"Pesanan yg dikirim tidak sesuai , slow respon !",1,[Omorfo] IMPLORA Eyebrow Pencil 2in1 Original BPOM | Pensil Alis Black Brown Dark Brown Grey Brown Plus Rautan Spoolia Brush,makeup,2024-08-03
16164025192,"Tekstur:-

Agak kecewa kedua kalinya dengan toko ini, pesanan yang datang beda, mesan jepit rambut pita yang datang malah jepit rambut biasa",1,[Omorfo] IMPLORA Eyebrow Pencil 2in1 Original BPOM | Pensil Alis Black Brown Dark Brown Grey Brown Plus Rautan Spoolia Brush,makeup,2024-08-13
16248368317,"Tidak dikirim,disuruh ajukan pengembalian tp ribet banget.hati2 aja klo mau beli ditoko ini,mereka cenderung tdk terlalu memperhatikan pesanan cs krn yg sy lihat sdh bnyk yg complain ttg barangnya yg kurang, toko ini harusnya lebih teliti lg krn sdh di complain gitu,ataukah mmg sengaja barangnya gak dikirim.alih2 nyuruh ajukan pengembalian,mmgnya mngajukan itu gak ribet.
Tokonya jg asal kirim, sy jg pesan jedai tp yg dikirim model lain.
Kok bisa gitu yah?
Asal ngirim pesanan orang,gak mungkin hilaf sih,",1,[Omorfo] IMPLORA Eyebrow Pencil 2in1 Original BPOM | Pensil Alis Black Brown Dark Brown Grey Brown Plus Rautan Spoolia Brush,makeup,2024-08-20
30361223345,"Maaf yah saya kecewa bgt sama toko ini, gamau beli disini lagi. Pesen eyeshadow ga di kirim. Udh cekout pake bubble wrap juga ga dikasihnya. Cuma dikasih plastik biasa. Tolong lebih teliti lagi dong. Di chat juga ga dibalas padahal online. 28k juga uang itu kak, namanya anda korupsi. Ga amanah. Ga sukaaa deh. Kalo ada bintang -100 ku kasih -100. Pelayanannya juga buruk. 👎🏻👎🏻👎🏻",1,[Omorfo] IMPLORA Eyebrow Pencil 2in1 Original BPOM | Pensil Alis Black Brown Dark Brown Grey Brown Plus Rautan Spoolia Brush,makeup,2025-02-07
28912439704,Penipu barang datang ga sesuai pesanan malah di kasih barang bekas. Makan itu uang haram hasil nipu,1,[Omorfo] IMPLORA Eyebrow Pencil 2in1 Original BPOM | Pensil Alis Black Brown Dark Brown Grey Brown Plus Rautan Spoolia Brush,makeup,2025-01-17
16167369860,"Tekstur:tdk tau
Warna:tdk tau
Kegunaan:brng tdk dikirim

Brng tdk dikirm tdk ada yg bisa dinilai🥲sedekah lagi",1,[Omorfo] IMPLORA Eyebrow Pencil 2in1 Original BPOM | Pensil Alis Black Brown Dark Brown Grey Brown Plus Rautan Spoolia Brush,makeup,2024-08-13
52036313530,"Barangnya tidak ada, tapi tidak ada konfirmasi sebelumnya bahwa barang tidak ada tapi sudah lakukan pembayaran",1,[Omorfo] IMPLORA Eyebrow Pencil 2in1 Original BPOM | Pensil Alis Black Brown Dark Brown Grey Brown Plus Rautan Spoolia Brush,makeup,2025-06-19
10230940343,"Nyeselllllllllllll pakee bangetttttt beliii disiiiniiii... responnn penjualnyaaa lamaaaa bangetttt,,, chatt di liatt doangggg,, uangnyaa gak dikembaliinnn. Untuk pertama dan terakhir gua beli disinii",1,[Omorfo] IMPLORA Eyebrow Pencil 2in1 Original BPOM | Pensil Alis Black Brown Dark Brown Grey Brown Plus Rautan Spoolia Brush,makeup,2022-12-05
8478203407,Ketahanan:saya pesannya implora knp yg dtg merek lain,1,[Omorfo] IMPLORA Eyebrow Pencil 2in1 Original BPOM | Pensil Alis Black Brown Dark Brown Grey Brown Plus Rautan Spoolia Brush,makeup,2022-05-25
44937721418,Tidak sesuai cara kirimnya lain di pesan lain di kirm,1,[Omorfo] IMPLORA Eyebrow Pencil 2in1 Original BPOM | Pensil Alis Black Brown Dark Brown Grey Brown Plus Rautan Spoolia Brush,makeup,2025-05-28
6260466944,"Warna:chdhdh
Kenyamanan aplikator:xhshsh
Ketahanan:bhshshd

Pensil alis tidak di kirim,😡",1,[Omorfo] IMPLORA Eyebrow Pencil 2in1 Original BPOM | Pensil Alis Black Brown Dark Brown Grey Brown Plus Rautan Spoolia Brush,makeup,2021-10-13
59879468936,"barang yang dikirim tidak lengkap, giliran di chat di suruh ini itu tapi tetap aja dana tidak di kembalikan,. Bukan masalah dana yang tdk di kembalikan banyak, tapi sama sekali tidak amanah!!",1,[Omorfo] IMPLORA Eyebrow Pencil 2in1 Original BPOM | Pensil Alis Black Brown Dark Brown Grey Brown Plus Rautan Spoolia Brush,makeup,2025-07-13
18075392001,"Barang yg ini nggak dikirim,padahal lagi butuh 🤦🏼‍♀️🤦🏼‍♀️",1,[Omorfo] IMPLORA Eyebrow Pencil 2in1 Original BPOM | Pensil Alis Black Brown Dark Brown Grey Brown Plus Rautan Spoolia Brush,makeup,2024-11-10
6068666664,Minta wrna hitam dikirim silver🤦 seller gak respon,1,[Omorfo] IMPLORA Eyebrow Pencil 2in1 Original BPOM | Pensil Alis Black Brown Dark Brown Grey Brown Plus Rautan Spoolia Brush,makeup,2021-09-22
15468955482,"pesannya 4 dikirim cuma 1 anjirt, ngga di video karena aku pikir udah pasti ngga salah yahh, soalnya langganan jg beli offlinenya, kalau emang ngga niat jual ngga usah wkwk",1,[Omorfo] IMPLORA Eyebrow Pencil 2in1 Original BPOM | Pensil Alis Black Brown Dark Brown Grey Brown Plus Rautan Spoolia Brush,makeup,2024-06-10
40560899907,Sya pesan ini tpi tidk ada di isian paketnya,1,[Omorfo] IMPLORA Eyebrow Pencil 2in1 Original BPOM | Pensil Alis Black Brown Dark Brown Grey Brown Plus Rautan Spoolia Brush,makeup,2025-05-03
96057194776,saya pesan dua lem kuku yang dikirim malah satu,1,[Omorfo] IMPLORA Eyebrow Pencil 2in1 Original BPOM | Pensil Alis Black Brown Dark Brown Grey Brown Plus Rautan Spoolia Brush,makeup,2026-04-17
9332802212,"SANGAT KECEWA. PESAN IMPLORA, YANG DATANG XIU XIU",1,[Omorfo] IMPLORA Eyebrow Pencil 2in1 Original BPOM | Pensil Alis Black Brown Dark Brown Grey Brown Plus Rautan Spoolia Brush,makeup,2022-08-20
9705744968,Pesan yg silver yg datang warna coklat 👎👎👎,1,[Omorfo] IMPLORA Eyebrow Pencil 2in1 Original BPOM | Pensil Alis Black Brown Dark Brown Grey Brown Plus Rautan Spoolia Brush,makeup,2022-10-01
33042558004,"Gak ada barangnya,, gak amanah",1,[Omorfo] IMPLORA Eyebrow Pencil 2in1 Original BPOM | Pensil Alis Black Brown Dark Brown Grey Brown Plus Rautan Spoolia Brush,makeup,2025-03-17
16242958482,Pencil alis implora nya kaga ada,1,[Omorfo] IMPLORA Eyebrow Pencil 2in1 Original BPOM | Pensil Alis Black Brown Dark Brown Grey Brown Plus Rautan Spoolia Brush,makeup,2024-08-20
9588380236,Pesannya 2 dikirim 1,1,[Omorfo] IMPLORA Eyebrow Pencil 2in1 Original BPOM | Pensil Alis Black Brown Dark Brown Grey Brown Plus Rautan Spoolia Brush,makeup,2022-09-17
13503940083,Pensil alisnya gak dikirim,1,[Omorfo] IMPLORA Eyebrow Pencil 2in1 Original BPOM | Pensil Alis Black Brown Dark Brown Grey Brown Plus Rautan Spoolia Brush,makeup,2023-12-11
79025481953,Sabunnya palsu,1,[Omorfo] IMPLORA Eyebrow Pencil 2in1 Original BPOM | Pensil Alis Black Brown Dark Brown Grey Brown Plus Rautan Spoolia Brush,makeup,2025-11-14
15686191590,Apa mau diniliai klo nda dikirim. Cuma gunting kuku dikirim. Pensil alisnya tdk ada!!! Mengecewakan pdhl sering beli dsni,1,[Omorfo] IMPLORA Eyebrow Pencil 2in1 Original BPOM | Pensil Alis Black Brown Dark Brown Grey Brown Plus Rautan Spoolia Brush,makeup,2024-07-01
11027945357,Saya pesan pensil alis implora 2 kok yg dtang 1 xixiu baru ngak ada konfom dari admin nya pula kalau emang ngak ada barang nya tolong d konfirmasi k pembeli,2,[Omorfo] IMPLORA Eyebrow Pencil 2in1 Original BPOM | Pensil Alis Black Brown Dark Brown Grey Brown Plus Rautan Spoolia Brush,makeup,2023-03-18
35869157114,"rugi, pesan 2 pensil alis tapi yang datang cuma 1",2,[Omorfo] IMPLORA Eyebrow Pencil 2in1 Original BPOM | Pensil Alis Black Brown Dark Brown Grey Brown Plus Rautan Spoolia Brush,makeup,2025-04-06
13502812255,Bagus cuma pesan 6 kapan yang datang cuma 5🥲padahal untuk di jual,2,[Omorfo] IMPLORA Eyebrow Pencil 2in1 Original BPOM | Pensil Alis Black Brown Dark Brown Grey Brown Plus Rautan Spoolia Brush,makeup,2023-12-11
15645862990,Sudah 2x beli di toko ini tpi barang dipesan pasti kurang 1,2,[Omorfo] IMPLORA Eyebrow Pencil 2in1 Original BPOM | Pensil Alis Black Brown Dark Brown Grey Brown Plus Rautan Spoolia Brush,makeup,2024-06-27
45993928379,Pesan 3produk yg dkirim cuma 2 barang seharusnya konfir dlu,2,[Omorfo] IMPLORA Eyebrow Pencil 2in1 Original BPOM | Pensil Alis Black Brown Dark Brown Grey Brown Plus Rautan Spoolia Brush,makeup,2025-06-02
12076966040,Dari sallernya lama banget pd hal sekota,2,[Omorfo] IMPLORA Eyebrow Pencil 2in1 Original BPOM | Pensil Alis Black Brown Dark Brown Grey Brown Plus Rautan Spoolia Brush,makeup,2023-07-24
11410919617,Pensil alisnya kurang 1,2,[Omorfo] IMPLORA Eyebrow Pencil 2in1 Original BPOM | Pensil Alis Black Brown Dark Brown Grey Brown Plus Rautan Spoolia Brush,makeup,2023-05-04
17858120135,tdk sesuai yg dpsan,2,[Omorfo] IMPLORA Eyebrow Pencil 2in1 Original BPOM | Pensil Alis Black Brown Dark Brown Grey Brown Plus Rautan Spoolia Brush,makeup,2024-11-05
17512232808,Tidak ada barangnya dikirim,2,[Omorfo] IMPLORA Eyebrow Pencil 2in1 Original BPOM | Pensil Alis Black Brown Dark Brown Grey Brown Plus Rautan Spoolia Brush,makeup,2024-10-27
17288573378,Barang tidak dikirim,2,[Omorfo] IMPLORA Eyebrow Pencil 2in1 Original BPOM | Pensil Alis Black Brown Dark Brown Grey Brown Plus Rautan Spoolia Brush,makeup,2024-10-22
80021468328,"Produknya ga bagus, hasilnya kyk gini klw diserut kyk ada lapisan plastik tipis",2,[Omorfo] IMPLORA Eyebrow Pencil 2in1 Original BPOM | Pensil Alis Black Brown Dark Brown Grey Brown Plus Rautan Spoolia Brush,makeup,2025-11-28
11567128173,"Manfaat:kerenn
Tips Pengguna:hati²
Profil Kecantikan:100p

Yok beli",2,[Omorfo] IMPLORA Eyebrow Pencil 2in1 Original BPOM | Pensil Alis Black Brown Dark Brown Grey Brown Plus Rautan Spoolia Brush,makeup,2023-05-23
12495959551,"Pensil alisnya gk ada , lupa juga Vidionnya jd GK ada bukti. Tapi tak mengapa",2,[Omorfo] IMPLORA Eyebrow Pencil 2in1 Original BPOM | Pensil Alis Black Brown Dark Brown Grey Brown Plus Rautan Spoolia Brush,makeup,2023-09-06
28659905397,tdk sesuai yg dipesan beda sama yg datang...kecewa,2,[Omorfo] IMPLORA Eyebrow Pencil 2in1 Original BPOM | Pensil Alis Black Brown Dark Brown Grey Brown Plus Rautan Spoolia Brush,makeup,2025-01-16
15506287161,"Tekstur:memiliki temstur yg padat
Warna:cokelat elegan cocok untuk kulit sawo matang

bagus di aku nd norak",3,[Omorfo] IMPLORA Eyebrow Pencil 2in1 Original BPOM | Pensil Alis Black Brown Dark Brown Grey Brown Plus Rautan Spoolia Brush,makeup,2024-06-13
12700386830,"Performa:bagus
Cocok Untuk:alis
Tekstur:bagus

Barngnya ori dan harganya murah, terimah kasih",3,[Omorfo] IMPLORA Eyebrow Pencil 2in1 Original BPOM | Pensil Alis Black Brown Dark Brown Grey Brown Plus Rautan Spoolia Brush,makeup,2023-09-27
15611788063,"Tekstur:padat
Warna:sesuai harapan
Kegunaan:untuk percantik alis",3,[Omorfo] IMPLORA Eyebrow Pencil 2in1 Original BPOM | Pensil Alis Black Brown Dark Brown Grey Brown Plus Rautan Spoolia Brush,makeup,2024-06-24
9361573377,Mksih brangnya udh smpai dri kemarin tpi Aku pesannya yg implora mlah kirimnya xi xiu  gimna sih 😓,3,[Omorfo] IMPLORA Eyebrow Pencil 2in1 Original BPOM | Pensil Alis Black Brown Dark Brown Grey Brown Plus Rautan Spoolia Brush,makeup,2022-08-24
9800085692,Ini saya mesennya dark brown kok yg dteng malah soft brown sih💔,3,[Omorfo] IMPLORA Eyebrow Pencil 2in1 Original BPOM | Pensil Alis Black Brown Dark Brown Grey Brown Plus Rautan Spoolia Brush,makeup,2022-10-13
13528826046,"Performa:adminnya slow respon banget banget bangettt, chat ga di bales berhari hari dan tiba tiba nginfoin kalo beberapa shade kosong jadi mau ganti shade. Bad lah buat pelayanannya, untuk pengiriman lumayan cepat",3,[Omorfo] IMPLORA Eyebrow Pencil 2in1 Original BPOM | Pensil Alis Black Brown Dark Brown Grey Brown Plus Rautan Spoolia Brush,makeup,2023-12-13
11347512536,brang nya cpt sampaii,3,[Omorfo] IMPLORA Eyebrow Pencil 2in1 Original BPOM | Pensil Alis Black Brown Dark Brown Grey Brown Plus Rautan Spoolia Brush,makeup,2023-04-25
15372364170,pesan instan 2 jam dari kemarin jam setengah tiga tapi diantar baru hari in,3,[Omorfo] IMPLORA Eyebrow Pencil 2in1 Original BPOM | Pensil Alis Black Brown Dark Brown Grey Brown Plus Rautan Spoolia Brush,makeup,2024-06-01
11571341961,Kemasan:tahan lama,3,[Omorfo] IMPLORA Eyebrow Pencil 2in1 Original BPOM | Pensil Alis Black Brown Dark Brown Grey Brown Plus Rautan Spoolia Brush,makeup,2023-05-24
12568069855,Pengemasan terlama semenjak beli online betul betul pengemasan 3 hari pdhl sdikit aja sya pesan,3,[Omorfo] IMPLORA Eyebrow Pencil 2in1 Original BPOM | Pensil Alis Black Brown Dark Brown Grey Brown Plus Rautan Spoolia Brush,makeup,2023-09-13
14435454808,Baguss tpi packingnya bintang 1 skwkw ndda pke bubble wrap alhasill beleber isi paketnyaa termasuk HB marina yng ku pesana,3,[Omorfo] IMPLORA Eyebrow Pencil 2in1 Original BPOM | Pensil Alis Black Brown Dark Brown Grey Brown Plus Rautan Spoolia Brush,makeup,2024-03-07
6911185236,"Warna:sesuai hitam
Ketahanan:blm di coba smoga bagus",3,[Omorfo] IMPLORA Eyebrow Pencil 2in1 Original BPOM | Pensil Alis Black Brown Dark Brown Grey Brown Plus Rautan Spoolia Brush,makeup,2021-12-15
8356832310,"Semua pesanan lengkap, cuma agak kecewa si pesan hitam tp di kirim gray brown, baru gk ada konfirmasi sebelumnya. Adahal uda langganan si.",3,[Omorfo] IMPLORA Eyebrow Pencil 2in1 Original BPOM | Pensil Alis Black Brown Dark Brown Grey Brown Plus Rautan Spoolia Brush,makeup,2022-05-13
11146521813,Pengiriman cepat,3,[Omorfo] IMPLORA Eyebrow Pencil 2in1 Original BPOM | Pensil Alis Black Brown Dark Brown Grey Brown Plus Rautan Spoolia Brush,makeup,2023-04-01
8694277969,Bagus .sesuai yg di pesan,3,[Omorfo] IMPLORA Eyebrow Pencil 2in1 Original BPOM | Pensil Alis Black Brown Dark Brown Grey Brown Plus Rautan Spoolia Brush,makeup,2022-06-16
6235192788,"Aku mintanya warna black, tapi yang datang dark brown
Tapi ya udahlah",3,[Omorfo] IMPLORA Eyebrow Pencil 2in1 Original BPOM | Pensil Alis Black Brown Dark Brown Grey Brown Plus Rautan Spoolia Brush,makeup,2021-10-10
55680673733,overall oke sih cuman sayangg ajaa pensil alisnya salah kirim yang harusnya grey brown yang dikirim malah BROWN padahal lagi urgent bangett tp yaudahlah,3,[Omorfo] IMPLORA Eyebrow Pencil 2in1 Original BPOM | Pensil Alis Black Brown Dark Brown Grey Brown Plus Rautan Spoolia Brush,makeup,2025-07-01
16229761502,Pensil alisnya tdk ada. Mungkin sold out tpi di aplikasi masih ada. Dikembalikan uang. Padahal lgi butuh pensil alis🥹,3,[Omorfo] IMPLORA Eyebrow Pencil 2in1 Original BPOM | Pensil Alis Black Brown Dark Brown Grey Brown Plus Rautan Spoolia Brush,makeup,2024-08-19
64542780033,"Tekstur:baik
Warna:brown

Sesuai",3,[Omorfo] IMPLORA Eyebrow Pencil 2in1 Original BPOM | Pensil Alis Black Brown Dark Brown Grey Brown Plus Rautan Spoolia Brush,makeup,2025-07-30
11928782571,Cocok Untuk:bagus,3,[Omorfo] IMPLORA Eyebrow Pencil 2in1 Original BPOM | Pensil Alis Black Brown Dark Brown Grey Brown Plus Rautan Spoolia Brush,makeup,2023-07-07
20538013259,Tidak sesuai yg di pesan dengan barang yg datang,3,[Omorfo] IMPLORA Eyebrow Pencil 2in1 Original BPOM | Pensil Alis Black Brown Dark Brown Grey Brown Plus Rautan Spoolia Brush,makeup,2024-12-05
31222820055,pesan warna hitam datang warna lain,3,[Omorfo] IMPLORA Eyebrow Pencil 2in1 Original BPOM | Pensil Alis Black Brown Dark Brown Grey Brown Plus Rautan Spoolia Brush,makeup,2025-02-18
16663196762,"pelayanannya kurang, paket tdk lengkap",3,[Omorfo] IMPLORA Eyebrow Pencil 2in1 Original BPOM | Pensil Alis Black Brown Dark Brown Grey Brown Plus Rautan Spoolia Brush,makeup,2024-09-21
9825096680,Tidak tersegel mi🫢,3,[Omorfo] IMPLORA Eyebrow Pencil 2in1 Original BPOM | Pensil Alis Black Brown Dark Brown Grey Brown Plus Rautan Spoolia Brush,makeup,2022-10-16
42945982661,Brg tdk d krm🙏,3,[Omorfo] IMPLORA Eyebrow Pencil 2in1 Original BPOM | Pensil Alis Black Brown Dark Brown Grey Brown Plus Rautan Spoolia Brush,makeup,2025-05-17
11413263607,Pensil alisnya kurang 1,3,[Omorfo] IMPLORA Eyebrow Pencil 2in1 Original BPOM | Pensil Alis Black Brown Dark Brown Grey Brown Plus Rautan Spoolia Brush,makeup,2023-05-04
75332012581,Soflens nya nggak ada wadahnya,3,[Omorfo] IMPLORA Eyebrow Pencil 2in1 Original BPOM | Pensil Alis Black Brown Dark Brown Grey Brown Plus Rautan Spoolia Brush,makeup,2025-09-30
65429385723,"Tekstur:padat
Warna:brown
Kegunaan:alis

Tpi di alis ku jd kyk coklat kemerah2an 😁🤭 mgkin emang cocok2an yak..",3,[Omorfo] IMPLORA Eyebrow Pencil 2in1 Original BPOM | Pensil Alis Black Brown Dark Brown Grey Brown Plus Rautan Spoolia Brush,makeup,2025-08-04
6413973872,"Warna:black
Kenyamanan aplikator:nyaman komplit dgn brush alisnya

Pensilnya dah komplit brush dan serutan. Untuk awetnya blm tau yaa soalnya baru nyoba dan blm liat hasil katahanannya. Over all produk implora cocok di kantong dan good quality.ini penilaian produk ya, jujur kl untuk pelayanan toko sy bakalan ksh bintang 1",4,[Omorfo] IMPLORA Eyebrow Pencil 2in1 Original BPOM | Pensil Alis Black Brown Dark Brown Grey Brown Plus Rautan Spoolia Brush,makeup,2021-10-27
9588553523,Bagus pensil alisnya cuma salah beli warna jdi kurang cocok di alis aku yg hitam tebal,4,[Omorfo] IMPLORA Eyebrow Pencil 2in1 Original BPOM | Pensil Alis Black Brown Dark Brown Grey Brown Plus Rautan Spoolia Brush,makeup,2022-09-17
10906566498,"pengiriman cepat, packing rapi
sedikit kecewa karena pesan 3 softbrow shade darkbrown tp dikirim 3 shade darkbrown yg biasa :(",4,[Omorfo] IMPLORA Eyebrow Pencil 2in1 Original BPOM | Pensil Alis Black Brown Dark Brown Grey Brown Plus Rautan Spoolia Brush,makeup,2023-03-03
15936328060,"Tekstur:ringan dan sangat nyaman dipakai
Warna:lembut dan sesuai gambar
Kegunaan:sangat cocok digunakan sehari hari

ini pensil alis ny sdh oke tp di rautan pensil ny mudah rusak (pecah)",4,[Omorfo] IMPLORA Eyebrow Pencil 2in1 Original BPOM | Pensil Alis Black Brown Dark Brown Grey Brown Plus Rautan Spoolia Brush,makeup,2024-07-23
21292767768,"Tekstur:lembut
Warna:coklat tua
Kegunaan:ngalis😭

Produk datang dengan aman, bubble wrabnya tebal. Semua pesanan juga lengkap tidak kurang satupun. Pengiriman juga lumayan cepat👍👍",4,[Omorfo] IMPLORA Eyebrow Pencil 2in1 Original BPOM | Pensil Alis Black Brown Dark Brown Grey Brown Plus Rautan Spoolia Brush,makeup,2024-12-07
6553779541,"Warna:bagus
Kenyamanan aplikator:bagus
Ketahanan:bagus

Bagus secara keseluruhan, tpi bagian atasnya lepas.. its okay lahh",4,[Omorfo] IMPLORA Eyebrow Pencil 2in1 Original BPOM | Pensil Alis Black Brown Dark Brown Grey Brown Plus Rautan Spoolia Brush,makeup,2021-11-11
12221528399,"Masyallah selama di susel disini terus belanja kosmetik online ku, amanah sekali, makasih 🥰🥰",4,[Omorfo] IMPLORA Eyebrow Pencil 2in1 Original BPOM | Pensil Alis Black Brown Dark Brown Grey Brown Plus Rautan Spoolia Brush,makeup,2023-08-09
13499570184,"Cocok Untuk:alis
Tekstur:bagus
Performa:elegan

Recommended inimah dengan harga segitu",4,[Omorfo] IMPLORA Eyebrow Pencil 2in1 Original BPOM | Pensil Alis Black Brown Dark Brown Grey Brown Plus Rautan Spoolia Brush,makeup,2023-12-11
12559705508,"Paketnya sudah sampai, pensil alisnya bagus dan murah, pengiriman aman",4,[Omorfo] IMPLORA Eyebrow Pencil 2in1 Original BPOM | Pensil Alis Black Brown Dark Brown Grey Brown Plus Rautan Spoolia Brush,makeup,2023-09-12
16297153936,"Kualitas produk baik, harga produk sesuai, kecepatan pengiriman",4,[Omorfo] IMPLORA Eyebrow Pencil 2in1 Original BPOM | Pensil Alis Black Brown Dark Brown Grey Brown Plus Rautan Spoolia Brush,makeup,2024-08-25
40563327652,"Tekstur:sesuai harapan
Warna:bagus
Kegunaan:pemakaian sehari hari

bagus, sesuai harapan",4,[Omorfo] IMPLORA Eyebrow Pencil 2in1 Original BPOM | Pensil Alis Black Brown Dark Brown Grey Brown Plus Rautan Spoolia Brush,makeup,2025-05-03
13998094453,"Cocok Untuk:semua
Tekstur:padat
Performa:baik

Barngnya lengkap, cocok semua nga ada yg slah shade. Agak lama nyampenya tapi dimaklumin.",4,[Omorfo] IMPLORA Eyebrow Pencil 2in1 Original BPOM | Pensil Alis Black Brown Dark Brown Grey Brown Plus Rautan Spoolia Brush,makeup,2024-01-26
65117677231,"Tekstur:bagus
Warna:sesuai
Kegunaan:cocok untuk bikin alis pemula

baguss, sesuai lah",4,[Omorfo] IMPLORA Eyebrow Pencil 2in1 Original BPOM | Pensil Alis Black Brown Dark Brown Grey Brown Plus Rautan Spoolia Brush,makeup,2025-08-02
13951366710,Sebelumnya sudah di chat di ingatkan untuk periksa kembali kelayakan produk sebelum di kirim. Ini penutupnya pecah,4,[Omorfo] IMPLORA Eyebrow Pencil 2in1 Original BPOM | Pensil Alis Black Brown Dark Brown Grey Brown Plus Rautan Spoolia Brush,makeup,2024-01-21
74357499639,"Tekstur:cukup memuaskan sesuai ekspektasi
Warna:dark brown, baguss sii
Kegunaan:belajar ngaliss",4,[Omorfo] IMPLORA Eyebrow Pencil 2in1 Original BPOM | Pensil Alis Black Brown Dark Brown Grey Brown Plus Rautan Spoolia Brush,makeup,2025-09-20
16390336570,"Tekstur:cukup memuaskan
Warna:dark brown
Kegunaan:untuk alis

Udah lama pake implora menurut bagus karena agak padet tdk terlalu lembek juga jadi gampang ngebentuk",4,[Omorfo] IMPLORA Eyebrow Pencil 2in1 Original BPOM | Pensil Alis Black Brown Dark Brown Grey Brown Plus Rautan Spoolia Brush,makeup,2024-09-02
12327542245,"Produk sesuai, pengemasan g pake bubble warp, dan pengiriman lumayan cepat",4,[Omorfo] IMPLORA Eyebrow Pencil 2in1 Original BPOM | Pensil Alis Black Brown Dark Brown Grey Brown Plus Rautan Spoolia Brush,makeup,2023-08-19
6760231162,"Warna:sesuai 
Kenyamanan aplikator:7/10
Ketahanan:lumayan

Sesuai 👍",4,[Omorfo] IMPLORA Eyebrow Pencil 2in1 Original BPOM | Pensil Alis Black Brown Dark Brown Grey Brown Plus Rautan Spoolia Brush,makeup,2021-11-30
12353604315,"Performa:bagus
Tekstur:padat
Cocok Untuk:alis

Pensil alis implora warna dark brown. Membuat alis terang",4,[Omorfo] IMPLORA Eyebrow Pencil 2in1 Original BPOM | Pensil Alis Black Brown Dark Brown Grey Brown Plus Rautan Spoolia Brush,makeup,2023-08-22
13368472264,"Performa:kok ga harum yah?

Bingung sih kok gak se harum yang kemasan kecilnya,buat pensil ailisnya bagus sih",4,[Omorfo] IMPLORA Eyebrow Pencil 2in1 Original BPOM | Pensil Alis Black Brown Dark Brown Grey Brown Plus Rautan Spoolia Brush,makeup,2023-11-29
9278261664,"Tekstur:bagus
Performa:bagus
Cocok Untuk:bagus

Sy suka yg dark cmn mmng habis",4,[Omorfo] IMPLORA Eyebrow Pencil 2in1 Original BPOM | Pensil Alis Black Brown Dark Brown Grey Brown Plus Rautan Spoolia Brush,makeup,2022-08-15
28936583283,"Warna:black
Kegunaan:cocok pake hari2

Pengirimannya cpt ya kirain bsk Bru smpai skg tdi Bru DTG aplgi Bru kmrin dipesan",4,[Omorfo] IMPLORA Eyebrow Pencil 2in1 Original BPOM | Pensil Alis Black Brown Dark Brown Grey Brown Plus Rautan Spoolia Brush,makeup,2025-01-19
7736149497,"Paket sudah sampai, pengiriman juga cepat sampainya.....",4,[Omorfo] IMPLORA Eyebrow Pencil 2in1 Original BPOM | Pensil Alis Black Brown Dark Brown Grey Brown Plus Rautan Spoolia Brush,makeup,2022-03-12
15964676025,sampai dengan selamaatt pesen kemarin datengnya hari iniii karena satu kotaa❤️‼️ semoga dalemnya ga patah patah pensil alisnyaa hehe,4,[Omorfo] IMPLORA Eyebrow Pencil 2in1 Original BPOM | Pensil Alis Black Brown Dark Brown Grey Brown Plus Rautan Spoolia Brush,makeup,2024-07-26
10893436849,"Performa:bagus
Cocok Untuk:bagus
Tekstur:padat lah

Bagus pensil alisnya udah ada pengkorok nya juga. Untuk penjual nya harus gercep ya balas chat pelanggan jgn mau di spam baru di bales",4,[Omorfo] IMPLORA Eyebrow Pencil 2in1 Original BPOM | Pensil Alis Black Brown Dark Brown Grey Brown Plus Rautan Spoolia Brush,makeup,2023-03-02
16663140587,"Tekstur:belum di coba
Warna:putih
Kegunaan:semoga cocok

Overall ini bagus, tapi packingnya kurang safety, ga ada yang rusak atau patah tapi ini terlalu asal asalan, semoga kedepannya lebih di perhatian lagi, kalau cocok next bakalan order lagi",4,[Omorfo] IMPLORA Eyebrow Pencil 2in1 Original BPOM | Pensil Alis Black Brown Dark Brown Grey Brown Plus Rautan Spoolia Brush,makeup,2024-09-21
17696903464,"Yg lain sesuai cuma insole sepatunya yg tdk sesuai, dipesan kupu yg datang sayap",4,[Omorfo] IMPLORA Eyebrow Pencil 2in1 Original BPOM | Pensil Alis Black Brown Dark Brown Grey Brown Plus Rautan Spoolia Brush,makeup,2024-11-02
9861596305,Pesanan aman cuman salah kirim shade. Aku pesan yg darkbrown tpi yg dikrim soft brown,4,[Omorfo] IMPLORA Eyebrow Pencil 2in1 Original BPOM | Pensil Alis Black Brown Dark Brown Grey Brown Plus Rautan Spoolia Brush,makeup,2022-10-20
14580819208,Bismillah paket sudah sampai dengan aman dan sesuai pesan dong 😊🥰🥰,4,[Omorfo] IMPLORA Eyebrow Pencil 2in1 Original BPOM | Pensil Alis Black Brown Dark Brown Grey Brown Plus Rautan Spoolia Brush,makeup,2024-03-20
6858092211,"Alhamdulillah ,sesuai pezanan,semoga berkah amiin ya allah",4,[Omorfo] IMPLORA Eyebrow Pencil 2in1 Original BPOM | Pensil Alis Black Brown Dark Brown Grey Brown Plus Rautan Spoolia Brush,makeup,2021-12-10
9406915938,"Tekstur:Lembut
Performa:baik
Cocok Untuk:alis

Baik, BAGUS",4,[Omorfo] IMPLORA Eyebrow Pencil 2in1 Original BPOM | Pensil Alis Black Brown Dark Brown Grey Brown Plus Rautan Spoolia Brush,makeup,2022-08-29
18329101064,"Tekstur:bagus
Warna:bagus
Kegunaan:serah dah

Warnanya beda dengan yang saya pesan, harusnya yang datang dark brown sesuai dengan pesanan saya tapi yang datang malah warna yang lain. Tapi gpp warnanya bagus kok🙃",4,[Omorfo] IMPLORA Eyebrow Pencil 2in1 Original BPOM | Pensil Alis Black Brown Dark Brown Grey Brown Plus Rautan Spoolia Brush,makeup,2024-11-13
12924609479,"Tekstur:baik
Performa:baik

Pengiriman nya lambat banget , pdhl Sama sama daerah Makassar. Lelet🙏🏻",4,[Omorfo] IMPLORA Eyebrow Pencil 2in1 Original BPOM | Pensil Alis Black Brown Dark Brown Grey Brown Plus Rautan Spoolia Brush,makeup,2023-10-19
15312482171,"Tekstur:bagus
Warna:coklat
Kegunaan:bagus

Harganya disini murah murah, pensil alisnya susah diruncing atau mungkin saya belum tau cara pake nya atau gimana ya,,,,, Alhamdulillah mesan disini juga cepat sampai, cuman yang kadang bikin lucu pengemasannya pake plastik tipis padahal isinya kosmetik hehe, untungnya dibungkus lagi dalam karton jadi tetap aman barangnya, insyaa Allah kalo beli kosmetik pesan kesini lagi. ini sudah mesan kedua kalinya. Mantap",4,[Omorfo] IMPLORA Eyebrow Pencil 2in1 Original BPOM | Pensil Alis Black Brown Dark Brown Grey Brown Plus Rautan Spoolia Brush,makeup,2024-05-26
11872340744,"Performa:Bagus
Tekstur:Bagus
Cocok Untuk:Kulit berminyak

Barang sampai dengan selamat dan tidak rusak. Pengiriman cepat",4,[Omorfo] IMPLORA Eyebrow Pencil 2in1 Original BPOM | Pensil Alis Black Brown Dark Brown Grey Brown Plus Rautan Spoolia Brush,makeup,2023-07-01
15404730054,"Listip nya sangat bagus 
pengemasan rapi
 cuma listip yg ku pesan kosong TPI gak apa2 karna  SDH di ganti pake uang",4,[Omorfo] IMPLORA Eyebrow Pencil 2in1 Original BPOM | Pensil Alis Black Brown Dark Brown Grey Brown Plus Rautan Spoolia Brush,makeup,2024-06-05
11551422971,"Manfaat:makeup
Kemasan:rapi

Brush nya agak sedikit lecet... Beberapa ada yg bulunya kecabut ...but overall bagus, pengemasan cepat",4,[Omorfo] IMPLORA Eyebrow Pencil 2in1 Original BPOM | Pensil Alis Black Brown Dark Brown Grey Brown Plus Rautan Spoolia Brush,makeup,2023-05-21
9809193219,"Tekstur:baik
Performa:oke
Cocok Untuk:alis

Suka sihh tapi kurang suka bentuk sikatnya keras nyakitin gitu",4,[Omorfo] IMPLORA Eyebrow Pencil 2in1 Original BPOM | Pensil Alis Black Brown Dark Brown Grey Brown Plus Rautan Spoolia Brush,makeup,2022-10-14
12739448001,"Cocok Untuk:alis
Performa:baguss
Tekstur:kering",4,[Omorfo] IMPLORA Eyebrow Pencil 2in1 Original BPOM | Pensil Alis Black Brown Dark Brown Grey Brown Plus Rautan Spoolia Brush,makeup,2023-10-02
16382902710,Pengiriman cepat...pokoknya tdk mengecewakan...,4,[Omorfo] IMPLORA Eyebrow Pencil 2in1 Original BPOM | Pensil Alis Black Brown Dark Brown Grey Brown Plus Rautan Spoolia Brush,makeup,2024-09-02
3198071069,"Alhamdulillah barang sdh sampai.. Produk d kirim sesuai pesanan tapi pengiriman agak lama, pesan tgl 13 pagi sampai tgl 16.. Terima kasih.",4,[Omorfo] IMPLORA Eyebrow Pencil 2in1 Original BPOM | Pensil Alis Black Brown Dark Brown Grey Brown Plus Rautan Spoolia Brush,makeup,2020-10-16
9581135283,"Tekstur:bgs
Cocok Untuk:bgs

Bagus sihh , lumayan. Cmn lama pengemasan",4,[Omorfo] IMPLORA Eyebrow Pencil 2in1 Original BPOM | Pensil Alis Black Brown Dark Brown Grey Brown Plus Rautan Spoolia Brush,makeup,2022-09-16
34331159899,Bagus bnget,4,[Omorfo] IMPLORA Eyebrow Pencil 2in1 Original BPOM | Pensil Alis Black Brown Dark Brown Grey Brown Plus Rautan Spoolia Brush,makeup,2025-03-26
7614737035,"Warna:hitam
Kenyamanan aplikator:belum di coba
Ketahanan:blm tau",4,[Omorfo] IMPLORA Eyebrow Pencil 2in1 Original BPOM | Pensil Alis Black Brown Dark Brown Grey Brown Plus Rautan Spoolia Brush,makeup,2022-02-28
30351241166,"Tekstur:sesuai harapan
Warna:cantik cocok
Kegunaan:bagus untuk buat alis natural",4,[Omorfo] IMPLORA Eyebrow Pencil 2in1 Original BPOM | Pensil Alis Black Brown Dark Brown Grey Brown Plus Rautan Spoolia Brush,makeup,2025-02-06
12899470709,"Cocok Untuk:Alis
Tekstur:Belum Coba

Alhamdulillah Paket sudah sampai",4,[Omorfo] IMPLORA Eyebrow Pencil 2in1 Original BPOM | Pensil Alis Black Brown Dark Brown Grey Brown Plus Rautan Spoolia Brush,makeup,2023-10-16
17159641210,"Tekstur:bagus
Warna:bagus sesuai pesanan
Kegunaan:pensil alis",4,[Omorfo] IMPLORA Eyebrow Pencil 2in1 Original BPOM | Pensil Alis Black Brown Dark Brown Grey Brown Plus Rautan Spoolia Brush,makeup,2024-10-14
14430921615,"Performa:bagus
Cocok Untuk:perawatan kulit

Alhamdulillah tokonya amanah",4,[Omorfo] IMPLORA Eyebrow Pencil 2in1 Original BPOM | Pensil Alis Black Brown Dark Brown Grey Brown Plus Rautan Spoolia Brush,makeup,2024-03-07
12779937293,"Alhamdulillah sudah sampai, selama di makassar order makeup online di sini terus",4,[Omorfo] IMPLORA Eyebrow Pencil 2in1 Original BPOM | Pensil Alis Black Brown Dark Brown Grey Brown Plus Rautan Spoolia Brush,makeup,2023-10-06
10915298526,"Mohon maaf saya kasih bintang 1 untuk pelayanannya, karena barang saya sudah di kembalikan kurir ke toko tapi pembayaran saya tetap berjalan, saya chat pihak olshop tapi tidak di gubris.. Agak kecewa🙏🏻",4,[Omorfo] IMPLORA Eyebrow Pencil 2in1 Original BPOM | Pensil Alis Black Brown Dark Brown Grey Brown Plus Rautan Spoolia Brush,makeup,2023-03-04
8479433979,"Ketahanan:Yo Ndak tau
Warna:hitam

Packing barangnya aman terkendali okelah",4,[Omorfo] IMPLORA Eyebrow Pencil 2in1 Original BPOM | Pensil Alis Black Brown Dark Brown Grey Brown Plus Rautan Spoolia Brush,makeup,2022-05-26
25840795533,Samgat cocok digunakan untuk membentuk alis . Maaf pke foto lain,4,[Omorfo] IMPLORA Eyebrow Pencil 2in1 Original BPOM | Pensil Alis Black Brown Dark Brown Grey Brown Plus Rautan Spoolia Brush,makeup,2025-01-04
11123891279,"baguss, tapi saya pesannya yg soft tpi yg dikirim yang bukan",4,[Omorfo] IMPLORA Eyebrow Pencil 2in1 Original BPOM | Pensil Alis Black Brown Dark Brown Grey Brown Plus Rautan Spoolia Brush,makeup,2023-03-30
10043212599,"Barang tiba dengan selamat, thanks seller. .pengiriman standar",4,[Omorfo] IMPLORA Eyebrow Pencil 2in1 Original BPOM | Pensil Alis Black Brown Dark Brown Grey Brown Plus Rautan Spoolia Brush,makeup,2022-11-13
77311449149,"Tekstur:bagus
Warna:pas
Kegunaan:bagus

bagus sih cuma gatau kenapa dikasihnya sponge yang udh kempes smua 😞 pdhal lengkap smua cuma kurang itu aja sih",4,[Omorfo] IMPLORA Eyebrow Pencil 2in1 Original BPOM | Pensil Alis Black Brown Dark Brown Grey Brown Plus Rautan Spoolia Brush,makeup,2025-10-23
17582910010,Bagus si tpi pesanan pensil alis.x gak ada jd uangx di ampopin ...gak pa2h sih bagus,4,[Omorfo] IMPLORA Eyebrow Pencil 2in1 Original BPOM | Pensil Alis Black Brown Dark Brown Grey Brown Plus Rautan Spoolia Brush,makeup,2024-10-28
6420351153,"barangnya sudah sampai
sesuai warna darkbrown
terimakasih",4,[Omorfo] IMPLORA Eyebrow Pencil 2in1 Original BPOM | Pensil Alis Black Brown Dark Brown Grey Brown Plus Rautan Spoolia Brush,makeup,2021-10-28
13729633382,Grey Brown,4,[Omorfo] IMPLORA Eyebrow Pencil 2in1 Original BPOM | Pensil Alis Black Brown Dark Brown Grey Brown Plus Rautan Spoolia Brush,makeup,2023-12-31
14370852652,"Performa:biasa saja
Tekstur:biasa saja
Cocok Untuk:teksturx basah

Teksturx basah",4,[Omorfo] IMPLORA Eyebrow Pencil 2in1 Original BPOM | Pensil Alis Black Brown Dark Brown Grey Brown Plus Rautan Spoolia Brush,makeup,2024-03-02
7803440717,Ini lumayan,4,[Omorfo] IMPLORA Eyebrow Pencil 2in1 Original BPOM | Pensil Alis Black Brown Dark Brown Grey Brown Plus Rautan Spoolia Brush,makeup,2022-03-19
30564302906,"Bagus,dan packingan rapi",4,[Omorfo] IMPLORA Eyebrow Pencil 2in1 Original BPOM | Pensil Alis Black Brown Dark Brown Grey Brown Plus Rautan Spoolia Brush,makeup,2025-02-09
11773445678,"Cocok Untuk:cilla
Performa:blm dcoba",4,[Omorfo] IMPLORA Eyebrow Pencil 2in1 Original BPOM | Pensil Alis Black Brown Dark Brown Grey Brown Plus Rautan Spoolia Brush,makeup,2023-06-18
12722446529,"Sangat baik, sangat baik",4,[Omorfo] IMPLORA Eyebrow Pencil 2in1 Original BPOM | Pensil Alis Black Brown Dark Brown Grey Brown Plus Rautan Spoolia Brush,makeup,2023-09-30
12047964794,baik,4,[Omorfo] IMPLORA Eyebrow Pencil 2in1 Original BPOM | Pensil Alis Black Brown Dark Brown Grey Brown Plus Rautan Spoolia Brush,makeup,2023-07-20
11553786594,"Terimakasih kak, maaf tidak sempat kefoto karna sudah diambil sama yang pesan",4,[Omorfo] IMPLORA Eyebrow Pencil 2in1 Original BPOM | Pensil Alis Black Brown Dark Brown Grey Brown Plus Rautan Spoolia Brush,makeup,2023-05-21
17648698375,Okee ddh,4,[Omorfo] IMPLORA Eyebrow Pencil 2in1 Original BPOM | Pensil Alis Black Brown Dark Brown Grey Brown Plus Rautan Spoolia Brush,makeup,2024-11-01
13410238733,"Sayangnya pensil alisnya lupa dikirim, padahal ada di struk belanja",4,[Omorfo] IMPLORA Eyebrow Pencil 2in1 Original BPOM | Pensil Alis Black Brown Dark Brown Grey Brown Plus Rautan Spoolia Brush,makeup,2023-12-02
15921101114,"Tekstur:memuaskan
Warna:brown
Kegunaan:baik",4,[Omorfo] IMPLORA Eyebrow Pencil 2in1 Original BPOM | Pensil Alis Black Brown Dark Brown Grey Brown Plus Rautan Spoolia Brush,makeup,2024-07-22
9786632080,Pesannya implora tapi xixiu,4,[Omorfo] IMPLORA Eyebrow Pencil 2in1 Original BPOM | Pensil Alis Black Brown Dark Brown Grey Brown Plus Rautan Spoolia Brush,makeup,2022-10-12
15224427988,B aja,4,[Omorfo] IMPLORA Eyebrow Pencil 2in1 Original BPOM | Pensil Alis Black Brown Dark Brown Grey Brown Plus Rautan Spoolia Brush,makeup,2024-05-17
10173203027,Bagus,4,[Omorfo] IMPLORA Eyebrow Pencil 2in1 Original BPOM | Pensil Alis Black Brown Dark Brown Grey Brown Plus Rautan Spoolia Brush,makeup,2022-11-28
11660998282,Manfaat:untuk alis,4,[Omorfo] IMPLORA Eyebrow Pencil 2in1 Original BPOM | Pensil Alis Black Brown Dark Brown Grey Brown Plus Rautan Spoolia Brush,makeup,2023-06-05
16550123023,aku pesannya  brow pop dikirimnya brow pencill😄.,4,[Omorfo] IMPLORA Eyebrow Pencil 2in1 Original BPOM | Pensil Alis Black Brown Dark Brown Grey Brown Plus Rautan Spoolia Brush,makeup,2024-09-12
11864859384,Tekstur:bagus,4,[Omorfo] IMPLORA Eyebrow Pencil 2in1 Original BPOM | Pensil Alis Black Brown Dark Brown Grey Brown Plus Rautan Spoolia Brush,makeup,2023-06-30
9702150067,"Cocok Untuk:remaja
Tekstur:encer
Performa:bagus",4,[Omorfo] IMPLORA Eyebrow Pencil 2in1 Original BPOM | Pensil Alis Black Brown Dark Brown Grey Brown Plus Rautan Spoolia Brush,makeup,2022-10-01
13537919166,pensil alis tidak sesuai yang datang,4,[Omorfo] IMPLORA Eyebrow Pencil 2in1 Original BPOM | Pensil Alis Black Brown Dark Brown Grey Brown Plus Rautan Spoolia Brush,makeup,2023-12-14
18392758572,Kurirnya sangat tidak sopan,4,[Omorfo] IMPLORA Eyebrow Pencil 2in1 Original BPOM | Pensil Alis Black Brown Dark Brown Grey Brown Plus Rautan Spoolia Brush,makeup,2024-11-14
69267103000,Tekstur:oke,4,[Omorfo] IMPLORA Eyebrow Pencil 2in1 Original BPOM | Pensil Alis Black Brown Dark Brown Grey Brown Plus Rautan Spoolia Brush,makeup,2025-08-22
31593140256,"Tekstur:lembut dan mudah d aplikasikan
Warna:sesuai pesanan
Kegunaan:bagus di bentuk d alis

Harga murah",4,[Omorfo] IMPLORA Eyebrow Pencil 2in1 Original BPOM | Pensil Alis Black Brown Dark Brown Grey Brown Plus Rautan Spoolia Brush,makeup,2025-02-26
48695523602,"Tekstur:okok
Warna:ok
Kegunaan:ok

Terima kasih seller. Barang tiba dengan baik. Lumayan sesuai harga.",4,[Omorfo] IMPLORA Eyebrow Pencil 2in1 Original BPOM | Pensil Alis Black Brown Dark Brown Grey Brown Plus Rautan Spoolia Brush,makeup,2025-06-14
15096981459,"Performa:bgus
Cocok Untuk:alis mata
Tekstur:sesuai

Kali ini nyoba 2 warna dan cocok. Sama saya terpakai berbulan2 sih😍",4,[Omorfo] IMPLORA Eyebrow Pencil 2in1 Original BPOM | Pensil Alis Black Brown Dark Brown Grey Brown Plus Rautan Spoolia Brush,makeup,2024-05-06
11750496035,"Performa:baik
Tekstur:soft

Kukira warnanya yg soft ternyata pensilnya wkwkk",4,[Omorfo] IMPLORA Eyebrow Pencil 2in1 Original BPOM | Pensil Alis Black Brown Dark Brown Grey Brown Plus Rautan Spoolia Brush,makeup,2023-06-15
23260853007,"Tekstur:sesuai
Warna:sesuai
Kegunaan:for alis tampak lebih ber volume

Repeat order kesekian kalinya",4,[Omorfo] IMPLORA Eyebrow Pencil 2in1 Original BPOM | Pensil Alis Black Brown Dark Brown Grey Brown Plus Rautan Spoolia Brush,makeup,2024-12-17
13214564497,"Cocok Untuk:muka
Performa:bagus
Tekstur:bagus

Bagus cuma pesan warna hitam yang datang biru next pesan lagi di sini pengirimannya cepat",4,[Omorfo] IMPLORA Eyebrow Pencil 2in1 Original BPOM | Pensil Alis Black Brown Dark Brown Grey Brown Plus Rautan Spoolia Brush,makeup,2023-11-15
10009374273,Paketnya yang datang salah yang dikirim soft brow bukan soft black.,4,[Omorfo] IMPLORA Eyebrow Pencil 2in1 Original BPOM | Pensil Alis Black Brown Dark Brown Grey Brown Plus Rautan Spoolia Brush,makeup,2022-11-09
15686491798,"Warna:blacknya pekat
Kegunaan:untuk membuat alis

Respon penjual baik dan produk dikemas dengan rapi.",4,[Omorfo] IMPLORA Eyebrow Pencil 2in1 Original BPOM | Pensil Alis Black Brown Dark Brown Grey Brown Plus Rautan Spoolia Brush,makeup,2024-07-01
15242582497,"Manfaat:membuat alis lebih terang( ada wrnanya)
Efek:good
Pengalaman Penggunaan:sejauh ini bgus2 aja",4,[Omorfo] IMPLORA Eyebrow Pencil 2in1 Original BPOM | Pensil Alis Black Brown Dark Brown Grey Brown Plus Rautan Spoolia Brush,makeup,2024-05-19
13144826304,"Cocok Untuk:make up

Paket dah smpe tpi pensil alisny kurang1",4,[Omorfo] IMPLORA Eyebrow Pencil 2in1 Original BPOM | Pensil Alis Black Brown Dark Brown Grey Brown Plus Rautan Spoolia Brush,makeup,2023-11-09
13239465576,Baik,4,[Omorfo] IMPLORA Eyebrow Pencil 2in1 Original BPOM | Pensil Alis Black Brown Dark Brown Grey Brown Plus Rautan Spoolia Brush,makeup,2023-11-17
13069823256,"suka, lumayan bagus untuk harga segitu",4,[Omorfo] IMPLORA Eyebrow Pencil 2in1 Original BPOM | Pensil Alis Black Brown Dark Brown Grey Brown Plus Rautan Spoolia Brush,makeup,2023-11-02
15258584189,"Tekstur:ok
Warna:ok
Kegunaan:ok",4,[Omorfo] IMPLORA Eyebrow Pencil 2in1 Original BPOM | Pensil Alis Black Brown Dark Brown Grey Brown Plus Rautan Spoolia Brush,makeup,2024-05-21
